name,ra,dec,catalog,survey_key,p_meta
s_217653_9691,63.161984290977166,-19.90307040643333,dr11,dr11,0.93345106
s_487573_4564,204.6056475114376,28.32945394736093,dr11,dr11,0.9309839
s_416616_6090,189.5370169490573,15.030894368635751,dr11,dr11,0.92760956
s_196121_2473,21.08603215128111,-24.029972475019544,dr11,dr11,0.92535293
s_229220_4478,236.28465923644256,-18.119871773900933,dr11,dr11,0.9225268
s_261234_1748,238.34676354651103,-12.267560953013538,dr11,dr11,0.92149246
s_184260_3093,348.43180656325865,-26.51498252398634,dr11,dr11,0.91278934
s_276648_1225,198.0249594264496,-9.606542095080943,dr11,dr11,0.9057484
s_15185_10500,234.6521300236984,-72.80137315227353,dr11,dr11,0.90322316
s_151884_7378,51.79733667724296,-32.77615566786053,dr11,dr11,0.90315133
s_119342_4136,50.71637335808133,-39.769382288873466,dr11,dr11,0.8995817
s_242312_4967,50.356650978663616,-15.500971147261009,dr11,dr11,0.89850867
s_187622_2848,202.27479792757967,-25.682325603853485,dr11,dr11,0.89827937
s_137557_2980,43.39714838286866,-35.79208367068634,dr11,dr11,0.8976772
s_34114_11363,353.7467998540502,-64.06865955513288,dr11,dr11,0.8973374
s_42996_3467,53.74436070576975,-60.58051934415995,dr11,dr11,0.89718896
s_71104_1356,45.13634241807407,-51.74561614266434,dr11,dr11,0.89718896
s_159801_5583,221.01592078987036,-31.247149520075588,dr11,dr11,0.8970593
s_336801_4965,168.48644183359443,1.06795290453364,dr11,dr11,0.8963222
s_364281_4525,207.31333413620197,5.630785464469515,dr11,dr11,0.8961677
s_381188_1199,144.15106462293943,8.863258333875267,dr11,dr11,0.89514554
s_422054_3465,158.0944087766645,15.88458914371609,dr11,dr11,0.8949322
s_132733_1594,349.14205096665773,-37.07363567327883,dr11,dr11,0.8949322
s_124958_7349,58.17676366369604,-38.4291530309915,dr11,dr11,0.8925813
s_193485_9670,19.19500189812031,-24.61727122276209,dr11,dr11,0.8924292
s_87091_1800,84.51931234256244,-47.58717290384825,dr11,dr11,0.89222705
s_405220_1292,136.46547709100523,13.030706224539111,dr11,dr11,0.8917687
s_351303_461,194.5344608205252,3.5357751713299965,dr11,dr11,0.89134747
s_320069_835,305.2638226341343,-1.937606042871264,dr11,dr11,0.8913349
s_52008_8091,96.59633862370536,-57.50834804911375,dr11,dr11,0.88923925
s_156771_3446,54.32192990763855,-31.870439304358044,dr11,dr11,0.8867673
s_283917_2408,235.62000732679653,-8.348999486950179,dr11,dr11,0.8861301
s_292418_3907,216.82796568655152,-6.754124035930034,dr11,dr11,0.8856224
s_318982_1451,33.53337824715371,-2.107920604150776,dr11,dr11,0.883948
s_467105_3766,266.27758408819415,24.22431702194813,dr11,dr11,0.8834987
s_196378_2819,91.34125707333152,-23.902968989890475,dr11,dr11,0.88337857
s_61472_9399,359.5199829395111,-54.67651549927191,dr11,dr11,0.88292474
s_325885_4521,319.3483211293706,-0.947773186218134,dr11,dr11,0.88274384
s_180593_5604,44.09744789441882,-27.12182678511546,dr11,dr11,0.8821649
s_472155_2350,214.6277381337712,25.18142916752248,dr11,dr11,0.8818693
s_131235_24277,240.99627521117415,-37.20725296691933,dr11,dr11,0.8815136
s_205319_6061,359.97718797355617,-22.459564427701878,dr11,dr11,0.88093895
s_191004_9637,56.93561710161365,-24.908761669756156,dr11,dr11,0.8802883
s_68464_11443,52.73725708937869,-52.47026316493762,dr11,dr11,0.87911594
s_495063_5318,182.23156941677308,29.789280229693148,dr11,dr11,0.8783052
s_441303_3876,163.48410769997272,19.392174805948645,dr11,dr11,0.8775632
s_234043_6467,58.44268218989208,-17.110912007812072,dr11,dr11,0.87743473
s_80200_6872,15.49186920062577,-49.29395006812568,dr11,dr11,0.87670356
s_235296_3732,25.64569020955313,-16.804919210545556,dr11,dr11,0.87670356
s_58263_3751,42.71791874109645,-55.40324792259129,dr11,dr11,0.87635094
s_353507_7693,26.484797723409294,4.04129301577334,dr11,dr11,0.875831
s_188493_9685,83.45557516458862,-25.615109278834368,dr11,dr11,0.87509745
s_98925_9757,16.746355380950252,-44.53378080840924,dr11,dr11,0.87509745
s_80046_1004,316.2704817314116,-49.57831506281846,dr11,dr11,0.8749262
s_139824_609,18.349206460158868,-35.30525800697416,dr11,dr11,0.87482196
s_334950_4759,65.70828374606283,0.7795804681826937,dr11,dr11,0.8744469
s_262449_2840,188.7860896366913,-11.979775852724414,dr11,dr11,0.8742251
s_61626_1035,65.17823590434007,-54.37701454964448,dr11,dr11,0.8712406
s_109525_6099,50.11683110342159,-41.98876375693487,dr11,dr11,0.87110853
s_171018_6728,216.4663078991998,-28.925306778171414,dr11,dr11,0.87073773
s_94861_9433,21.97164079601136,-45.54276220530482,dr11,dr11,0.8690802
s_304939_6952,119.79561991032992,-4.615559930256169,dr11,dr11,0.8665519
s_448277_429,217.13715579033808,20.812464052621067,dr11,dr11,0.86596686
s_41562_4180,42.24015918553729,-60.900970105655006,dr11,dr11,0.86542666
s_72024_4603,55.37838857837215,-51.51238928592954,dr11,dr11,0.86469686
s_345385_1514,154.31151234280114,2.488231151685253,dr11,dr11,0.86313343
s_91761_4679,350.36829391619926,-46.51375013328203,dr11,dr11,0.8620868
s_168964_2144,349.1902981858192,-29.39535376186178,dr11,dr11,0.8620868
s_209576_5226,65.57598322116075,-21.5460957923595,dr11,dr11,0.8617298
s_318043_1037,158.7893001298153,-2.3037192500412824,dr11,dr11,0.8614245
s_331753_3591,346.3402918810244,-0.0365852051400459,dr11,dr11,0.86123824
s_181762_9592,11.434716056365142,-26.62941348103229,dr11,dr11,0.8608387
s_114736_1046,343.5127306827532,-40.9303302399524,dr11,dr11,0.8603035
s_217653_9667,63.16155379767952,-19.90232652524877,dr11,dr11,0.8602175
s_351084_1943,139.76915912040403,3.610726780253736,dr11,dr11,0.85890365
s_98012_247,56.14624377449898,-44.79559873612024,dr11,dr11,0.85890365
s_181942_4122,61.60163762747881,-26.773319735183065,dr11,dr11,0.85890365
s_254764_528,21.54956232260472,-13.278428313561571,dr11,dr11,0.85890365
s_196041_2558,359.2962388775404,-24.245595447050096,dr11,dr11,0.8576831
s_406994_2174,231.36322833496047,13.258834851440522,dr11,dr11,0.85709316
s_137708_8345,89.95633978187688,-35.670133435884786,dr11,dr11,0.85676104
s_170155_2246,330.03919469799393,-29.12948021295591,dr11,dr11,0.8567574
s_179397_1114,68.26476523690886,-27.23982299619395,dr11,dr11,0.8566476
s_63993_10506,354.02979629582177,-53.87662184820719,dr11,dr11,0.8563048
s_67227_20310,263.8420866153116,-53.05935743461275,dr11,dr11,0.85613483
s_416616_6124,189.5380225010694,15.031176498398764,dr11,dr11,0.8548503
s_508531_2214,146.99365667215636,32.50021648805038,dr11,dr11,0.8544688
s_301694_7426,26.26788673053466,-4.9309675447982295,dr11,dr11,0.8541028
s_360639_3636,13.486755221242012,5.35899775248115,dr11,dr11,0.85177743
s_68459_7017,50.56842749902884,-52.57791038240775,dr11,dr11,0.8514438
s_458865_5248,183.4944702254697,22.771888293917307,dr11,dr11,0.851153
s_128091_3374,332.63550821634374,-37.92626359802329,dr11,dr11,0.85091954
s_232538_8716,25.275549906326727,-17.223219532648667,dr11,dr11,0.8491564
s_50415_2849,72.02209232289727,-58.12256445265845,dr11,dr11,0.848262
s_206743_10995,24.211966857737124,-22.007617835743865,dr11,dr11,0.8477204
s_107312_5223,23.845101861615813,-42.53980516963502,dr11,dr11,0.8475064
s_194944_4494,59.20445257843653,-24.14472085204786,dr11,dr11,0.84599406
s_209853_1103,139.80534312884723,-21.46042217709545,dr11,dr11,0.84583676
s_102952_10164,334.8016949083366,-43.80978581151804,dr11,dr11,0.84583676
s_90920_9419,45.95171924302469,-46.440728666768926,dr11,dr11,0.8458092
s_341950_6798,15.659705773376,1.9824477862302512,dr11,dr11,0.84572333
s_126656_24999,238.4091681532505,-38.26817792377984,dr11,dr11,0.8451526
s_214801_7929,23.92833633027094,-20.55989406866094,dr11,dr11,0.8449594
s_212207_5081,50.65971447622222,-20.95673434736605,dr11,dr11,0.8444437
s_194942_5734,58.698060051214185,-24.33749231991341,dr11,dr11,0.84386885
s_135143_9724,18.53496104506493,-36.220498666834885,dr11,dr11,0.8434344
s_217741_8211,86.52108305389773,-20.00705008799305,dr11,dr11,0.84283733
s_94959_7228,56.805380600736456,-45.58499423953458,dr11,dr11,0.8428286
s_239208_2470,324.7048098405865,-16.321854678201134,dr11,dr11,0.84188986
s_504880_4027,152.07629790922485,31.70046715146184,dr11,dr11,0.8415484
s_73880_3575,75.27790856934541,-50.9131241586775,dr11,dr11,0.8409834
s_320069_792,305.26297533260305,-1.937790653456136,dr11,dr11,0.8408218
s_280793_8827,166.8513527430954,-8.704361819305822,dr11,dr11,0.8402477
s_117855_2208,286.5335375698004,-40.24970959351897,dr11,dr11,0.8401324
s_158079_9301,77.82019567949499,-31.57560413027556,dr11,dr11,0.83999527
s_90804_9850,3.928367984450846,-46.60307246742634,dr11,dr11,0.83999527
s_208144_1255,40.866672568495495,-21.700530226235767,dr11,dr11,0.83978605
s_38835_314,56.65429950531325,-61.97923212390111,dr11,dr11,0.83944273
s_280236_3353,25.86232399459209,-8.83927067550732,dr11,dr11,0.8394086
s_365726_1734,209.94739679613937,6.066805291686613,dr11,dr11,0.8391261
s_137518_1133,31.35876681240539,-35.66317638998012,dr11,dr11,0.83911484
s_353585_141,45.82218824397957,3.9613097421620576,dr11,dr11,0.8389967
s_304994_4662,133.55309005978958,-4.402561717012598,dr11,dr11,0.8387436
s_466576_4566,121.6738339962061,24.355680296552848,dr11,dr11,0.8386757
s_412701_1124,258.8922579238124,14.2566559836886,dr11,dr11,0.8385522
s_384032_2232,143.3887173226898,9.321944732757943,dr11,dr11,0.8384396
s_243378_3831,326.5169878860748,-15.49639445874732,dr11,dr11,0.8382822
s_280264_9147,33.105098908179016,-8.86969872224337,dr11,dr11,0.8380281
s_498692_536,148.77166248102446,30.5418239674446,dr11,dr11,0.8378897
s_113631_4449,338.5893670104596,-41.177819587529925,dr11,dr11,0.83773863
s_230539_4159,222.0715291673003,-17.84887816968979,dr11,dr11,0.8373038
s_81254_12458,57.33133953770485,-48.9592228760168,dr11,dr11,0.8367479
s_130457_3389,357.3934267376907,-37.576505248274,dr11,dr11,0.83671737
s_127189_6698,47.335766199438936,-38.09604543106672,dr11,dr11,0.8360684
s_260341_325,9.97977687915724,-12.209696759270388,dr11,dr11,0.83574134
s_32666_3537,248.1383173821065,-64.6155338425161,dr11,dr11,0.8354066
s_401114_145,165.68756632362386,12.186350176266298,dr11,dr11,0.8351167
s_171849_5105,93.3018147446188,-28.821369470730254,dr11,dr11,0.8349085
s_73683_6069,357.37534117117247,-51.22755237913434,dr11,dr11,0.83485305
s_441355_1188,177.1380728666007,19.50087773853335,dr11,dr11,0.8343629
s_253079_8890,309.0763000818176,-13.62541087947345,dr11,dr11,0.8342823
s_329032_842,26.01675996647185,-0.12956915176671,dr11,dr11,0.8340679
s_60635_2284,357.90866512097915,-54.88169079115094,dr11,dr11,0.8337074
s_495714_5315,9.49849783319748,29.884476185718437,dr11,dr11,0.83272225
s_410935_2097,164.12043906853722,14.060582993177771,dr11,dr11,0.8317151
s_316463_427,123.75920395761086,-2.533974849437303,dr11,dr11,0.82976526
s_427619_1123,167.51726145001436,16.89222844504885,dr11,dr11,0.829646
s_90098_8002,107.16963082163636,-46.78316512518928,dr11,dr11,0.82955396
s_326089_1785,10.287568809662847,-0.7303042470217409,dr11,dr11,0.8295125
s_236755_7301,46.3197090116264,-16.603684620012235,dr11,dr11,0.8291489
s_84065_9489,38.863249395864926,-48.305847154763576,dr11,dr11,0.82871556
s_120781_3317,156.8524737081635,-39.60929216513198,dr11,dr11,0.8283083
s_193487_232,19.487028004575546,-24.47355771660923,dr11,dr11,0.8274952
s_43736_6056,67.3944736474896,-60.19054508469584,dr11,dr11,0.8273421
s_112158_2867,209.67412355223837,-41.49321400642417,dr11,dr11,0.82728755
s_59958_9730,64.5412341064485,-54.9597390325274,dr11,dr11,0.8267278
s_40781_8597,358.82983906199166,-61.61028561193984,dr11,dr11,0.8267278
s_72059_7259,69.45062722007019,-51.60776315824945,dr11,dr11,0.82645506
s_110514_635,21.39002776828644,-41.70498741113329,dr11,dr11,0.82636046
s_112561_2397,343.776350823842,-41.38898632212764,dr11,dr11,0.82623744
s_166429_3374,341.44181516479847,-29.933082889019676,dr11,dr11,0.82565504
s_42269_1688,44.316582835066775,-60.851390684980856,dr11,dr11,0.82555366
s_87901_1833,23.20823751909131,-47.12698616947712,dr11,dr11,0.82503384
s_129372_3768,16.450386766687533,-37.428555682962205,dr11,dr11,0.82447106
s_321588_7703,325.2167368641635,-1.8271738820528265,dr11,dr11,0.82410383
s_500743_15528,23.69904503378852,30.95033324097848,dr11,dr11,0.82382643
s_336034_1750,336.5380314908672,0.69486864744162,dr11,dr11,0.82380146
s_351300_934,193.83183564254747,3.49148555828696,dr11,dr11,0.82323945
s_146900_4805,3.1236873818070867,-33.777903590442925,dr11,dr11,0.8224614
s_159660_1923,179.77326199470517,-31.26862239887314,dr11,dr11,0.82235485
s_477316_3276,204.9535193474946,26.1675163484066,dr11,dr11,0.8221163
s_238185_2253,58.57614147330846,-16.16454183849821,dr11,dr11,0.82207507
s_71042_1653,20.176048773946803,-51.73143511801116,dr11,dr11,0.8219
s_154369_2789,67.06778191438998,-32.29999525836189,dr11,dr11,0.82095134
s_171116_2757,244.21720859921317,-29.093427733611662,dr11,dr11,0.8197936
s_500742_22272,23.484808323015837,30.94269728181772,dr11,dr11,0.81948835
s_500742_22267,23.484750535740822,30.945248373137133,dr11,dr11,0.8192896
s_336034_1788,336.5387782042387,0.6949976267426516,dr11,dr11,0.81859833
s_162970_1777,62.55542711441421,-30.62383339683217,dr11,dr11,0.81795996
s_333080_7819,318.17974931930473,0.1557529372470907,dr11,dr11,0.81727105
s_257579_1725,23.34218565278225,-12.867040577590972,dr11,dr11,0.8170377
s_310364_6388,38.20776155606031,-3.390575249827998,dr11,dr11,0.8168813
s_73797_5319,42.49455685930897,-50.943985000901726,dr11,dr11,0.81678295
s_349862_876,193.8275793540373,3.3120648968499307,dr11,dr11,0.81661075
s_325489_4248,220.3875155732048,-0.900380365430375,dr11,dr11,0.81641406
s_490203_118,231.55513058011192,28.83743688775536,dr11,dr11,0.81630725
s_159172_8702,37.56992851538776,-31.36690059094408,dr11,dr11,0.8161477
s_181948_576,63.17899834476918,-26.775595735765396,dr11,dr11,0.8161047
s_327403_2882,338.8263057370136,-0.7964456011258548,dr11,dr11,0.8154928
s_351350_2725,206.40401283431797,3.5447753002158207,dr11,dr11,0.8148272
s_23394_19750,244.2383780683786,-68.48147565773871,dr11,dr11,0.814436
s_384179_4841,180.706504075912,9.344216899758544,dr11,dr11,0.8142523
s_504880_4013,152.07555127799753,31.70044015041669,dr11,dr11,0.8139756
s_76198_21326,267.91267516860506,-50.479217166491615,dr11,dr11,0.8133802
s_69087_268,307.23246726977163,-52.52180166068507,dr11,dr11,0.81336004
s_67227_20393,263.84310184395605,-53.05980895552922,dr11,dr11,0.8129994
s_60524_3113,309.7973291871272,-54.995227327413815,dr11,dr11,0.81254804
s_23074_2645,27.35549338387497,-68.47467943552668,dr11,dr11,0.8123695
s_293716_5339,183.23636562717215,-6.496752164515811,dr11,dr11,0.81225604
s_156800_7139,62.95699241948245,-31.7483902662567,dr11,dr11,0.81211144
s_141745_18864,244.7739315842396,-35.109031664993566,dr11,dr11,0.811911
s_197474_9756,30.766770156139195,-23.63407408552237,dr11,dr11,0.8117557
s_277443_4029,39.363847157157664,-9.218995937998892,dr11,dr11,0.8113633
s_118690_7787,198.7500673296424,-40.12139029393573,dr11,dr11,0.8110254
s_53346_3801,353.7014793367839,-57.25105588079818,dr11,dr11,0.81058615
s_502591_3701,202.37291741795295,31.329170414869147,dr11,dr11,0.8105737
s_170155_2223,330.03819697925854,-29.13035360296859,dr11,dr11,0.81047446
s_112673_7610,21.134355725610877,-41.20498375888529,dr11,dr11,0.81028974
s_227026_6100,20.10736064619313,-18.333710623788047,dr11,dr11,0.808767
s_289350_3716,164.80512442449222,-7.144863212385505,dr11,dr11,0.8087212
s_266022_5023,20.040716240392047,-11.348332611333689,dr11,dr11,0.80867225
s_163051_1474,85.99183409051751,-30.58040255176529,dr11,dr11,0.80862665
s_217672_5235,68.10411952475364,-20.00403090833157,dr11,dr11,0.80858535
s_313198_1471,27.537985119867216,-3.0772891631307964,dr11,dr11,0.8080331
s_218895_5088,32.75250367176602,-19.63615714561371,dr11,dr11,0.8070603
s_227570_6384,163.16875653706296,-18.15657685638216,dr11,dr11,0.8070569
s_76198_20906,267.9071254484814,-50.48752734712655,dr11,dr11,0.8070477
s_345385_1515,154.31156351386747,2.488511057982116,dr11,dr11,0.8060211
s_484722_5640,118.75746691442042,27.63824697720424,dr11,dr11,0.8059714
s_48052_6668,28.06823515716948,-58.64509879949278,dr11,dr11,0.80579585
s_82090_1248,14.403705046216546,-48.80404643306791,dr11,dr11,0.80575794
s_239431_4771,22.710623234564714,-16.002399948249092,dr11,dr11,0.8052965
s_389676_1820,133.6196936631354,10.137427887354368,dr11,dr11,0.8051567
s_495333_3146,259.798221767045,29.64842436630402,dr11,dr11,0.80500406
s_245040_9296,36.44898723904711,-15.09223587039831,dr11,dr11,0.8039443
s_433320_1517,219.41192224296205,18.00670021787456,dr11,dr11,0.8034958
s_332669_704,215.26539066605332,0.3719514433288317,dr11,dr11,0.80320036
s_137502_1047,26.444982674111948,-35.69096749205416,dr11,dr11,0.8028542
s_14090_13756,28.232546741646388,-73.2068337560842,dr11,dr11,0.8027569
s_234689_542,227.0426690911862,-16.877134252112636,dr11,dr11,0.801767
s_98882_7820,1.6859793252676891,-44.4973805418235,dr11,dr11,0.8012334
s_106083_7015,326.4433154810205,-43.11371644401443,dr11,dr11,0.8011751
s_266620_918,172.13197134835713,-11.31084358192752,dr11,dr11,0.80081517
s_498259_2267,23.44659651679769,30.492426363169034,dr11,dr11,0.8000357
s_240846_8850,30.28319467187648,-15.854741180294011,dr11,dr11,0.7999863
s_148704_6732,183.81764972463415,-33.60056079340128,dr11,dr11,0.79991186
s_121699_2425,93.11443379368676,-39.34340740213131,dr11,dr11,0.79962355
s_239208_2503,324.70571349607377,-16.3218096785709,dr11,dr11,0.79933745
s_267446_2392,22.465015524169264,-10.959305870821003,dr11,dr11,0.7981673
s_64947_8105,35.05986677092909,-53.58634557892115,dr11,dr11,0.79793173
s_332668_5796,215.2018921382049,0.125925526546714,dr11,dr11,0.7963619
s_67230_22110,265.1377726094519,-52.93980234853709,dr11,dr11,0.7961107
s_87926_7107,32.55225082134853,-47.33187472674987,dr11,dr11,0.7960119
s_244220_4253,184.30418527803408,-15.26100806720478,dr11,dr11,0.7959916
s_238170_2042,54.69028927285546,-16.323147827863664,dr11,dr11,0.7955057
s_91796_2958,2.9714156599521964,-46.23945501941993,dr11,dr11,0.79495054
s_209853_1105,139.80541148324167,-21.460153617817564,dr11,dr11,0.7944377
s_164140_7181,41.20602009272879,-30.32135002208484,dr11,dr11,0.7940704
s_361852_284,317.3884416585132,5.145495279200226,dr11,dr11,0.7938141
s_261086_5324,200.63023976024024,-12.281398117724422,dr11,dr11,0.79380757
s_36094_6706,16.715143221718897,-62.970466733012486,dr11,dr11,0.7937935
s_100867_8788,334.1586399112592,-44.322001303396114,dr11,dr11,0.79329526
s_163086_5763,96.29734989843205,-30.478848772306517,dr11,dr11,0.79282576
s_498259_2410,23.44749067837004,30.4938863331712,dr11,dr11,0.79243475
s_499502_20865,23.394553720146835,30.83863991540243,dr11,dr11,0.79222256
s_346996_4322,197.20031359402847,2.767472851564839,dr11,dr11,0.79153997
s_406989_5534,230.2280136516509,13.199979616777217,dr11,dr11,0.7914798
s_12233_7542,162.86359193507676,-74.402956708941,dr11,dr11,0.7913271
s_215052_6934,90.88395284563902,-20.46632866103978,dr11,dr11,0.7911563
s_500742_22232,23.484485497787333,30.93557990033158,dr11,dr11,0.7907523
s_23764_4161,132.66029800950346,-68.18755879862104,dr11,dr11,0.7905135
s_203483_6140,223.49664486888224,-22.76851906348725,dr11,dr11,0.79023415
s_49305_2132,267.18356514484293,-58.413489519024495,dr11,dr11,0.7901649
s_305924_10022,6.7503586706093,-4.223250908131488,dr11,dr11,0.78998864
s_218735_721,350.2028156615544,-20.049748394694305,dr11,dr11,0.7897465
s_502450_1680,161.11446569345568,31.234351899467537,dr11,dr11,0.78906906
s_251013_4202,137.4230046041362,-13.960057670584687,dr11,dr11,0.789037
s_442631_1262,155.24264529418625,19.822722433704573,dr11,dr11,0.7884453
s_263391_2089,69.17344138964594,-11.761237958816594,dr11,dr11,0.7883368
s_52784_6773,95.07703695823382,-57.32928737648061,dr11,dr11,0.7879521
s_426295_4804,182.02291885088192,16.632623760672214,dr11,dr11,0.78791916
s_173922_7386,322.80434347228254,-28.528924389333213,dr11,dr11,0.78753364
s_225679_7025,25.72034213745647,-18.521083921851908,dr11,dr11,0.7874076
s_202029_2342,189.58725946096772,-22.91836368667309,dr11,dr11,0.78730863
s_282120_2558,142.11323115626448,-8.595951182715401,dr11,dr11,0.78709507
s_323786_3896,154.69719023427663,-1.359039043652778,dr11,dr11,0.7867421
s_64085_7467,32.65355278513002,-53.86465994673651,dr11,dr11,0.78519714
s_17047_5135,304.21906004788576,-71.8089862873584,dr11,dr11,0.7850383
s_231374_7217,80.8029004642693,-17.54661409933872,dr11,dr11,0.78482157
s_262527_4841,208.80101083396715,-12.00766708399502,dr11,dr11,0.7843472
s_80131_4135,349.0203713178837,-49.59396267483664,dr11,dr11,0.7842338
s_254760_10844,20.7598220045568,-13.22272681761172,dr11,dr11,0.7839345
s_106191_10494,3.386523531840925,-42.658103823934056,dr11,dr11,0.783794
s_165468_9648,64.7771296596075,-29.99369776904312,dr11,dr11,0.7833565
s_297589_2953,76.1619009151769,-5.695211085279486,dr11,dr11,0.7833541
s_169248_8106,70.62360361127327,-29.344690400999525,dr11,dr11,0.7832948
s_146892_5777,0.8182922223244201,-33.80124374717516,dr11,dr11,0.78273845
s_387596_2188,326.20078752609425,9.732497410592266,dr11,dr11,0.7826364
s_167549_3421,303.4724857109145,-29.756814385741293,dr11,dr11,0.78243554
s_127126_9195,27.437185682226747,-38.11493754407461,dr11,dr11,0.7823688
s_489888_387,141.85156846072286,28.663772986186665,dr11,dr11,0.78189117
s_326217_2336,42.299592215739466,-0.8136001132776978,dr11,dr11,0.78183955
s_343178_6475,322.6958286065029,1.9990560783332048,dr11,dr11,0.78177065
s_300671_221,129.6153623859519,-5.209994481075555,dr11,dr11,0.7812958
s_104272_5333,67.92347755455404,-43.29463134711915,dr11,dr11,0.780751
s_95070_5466,96.25051142569194,-45.435756659874734,dr11,dr11,0.78043467
s_300291_2747,34.40481481667397,-5.224850119274835,dr11,dr11,0.7792903
s_256199_9097,29.68192584216909,-13.02584833388891,dr11,dr11,0.77897215
s_300914_1200,190.58138844232775,-5.36442104460003,dr11,dr11,0.77872026
s_217461_3974,12.04505045424496,-19.920559907341698,dr11,dr11,0.7786491
s_205612_7704,79.01309775208398,-22.146425914185787,dr11,dr11,0.77834487
s_154277_1256,39.873648165428165,-32.19157544751788,dr11,dr11,0.7782298
s_368280_1915,131.82131638168966,6.409028641338211,dr11,dr11,0.77813995
s_5860_5606,40.6990311811868,-79.2035265677782,dr11,dr11,0.7781348
s_298797_6315,19.494888031729605,-5.454953771983721,dr11,dr11,0.77787304
s_36700_530,347.9904481204408,-63.1175682464898,dr11,dr11,0.77746034
s_198881_2761,54.25825465497198,-23.5662213267226,dr11,dr11,0.7757361
s_249571_7040,126.1432440237424,-14.215063201792798,dr11,dr11,0.7757167
s_123800_994,47.983321245788986,-38.69500198254718,dr11,dr11,0.7754431
s_94933_7964,47.55479242741815,-45.57426955047772,dr11,dr11,0.77542335
s_323461_7107,73.4867106505327,-1.2270300876675402,dr11,dr11,0.77531904
s_88099_5592,96.0658726746994,-47.16164751530514,dr11,dr11,0.7752537
s_262936_6552,313.2700479664585,-11.901339096877203,dr11,dr11,0.77508813
s_218094_1236,180.05824995585067,-20.047008736225784,dr11,dr11,0.77469677
s_96598_10147,278.1043333587264,-45.252924171278906,dr11,dr11,0.7745336
s_111542_5062,4.818091330109474,-41.61409084391781,dr11,dr11,0.77411246
s_264802_5232,69.0021434043019,-11.547735855456589,dr11,dr11,0.7740532
s_252414_1005,137.85985443651035,-13.670208218339097,dr11,dr11,0.77364975
s_433301_4979,214.57202860864672,17.98089259466628,dr11,dr11,0.77336115
s_394431_6727,261.7636774581504,11.002099352408676,dr11,dr11,0.7729804
s_258241_5063,192.991698319812,-12.839721753978576,dr11,dr11,0.7728758
s_23939_5793,249.77791991679047,-68.15425405681339,dr11,dr11,0.7726117
s_489348_4530,348.3314847245339,28.55093469456618,dr11,dr11,0.77232647
s_370040_4759,214.39980095454248,6.663574627829915,dr11,dr11,0.7720701
s_94898_7968,35.176285905599144,-45.50075580647682,dr11,dr11,0.77179635
s_246803_5251,132.13216506484923,-14.861201339590531,dr11,dr11,0.7713302
s_325507_6484,224.9881063516617,-0.922982815636417,dr11,dr11,0.7712638
s_21834_8821,252.7434070354556,-69.18921618269374,dr11,dr11,0.77125454
s_139262_8824,206.60750332729404,-35.45239276039977,dr11,dr11,0.77121586
s_30422_2845,13.21342992809457,-65.22755469573552,dr11,dr11,0.77109694
s_318983_8250,33.968198010260835,-1.9740922153620528,dr11,dr11,0.7706569
s_334493_7909,311.47720824692504,0.5301289567618033,dr11,dr11,0.7706124
s_106248_8747,22.70693785166853,-42.81136539892749,dr11,dr11,0.7705419
s_168966_494,349.7065339073762,-29.51347693453432,dr11,dr11,0.76993895
s_284588_2957,44.95088922699666,-8.079485047185244,dr11,dr11,0.7696691
s_204169_8722,49.16182888675282,-22.60926947526667,dr11,dr11,0.769545
s_340513_3688,16.331871224683365,1.749021403215644,dr11,dr11,0.76935786
s_251112_3119,162.86715255478174,-14.055896469849728,dr11,dr11,0.76886487
s_56331_9546,264.8189461025876,-56.36462739057791,dr11,dr11,0.7684486
s_364017_5199,141.06262633158212,5.768983677540166,dr11,dr11,0.76834565
s_80983_11349,314.23147564531007,-49.135507996881046,dr11,dr11,0.76816446
s_250997_4626,133.27079086526314,-13.89443271108173,dr11,dr11,0.76804394
s_70764_13173,267.9552395203618,-52.06982903417558,dr11,dr11,0.76801205
s_170155_2202,330.0372698450971,-29.12988936991959,dr11,dr11,0.7678237
s_250611_2161,33.78978210436381,-14.118543118058865,dr11,dr11,0.76763797
s_234538_4029,187.74428639387477,-17.083536603283846,dr11,dr11,0.7668871
s_467001_4721,237.94956018448704,24.306792204788305,dr11,dr11,0.76683563
s_106073_7986,323.07337501449456,-43.09311388367769,dr11,dr11,0.76650053
s_245107_1883,53.58602515358645,-14.905804633845785,dr11,dr11,0.7663079
s_67230_20879,265.1214867658718,-52.94756823073156,dr11,dr11,0.76625556
s_190192_4053,192.83250945101844,-25.349291872557835,dr11,dr11,0.76615816
s_137654_679,73.12391459643513,-35.674219676730814,dr11,dr11,0.76583946
s_64206_10062,83.68678566220566,-53.78784063567639,dr11,dr11,0.76555884
s_195077_1720,95.52427635564084,-24.345610705180302,dr11,dr11,0.76553774
s_65503_13323,267.69141408212886,-53.51910519451623,dr11,dr11,0.7653297
s_340971_2860,130.8571259956073,1.7839933601297353,dr11,dr11,0.7648961
s_475768_5984,134.7162215858319,26.119030819608483,dr11,dr11,0.7648272
s_71989_7186,41.4643034573144,-51.49751874103305,dr11,dr11,0.7647384
s_71871_246,353.9664170561714,-51.87163259898146,dr11,dr11,0.7643324
s_277239_5751,347.8014268382282,-9.402588186655082,dr11,dr11,0.7643236
s_89727_5607,332.1744903671274,-47.10365408343717,dr11,dr11,0.7640939
s_61411_4481,332.9866042795168,-54.644473071150585,dr11,dr11,0.76354605
s_62166_5607,296.8504868621108,-54.550831065215256,dr11,dr11,0.76264846
s_384743_1544,323.3349018535511,9.329610910506489,dr11,dr11,0.762478
s_433144_184,173.18454778515272,17.887673184481375,dr11,dr11,0.76229346
s_135289_4256,63.50575204592109,-36.30907926532242,dr11,dr11,0.76187885
s_231256_6892,49.92203479100241,-17.567943843899748,dr11,dr11,0.76164204
s_139825_11098,18.92258942377811,-35.338619133715824,dr11,dr11,0.76142865
s_201672_1298,92.75922838219624,-22.908488053879303,dr11,dr11,0.76078385
s_303496_3367,117.94149435849044,-4.852882021721489,dr11,dr11,0.76068175
s_161725_5181,61.40848437379812,-30.68868857943217,dr11,dr11,0.7605056
s_423581_2361,194.92999583543977,16.142143699697645,dr11,dr11,0.76046246
s_191909_4234,305.9045941646813,-24.9655350592714,dr11,dr11,0.7603572
s_207576_2272,248.11950749900464,-22.035472883151403,dr11,dr11,0.75983554
s_449332_2753,139.20442547076328,20.903528263070047,dr11,dr11,0.75915474
s_266046_1185,25.99894971445208,-11.276996814290989,dr11,dr11,0.75905156
s_89066_4031,90.66266057330596,-46.88550479435355,dr11,dr11,0.7588421
s_36312_14501,136.13051407470155,-62.88154127339548,dr11,dr11,0.7586892
s_401210_2691,190.3462682914647,12.259190919214346,dr11,dr11,0.75861937
s_204270_1683,76.28731274114315,-22.49198802271274,dr11,dr11,0.75861466
s_407416_3311,339.63047164125624,13.332179124782096,dr11,dr11,0.7584184
s_188312_3322,33.25368582011379,-25.394532233198607,dr11,dr11,0.7582407
s_182479_3208,211.69734623917773,-26.746596123109143,dr11,dr11,0.75811845
s_499502_4350,23.259206570372115,30.65180823471468,dr11,dr11,0.75811535
s_235253_4230,14.44524450785661,-16.745722284259614,dr11,dr11,0.7580429
s_132950_9585,56.939266650715005,-36.793633771959975,dr11,dr11,0.7579396
s_236754_8964,46.09619056918812,-16.5803169483965,dr11,dr11,0.75765306
s_441464_272,205.95192336953107,19.49516115575941,dr11,dr11,0.7576036
s_166635_2960,40.620529237907846,-29.718157850006595,dr11,dr11,0.75743574
s_126666_27615,241.51659561627773,-38.19233097186712,dr11,dr11,0.75723565
s_114863_1702,25.391619206494493,-40.67607449917352,dr11,dr11,0.75702304
s_382748_6259,178.73354671268518,8.94687653122104,dr11,dr11,0.7568916
s_118198_7447,38.63365264471916,-39.93254505879171,dr11,dr11,0.7559823
s_17289_10032,134.3788241732791,-71.61612493838743,dr11,dr11,0.75596994
s_202076_1223,202.2848060893021,-22.97993527071021,dr11,dr11,0.7559583
s_97780_3902,334.7402726025515,-45.07375452528871,dr11,dr11,0.75593084
s_153750_17764,244.3459856280896,-32.54869765872499,dr11,dr11,0.7556659
s_415356_1998,223.7321341759249,14.673048468838289,dr11,dr11,0.75565755
s_222343_7319,225.7209421746077,-19.303570543146986,dr11,dr11,0.7554475
s_390027_6912,222.9037003251589,10.236836503822552,dr11,dr11,0.75461435
s_64632_13235,262.59265689454355,-53.85014971617618,dr11,dr11,0.7543274
s_253508_6889,59.290829681012994,-13.499183371920436,dr11,dr11,0.75426084
s_102640_5797,226.9831294475305,-43.68096701072295,dr11,dr11,0.7542379
s_499502_14284,23.353979370691277,30.648525771681964,dr11,dr11,0.7541187
s_315268_2706,185.1025925477588,-2.7002948707285968,dr11,dr11,0.75336766
s_59700_6770,312.1844709318729,-55.14497280398749,dr11,dr11,0.75287396
s_119499_8020,101.80932832266475,-39.83593745753072,dr11,dr11,0.7528434
s_187045_9011,42.5884983023774,-25.753843961431905,dr11,dr11,0.75276595
s_67230_14579,265.028904180628,-52.9411878294444,dr11,dr11,0.7525914
s_46031_3146,126.19691672677966,-59.583210591896766,dr11,dr11,0.7522179
s_420988_4345,241.3833378899821,15.822620481682192,dr11,dr11,0.7521013
s_199906_1272,333.3609814652547,-23.428689376076125,dr11,dr11,0.75205016
s_107391_5805,50.594354229923546,-42.4060564632251,dr11,dr11,0.7520082
s_14714_11676,199.8671097654529,-73.02666784836488,dr11,dr11,0.751356
s_498258_23772,23.3116106110748,30.554378360717887,dr11,dr11,0.7510287
s_52735_7411,72.53677158244962,-57.255530569478246,dr11,dr11,0.75099593
s_244959_9174,15.5123232554813,-15.007927584825572,dr11,dr11,0.75081784
s_298853_6246,33.533551199664124,-5.591924509689768,dr11,dr11,0.7507972
s_206239_7802,248.2104830796096,-22.25081642325576,dr11,dr11,0.75050604
s_354090_3043,172.38036129071844,3.991180643119904,dr11,dr11,0.7504355
s_509179_3053,338.5430977396966,32.44536235980988,dr11,dr11,0.7502161
s_498258_12554,23.239086959748445,30.439727114548678,dr11,dr11,0.74912953
s_400341_5915,328.29281543425066,11.915288432317418,dr11,dr11,0.74868757
s_210799_616,33.49785513540831,-21.28271944035025,dr11,dr11,0.7485997
s_157124_235,157.72224715883175,-31.727558644809356,dr11,dr11,0.74843335
s_216977_2698,243.34134899120215,-20.228934238508195,dr11,dr11,0.74832183
s_369977_4434,198.51735015897168,6.688696503693574,dr11,dr11,0.7482004
s_137541_5091,38.54490773031193,-35.78813766682268,dr11,dr11,0.7476121
s_272300_5104,175.89348038570648,-10.13646823224193,dr11,dr11,0.74707663
s_130088_17179,241.42377283344535,-37.38265273889115,dr11,dr11,0.746935
s_225027_2920,213.8217183280865,-18.683096713348675,dr11,dr11,0.74691874
s_16735_3990,56.53242197376506,-71.65803583817087,dr11,dr11,0.7467395
s_310225_1602,3.292276418407161,-3.596003357421373,dr11,dr11,0.7467041
s_49305_2197,267.1853334170372,-58.41354079249143,dr11,dr11,0.7463936
s_498258_28692,23.34507034417422,30.57979517416883,dr11,dr11,0.74591714
s_126667_14414,241.71452658755524,-38.13745861837656,dr11,dr11,0.74584806
s_238074_4946,29.773087444453186,-16.14558750049626,dr11,dr11,0.7456258
s_91832_8192,16.075792121199022,-46.31883331334152,dr11,dr11,0.7456258
s_332711_1951,225.81643648963117,0.2920894672063474,dr11,dr11,0.7455483
s_368288_3333,133.9109195429161,6.48603798851014,dr11,dr11,0.74552554
s_290988_3355,217.142939319259,-7.09628387919643,dr11,dr11,0.7454806
s_328891_7514,350.94196107688146,-0.5105402266144748,dr11,dr11,0.7454466
s_34261_36959,76.4301003380938,-63.74499295490237,dr11,dr11,0.74530554
s_77120_9283,267.37690392990044,-50.35428658753705,dr11,dr11,0.7452629
s_247751_7519,16.969524984621472,-14.447976201141786,dr11,dr11,0.7451047
s_29019_24056,248.9429712334505,-66.07467549319388,dr11,dr11,0.7448226
s_228331_1876,2.967088820059159,-17.95664702659408,dr11,dr11,0.7443467
s_369309_653,30.44645604949648,6.655073400246933,dr11,dr11,0.74429476
s_277594_1171,77.50771839575876,-9.169429229468529,dr11,dr11,0.74428654
s_424867_1191,169.62682801766894,16.376786674860305,dr11,dr11,0.7442383
s_504880_4044,152.07714443511526,31.699490892938247,dr11,dr11,0.74413955
s_194300_2796,242.60516223297512,-24.41548715181245,dr11,dr11,0.7439093
s_433329_106,221.72166858674103,17.876004184034592,dr11,dr11,0.7438854
s_94765_9655,347.79876354897164,-45.78285515374264,dr11,dr11,0.74384874
s_50907_11900,303.5807909933724,-57.95044822400671,dr11,dr11,0.74350506
s_285202_4032,199.8246721427333,-8.025177992688192,dr11,dr11,0.7433826
s_100867_8806,334.1592642255343,-44.32219347264076,dr11,dr11,0.743374
s_123520_333,318.3040513999258,-38.96705201755952,dr11,dr11,0.74306816
s_408166_5082,172.2408462710531,13.493940428192268,dr11,dr11,0.74260944
s_327710_4950,55.66491418238629,-0.3820174180780979,dr11,dr11,0.74217856
s_238291_3836,86.26018965637138,-16.163795110463802,dr11,dr11,0.7420171
s_381146_1192,133.5787581253821,8.670761830345818,dr11,dr11,0.7413034
s_67230_14655,265.0301032183201,-52.94230169416685,dr11,dr11,0.7410859
s_139885_9926,37.24288984507326,-35.37494998268404,dr11,dr11,0.7405514
s_402336_716,118.14220518058026,12.508694061037769,dr11,dr11,0.74028814
s_399035_3698,354.82560566469283,11.67903158831746,dr11,dr11,0.74026376
s_188754_2468,155.4695324065505,-25.50292131052021,dr11,dr11,0.7397975
s_351350_2708,206.40351456750392,3.5445187159334344,dr11,dr11,0.7396796
s_132526_15831,284.63140140713364,-37.012554572873874,dr11,dr11,0.739463
s_228440_9365,31.71316464703134,-18.12249236549109,dr11,dr11,0.73879784
s_12155_7507,90.1297363173748,-74.50344201800723,dr11,dr11,0.73876035
s_127800_30712,240.72059844209312,-37.99052303439564,dr11,dr11,0.73874855
s_139803_8087,12.160495387903282,-35.23223626324124,dr11,dr11,0.7384759
s_497013_3418,23.41881922564049,30.287830196696,dr11,dr11,0.7384092
s_55779_7923,17.744895365721465,-56.302639888852,dr11,dr11,0.7378465
s_325163_2981,138.8481621687964,-0.922617180587686,dr11,dr11,0.737765
s_30558_13329,94.06392538397095,-65.28234040897219,dr11,dr11,0.737663
s_327526_9059,9.722175691216863,-0.4092728967886327,dr11,dr11,0.7376314
s_491286_1438,180.36161110771,29.01164003094359,dr11,dr11,0.7376262
s_311858_6490,52.3092752325492,-3.172223562198258,dr11,dr11,0.73742217
s_45164_3461,59.33569679405447,-59.86508698848564,dr11,dr11,0.7367907
s_355105_694,66.40383210343664,4.145790215437143,dr11,dr11,0.7367386
s_176395_5378,302.79036325664595,-28.02819708804372,dr11,dr11,0.7365458
s_396915_5457,174.39025721168855,11.515811011221786,dr11,dr11,0.7362218
s_498258_12129,23.236090150713885,30.61573382793183,dr11,dr11,0.7357607
s_409610_4702,183.2903710887735,13.657610644265969,dr11,dr11,0.7356837
s_427866_4496,232.2056981284241,16.884518106183897,dr11,dr11,0.73561084
s_124914_2126,44.03263025968146,-38.42014632254926,dr11,dr11,0.7355946
s_499502_24528,23.417258094760538,30.79127229458092,dr11,dr11,0.7355774
s_32873_8562,7.832032992659955,-64.34380645212809,dr11,dr11,0.7354629
s_222920_8348,18.17140785577129,-19.045674907464896,dr11,dr11,0.7351057
s_277107_3066,314.2750294314568,-9.486480334733695,dr11,dr11,0.73495585
s_503625_2748,144.42421730519956,31.46592207256516,dr11,dr11,0.7349423
s_293485_3554,125.06834214238404,-6.593691935378524,dr11,dr11,0.73484373
s_19810_14439,244.48400491225192,-70.20456254930058,dr11,dr11,0.7348037
s_14329_7712,232.6654650938264,-73.15774794385771,dr11,dr11,0.73459816
s_32666_26056,248.60898562228144,-64.55694103370085,dr11,dr11,0.7345369
s_207576_1362,248.09813922715853,-22.02360771562008,dr11,dr11,0.73439896
s_117236_10169,84.58303496596537,-40.37180353072873,dr11,dr11,0.73400444
s_89702_7122,322.98475704678754,-46.92892501627608,dr11,dr11,0.733915
