name,RA,DEC,grade,p_resnet,p_effnet,p_meta,tractor_type
DESI-002.9275-15.3912,2.927494251,-15.39123746,A,0.9976,0.8896,0.9885,DEV
DESI-003.1004-15.5554,3.100362545,-15.5553923,A,1.0,0.997,0.992,REX
DESI-007.5424-48.1651,7.542423282,-48.16513942,A,0.9821,0.9939,0.991,SER
DESI-009.8932-39.4632,9.893188431,-39.46320147,A,0.9846,0.9965,0.9912,SER
DESI-0012.3375-41.7949,12.33749954,-41.79491051,A,0.99,0.9468,0.99,DEV
DESI-0013.1549-65.5914,13.15485111,-65.59142626,A,0.9611,0.9578,0.9884,SER
DESI-0015.0083+10.8338,15.00825832,10.83379403,A,0.9998,0.9928,0.9919,DEV
DESI-0015.8184-51.1939,15.81837791,-51.19386001,A,0.9963,0.9796,0.9914,DEV
DESI-0016.9290-76.1465,16.92896318,-76.14653604,A,1.0,0.9984,0.9921,SER
DESI-0020.2472-66.0929,20.24716842,-66.09286306,A,0.9961,0.9687,0.991,SER
DESI-0020.5245-68.8209,20.52454627,-68.82094716,A,1.0,0.9922,0.9919,DEV
DESI-0022.7303+32.2755,22.7303036,32.27546101,A,0.9966,0.9525,0.9906,SER
DESI-0022.7404-78.1135,22.74040611,-78.11353563,A,1.0,0.9999,0.9921,SER
DESI-0029.5402-41.5609,29.54017238,-41.56089718,A,0.9999,0.9992,0.9921,SER
DESI-0029.6701-35.7796,29.67008333,-35.77961946,A,0.9534,0.9368,0.9869,SER
DESI-0030.6126+21.4872,30.61258158,21.48723588,A,0.9937,0.9927,0.9916,SER
DESI-0031.9692-65.4404,31.9692454,-65.44036217,A,0.9978,0.9992,0.992,SER
DESI-0036.4326-56.8604,36.43255519,-56.8604494,A,0.9998,0.9973,0.992,DEV
DESI-0037.4073-66.4542,37.40733248,-66.45418592,A,1.0,0.9987,0.9921,REX
DESI-0043.4272-50.3218,43.42724016,-50.32183075,A,0.9786,0.9675,0.9899,SER
DESI-0046.8775-58.2000,46.87752057,-58.19998464,A,0.9735,0.9915,0.9904,SER
DESI-0050.7925-73.1051,50.79249957,-73.10505249,A,1.0,0.9987,0.9921,SER
DESI-0052.6687-71.6900,52.6687208,-71.68996014,A,0.9665,0.9539,0.9886,SER
DESI-0066.3585-16.5116,66.35849285,-16.51158403,A,1.0,0.9999,0.9921,SER
DESI-0069.0021-54.2729,69.00209095,-54.27285147,A,1.0,0.9987,0.9921,SER
DESI-0069.3583-13.6992,69.35826143,-13.69924422,A,1.0,0.9999,0.9921,SER
DESI-0069.8343-53.1623,69.83428549,-53.16233266,A,0.9586,0.9486,0.9878,SER
DESI-0070.6064-49.6164,70.60636891,-49.61640522,A,0.9994,0.9993,0.9921,SER
DESI-0073.5132-00.2697,73.51321511,-0.2697458364,A,0.9904,0.9934,0.9914,REX
DESI-0075.1017-55.5796,75.10174887,-55.57963739,A,0.9999,0.94,0.9904,EXP
DESI-0078.9477+00.6104,78.94766482,0.610380773,A,0.9986,0.9944,0.9919,SER
DESI-0082.7651-52.3560,82.7650732,-52.35601577,A,0.9774,0.9992,0.9909,SER
DESI-0087.5461-42.5349,87.54611457,-42.53490246,A,0.9959,0.9728,0.9912,SER
DESI-100.2679-73.2037,100.26789,-73.20373446,A,1.0,0.999,0.9921,DEV
DESI-101.7512-60.0105,101.7511924,-60.0105122,A,1.0,0.9966,0.992,EXP
DESI-104.0983-60.5722,104.0982719,-60.57221962,A,0.996,0.9871,0.9916,DEV
DESI-111.6648-71.6189,111.6647916,-71.61885966,A,0.9999,0.9975,0.9921,SER
DESI-112.8249-49.5872,112.8248521,-49.58719671,A,0.9972,0.9951,0.9918,REX
DESI-120.9722+16.4645,120.9721878,16.46449442,A,0.933,0.9807,0.9871,SER
DESI-121.5120-75.6973,121.512041,-75.69734599,A,1.0,0.9999,0.9921,DEV
DESI-140.1567-14.7808,140.156696,-14.78075909,A,1.0,0.9988,0.9921,SER
DESI-147.3619-10.2049,147.3618864,-10.20492766,A,1.0,0.998,0.9921,SER
DESI-149.5658-26.2742,149.5658354,-26.27416656,A,0.9986,0.9791,0.9915,SER
DESI-149.7335-27.7043,149.7335465,-27.70432694,A,1.0,1.0,0.9921,SER
DESI-150.0859-22.1093,150.0858873,-22.10925528,A,0.9649,0.9543,0.9885,SER
DESI-150.4648-14.1468,150.4647856,-14.14679173,A,0.9879,0.9848,0.991,SER
DESI-151.4396-26.9855,151.4396258,-26.98545328,A,0.9965,0.9987,0.9919,SER
DESI-152.4529-29.3443,152.4529016,-29.34430737,A,0.9985,0.9987,0.992,SER
DESI-153.2397-28.1333,153.2396786,-28.13331391,A,0.9994,0.9957,0.992,SER
DESI-154.3691-05.4686,154.369115,-5.468568575,A,0.996,0.9785,0.9913,REX
DESI-154.7965-28.6227,154.7964825,-28.62271697,A,0.9756,0.9982,0.9907,SER
DESI-158.5889-31.7811,158.5888798,-31.78107131,A,1.0,0.9998,0.9921,SER
DESI-158.7010-27.7608,158.7009589,-27.76079602,A,0.9985,0.9899,0.9918,SER
DESI-160.3585-22.8330,160.3585234,-22.83296881,A,1.0,0.9999,0.9921,EXP
DESI-166.4713-30.3784,166.4712808,-30.3783783,A,0.9772,0.9894,0.9906,SER
DESI-169.2257-24.4115,169.2256563,-24.41149871,A,0.9991,0.9695,0.9912,SER
DESI-175.4393-16.7365,175.4392568,-16.73645671,A,0.9858,0.9901,0.9911,REX
DESI-176.9702-12.9798,176.9701521,-12.97975288,A,0.9987,0.9945,0.9919,SER
DESI-178.6236-13.1824,178.6235942,-13.18236197,A,0.9989,0.9916,0.9918,EXP
DESI-178.6759-33.0783,178.6758967,-33.07832913,A,0.9892,0.9986,0.9915,SER
DESI-179.1634-26.1826,179.1634034,-26.18256601,A,0.9979,0.9984,0.992,SER
DESI-181.1951-14.7696,181.1950785,-14.76958047,A,0.9998,0.9851,0.9917,SER
DESI-183.1260-12.2723,183.1259598,-12.27231274,A,0.9995,0.9985,0.9921,SER
DESI-183.8159-33.6010,183.8158512,-33.60098013,A,0.992,0.9793,0.9911,SER
DESI-185.4863-23.4949,185.486279,-23.49492929,A,0.9995,0.9976,0.992,SER
DESI-186.1889+09.5193,186.188944,9.519283325,A,0.9831,0.9812,0.9907,SER
DESI-186.8614-18.8383,186.8613711,-18.83826059,A,1.0,0.9993,0.9921,REX
DESI-188.0397-36.3922,188.0396528,-36.39215153,A,0.9998,0.9996,0.9921,SER
DESI-196.6416-10.4170,196.641579,-10.41703744,A,1.0,0.9995,0.9921,EXP
DESI-201.2755-32.2152,201.2754586,-32.21524741,A,0.9987,0.997,0.992,SER
DESI-203.2558-36.5024,203.2558255,-36.50237194,A,1.0,0.9998,0.9921,SER
DESI-203.5306-28.3736,203.5305754,-28.37364326,A,0.9999,0.9989,0.9921,SER
DESI-204.6894-14.2806,204.6894057,-14.28064895,A,0.9999,0.9961,0.992,SER
DESI-205.4919-23.7762,205.4919193,-23.77615208,A,0.9987,0.9979,0.992,SER
DESI-206.3066-30.3072,206.3066442,-30.30722127,A,0.9995,0.9996,0.9921,SER
DESI-208.9615+15.1200,208.9615411,15.11996981,A,0.9978,0.9627,0.991,REX
DESI-208.9735-15.1783,208.9735348,-15.17833764,A,0.9994,0.9888,0.9918,SER
DESI-209.6781-20.0351,209.678053,-20.03506241,A,0.9997,0.9971,0.992,REX
DESI-214.1163-83.8508,214.1163421,-83.85084722,A,0.9991,0.9965,0.992,SER
DESI-294.3087-46.3818,294.3086527,-46.38182042,A,0.9413,0.9757,0.9875,REX
DESI-298.7054-52.5322,298.7054495,-52.53219144,A,0.9924,0.999,0.9917,REX
DESI-299.5733-63.0879,299.5732562,-63.08785665,A,0.9935,0.902,0.9887,SER
DESI-309.7524-35.7331,309.7523539,-35.73305661,A,0.9999,0.9984,0.9921,SER
DESI-312.6978-77.1325,312.6977733,-77.13246533,A,0.9999,0.9987,0.9921,SER
DESI-316.3086-07.3386,316.3086056,-7.338609892,A,1.0,0.9989,0.9921,SER
DESI-320.7439-67.5065,320.7438958,-67.50647193,A,0.9999,0.9996,0.9921,SER
DESI-325.8617-74.5761,325.8616744,-74.57605836,A,1.0,0.9962,0.992,SER
DESI-331.5454-73.7794,331.5454209,-73.77939493,A,1.0,0.9999,0.9921,SER
DESI-344.8981+30.9378,344.8980947,30.93781692,A,0.9956,0.9898,0.9916,SER
DESI-359.0996-73.4469,359.0995749,-73.44689907,A,0.9953,0.9841,0.9914,SER
DESI-001.2486-44.1776,1.248555207,-44.17756267,B,0.9843,0.9513,0.9898,SER
DESI-002.4219-43.4208,2.421894909,-43.42081465,B,0.9946,0.9506,0.9904,SER
DESI-002.6525-14.7995,2.652475998,-14.79947184,B,0.9934,0.9992,0.9918,SER
DESI-003.3646-15.3820,3.364595013,-15.38199641,B,0.9659,0.9943,0.99,SER
DESI-003.6930-60.4159,3.692961625,-60.41588377,B,0.9866,0.9169,0.9887,REX
DESI-003.9776-63.7715,3.977636059,-63.77150698,B,0.9999,0.9976,0.9921,SER
DESI-006.0392-57.8958,6.039238847,-57.89579186,B,0.9998,0.9839,0.9917,DEV
DESI-006.1959-32.3616,6.195927371,-32.36164992,B,0.9984,0.977,0.9914,EXP
DESI-006.1967-35.3728,6.196654349,-35.37283836,B,0.9985,0.9945,0.9919,SER
DESI-006.2804+03.3820,6.280398909,3.382031256,B,0.9802,0.9141,0.9882,REX
DESI-008.7037-42.2343,8.703702334,-42.23427938,B,0.9995,0.9623,0.9911,SER
DESI-009.4005-58.5001,9.400460794,-58.50006307,B,0.988,0.8872,0.9877,SER
DESI-009.8966-52.7438,9.89658709,-52.74382899,B,0.9985,0.9797,0.9915,SER
DESI-0011.8254+00.2477,11.82542733,0.2476990705,B,0.9708,0.9453,0.9886,SER
DESI-0011.9660-36.2462,11.96597082,-36.24622983,B,0.9994,0.9157,0.9896,SER
DESI-0012.8248-38.2015,12.82484761,-38.20154331,B,0.9985,0.9958,0.9919,SER
DESI-0012.9037-54.1888,12.90366273,-54.18875939,B,0.9356,0.9973,0.988,SER
DESI-0013.8866-75.7047,13.88660084,-75.70470396,B,0.9287,0.9854,0.9869,SER
DESI-0013.9879-68.0395,13.98793539,-68.03953272,B,0.9999,0.9987,0.9921,SER
DESI-0014.7479-68.5340,14.74792219,-68.53404412,B,0.9819,0.9456,0.9894,EXP
DESI-0014.7732-37.5489,14.77315637,-37.54893866,B,0.9994,0.9833,0.9917,SER
DESI-0018.2902-19.7198,18.29019023,-19.71975401,B,0.9991,0.9606,0.991,SER
DESI-0020.0191-21.8831,20.01913693,-21.88311843,B,0.9833,0.9708,0.9903,SER
DESI-0023.3102-42.0112,23.31016501,-42.01124169,B,0.999,0.9949,0.9919,SER
DESI-0027.8309-01.6118,27.83092701,-1.611781607,B,0.9944,0.9939,0.9917,DEV
DESI-0028.3756-30.2300,28.37564368,-30.23004152,B,0.9976,0.9885,0.9917,SER
DESI-0029.8313+22.7614,29.83132406,22.76140562,B,0.9923,0.9931,0.9915,DEV
DESI-0032.7889-20.5203,32.78888437,-20.52029525,B,0.9847,0.9938,0.9911,SER
DESI-0035.6899-67.3480,35.68991835,-67.34799787,B,0.9976,0.9767,0.9914,SER
DESI-0037.3429-25.8223,37.34286837,-25.82226186,B,0.9836,0.9979,0.9912,SER
DESI-0037.6388+00.6610,37.63881407,0.6609508144,B,0.9999,0.9941,0.992,SER
DESI-0039.6812-39.8922,39.68123555,-39.89215199,B,0.9915,0.9979,0.9916,SER
DESI-0039.7431-17.7919,39.74305257,-17.79194368,B,0.9997,0.9937,0.9919,REX
DESI-0041.2281-20.4435,41.22810362,-20.4435203,B,0.9947,0.9956,0.9917,SER
DESI-0045.3573-77.9322,45.35725161,-77.93215572,B,0.9991,0.9909,0.9918,SER
DESI-0046.5417-61.3517,46.54167223,-61.35166042,B,0.9949,0.9675,0.991,DEV
DESI-0047.1897-67.7287,47.18965045,-67.72874472,B,0.9739,0.9456,0.9889,SER
DESI-0049.9671-65.4377,49.96710534,-65.43770095,B,0.9996,0.9917,0.9919,SER
DESI-0050.9546-33.6544,50.95463431,-33.65443865,B,0.9837,0.9978,0.9912,SER
DESI-0053.4753-41.9132,53.47528569,-41.9132487,B,0.999,0.9793,0.9915,SER
DESI-0061.2389-49.3726,61.23885252,-49.37263855,B,0.9978,0.9971,0.9919,SER
DESI-0061.9915-60.5643,61.99153223,-60.5643267,B,0.9999,0.9988,0.9921,REX
DESI-0062.8019-54.2224,62.80194653,-54.22243998,B,0.9855,0.9934,0.9912,SER
DESI-0064.2866-48.8819,64.28655715,-48.88191315,B,0.9628,0.9896,0.9896,REX
DESI-0069.1130-13.3382,69.11303282,-13.33822958,B,0.945,0.9781,0.9879,SER
DESI-0071.3753-15.4465,71.37534857,-15.44653164,B,0.995,0.9648,0.9909,DEV
DESI-0074.3136-37.4264,74.31357147,-37.42636251,B,0.9999,0.9997,0.9921,REX
DESI-0078.0486-51.1928,78.0485617,-51.19280071,B,0.9983,0.999,0.992,REX
DESI-0078.7583-57.8305,78.7583322,-57.83054126,B,1.0,0.9994,0.9921,REX
DESI-0080.6734-43.7876,80.67341355,-43.78756115,B,1.0,0.9981,0.9921,SER
DESI-0080.7647-25.7549,80.76474665,-25.75489139,B,0.9755,0.9955,0.9906,SER
DESI-0089.4444-41.2222,89.44438721,-41.22224349,B,0.9997,0.9216,0.9898,DEV
DESI-0090.0731-23.8648,90.07312168,-23.8647855,B,0.952,0.9427,0.9871,SER
DESI-0090.2049-25.1406,90.20488678,-25.14060287,B,0.9984,0.9952,0.9919,SER
DESI-0092.6229-53.6798,92.62287927,-53.67979346,B,0.9998,0.9959,0.992,DEV
DESI-0092.9247-45.4556,92.92465984,-45.45562484,B,0.9724,0.9831,0.9901,SER
DESI-103.1756-51.9020,103.1756334,-51.90195651,B,0.9997,0.9792,0.9916,SER
DESI-108.2972-73.3200,108.2971548,-73.32002975,B,0.9899,0.9879,0.9913,EXP
DESI-139.2509-05.1914,139.2509341,-5.19143793,B,1.0,0.9637,0.9911,REX
DESI-141.6539+31.2896,141.6539428,31.28964627,B,0.9949,0.9129,0.9892,SER
DESI-145.3947-11.0153,145.3947205,-11.01529538,B,0.999,0.9944,0.9919,SER
DESI-147.2605-12.7274,147.2604663,-12.72741944,B,0.9997,0.9947,0.992,SER
DESI-155.2654-10.1211,155.2654377,-10.12108031,B,0.9979,0.9691,0.9912,SER
DESI-158.2667-18.7882,158.2667262,-18.78823691,B,0.9998,0.9988,0.9921,SER
DESI-160.2599-23.4104,160.2599059,-23.41040752,B,0.9999,0.9875,0.9918,SER
DESI-164.9975-24.8486,164.9975018,-24.84856431,B,0.993,0.9969,0.9917,SER
DESI-167.8503-21.9795,167.850319,-21.97952395,B,1.0,0.998,0.9921,SER
DESI-167.8994-07.8334,167.899401,-7.833426923,B,0.9951,0.9982,0.9918,SER
DESI-169.8035-32.1946,169.8034556,-32.19464771,B,0.9963,0.9975,0.9919,SER
DESI-175.7616-39.9247,175.7616214,-39.92472368,B,0.9956,0.8715,0.9877,SER
DESI-176.0139-36.9637,176.0138872,-36.96369983,B,0.9998,0.9938,0.992,SER
DESI-178.8038-27.8018,178.8038391,-27.8017729,B,0.9979,0.997,0.9919,SER
DESI-181.2298-40.8948,181.2297948,-40.89484352,B,0.9991,0.9979,0.992,SER
DESI-183.2340-28.5884,183.233994,-28.58836634,B,0.9991,0.9955,0.992,SER
DESI-184.4260+10.1488,184.4259972,10.14882934,B,0.994,0.9934,0.9916,SER
DESI-185.3220-19.0622,185.3219618,-19.06216126,B,0.9925,0.9391,0.9899,DEV
DESI-188.3891+06.6780,188.3890893,6.678011374,B,1.0,0.9987,0.9921,REX
DESI-188.9015-33.1770,188.9015008,-33.17696002,B,0.9991,0.9924,0.9919,DEV
DESI-190.1306+02.3001,190.1306011,2.300114018,B,0.9982,0.999,0.992,REX
DESI-191.5663-28.2800,191.566275,-28.27996242,B,1.0,0.9971,0.992,SER
DESI-193.7114-07.5113,193.7113714,-7.511291038,B,0.9992,0.9915,0.9919,REX
DESI-194.2923-12.4914,194.2923312,-12.49139642,B,1.0,0.9988,0.9921,SER
DESI-195.1906-10.4435,195.1906372,-10.44352819,B,0.987,0.9986,0.9914,SER
DESI-201.8940-34.1801,201.8940222,-34.18012285,B,0.9995,0.9995,0.9921,SER
DESI-202.7697-29.3164,202.7696838,-29.31641807,B,0.9999,1.0,0.9921,REX
DESI-203.1926-05.1193,203.1925611,-5.11934561,B,0.9684,0.947,0.9885,SER
DESI-204.2250-41.9660,204.2249545,-41.96598777,B,1.0,0.9989,0.9921,SER
DESI-206.8026-40.6697,206.8025979,-40.66970795,B,0.9999,0.9978,0.9921,REX
DESI-211.4002-11.6698,211.4001549,-11.66977627,B,1.0,0.996,0.992,REX
DESI-213.2463-03.3662,213.2463448,-3.366166301,B,0.9988,0.9988,0.992,SER
DESI-215.1852-03.4211,215.1852472,-3.421136324,B,0.9812,0.9805,0.9905,SER
DESI-222.4236-13.3797,222.4236471,-13.37972426,B,1.0,0.9991,0.9921,SER
DESI-231.1711-01.0936,231.1711134,-1.093647752,B,0.9999,0.9984,0.9921,SER
DESI-237.0982+01.9758,237.0982217,1.975762962,B,0.9595,0.9977,0.9897,SER
DESI-281.2240-61.9780,281.2240329,-61.97799848,B,0.9999,0.9992,0.9921,DEV
DESI-298.2370-30.1950,298.2369672,-30.19500847,B,1.0,0.9976,0.9921,REX
DESI-299.3164-30.0680,299.3163816,-30.06800082,B,0.9997,0.998,0.9921,SER
DESI-303.1147-52.6177,303.1147145,-52.61774511,B,0.9982,0.9964,0.9919,DEV
DESI-304.8058-51.9381,304.8057738,-51.93814607,B,1.0,0.9999,0.9921,REX
DESI-324.0340-52.7162,324.0340353,-52.71622321,B,0.9993,0.9938,0.9919,REX
DESI-327.9232-63.1726,327.9231759,-63.17259916,B,0.9691,0.9986,0.9903,SER
DESI-349.2004-61.2582,349.2004052,-61.2581579,B,0.9982,0.9778,0.9914,DEV
DESI-349.4822-49.2200,349.482231,-49.21998045,B,0.9731,0.9947,0.9905,SER
DESI-352.6746-53.6644,352.6746123,-53.66441323,B,0.9968,0.9696,0.9911,SER
DESI-000.2425+28.3941,0.2424818443,28.39414981,C,0.9603,0.9392,0.9876,SER
DESI-000.3424-63.6201,0.3424072691,-63.62005299,C,0.9599,0.9544,0.9882,SER
DESI-000.3972-28.7365,0.3972372069,-28.73649639,C,0.9725,0.9928,0.9904,REX
DESI-000.6061-04.2217,0.6060674134,-4.22170051,C,0.9998,0.9969,0.992,SER
DESI-001.0469-38.6902,1.046910193,-38.69021892,C,0.9992,0.9859,0.9917,SER
DESI-001.1162-38.7352,1.116164577,-38.73522526,C,0.9997,0.996,0.992,SER
DESI-001.5625-37.4350,1.562465367,-37.43502865,C,0.9794,0.9559,0.9896,SER
DESI-001.7373+21.4946,1.737261498,21.49461373,C,0.9964,0.8907,0.9885,DEV
DESI-002.0245-00.4218,2.024455211,-0.4217788739,C,0.9918,0.9833,0.9912,REX
DESI-002.1012-04.8138,2.101192685,-4.813803743,C,0.9806,0.9861,0.9907,REX
DESI-002.3422-15.1501,2.342192369,-15.15011741,C,0.9594,0.987,0.9893,SER
DESI-002.3575-75.4923,2.357496758,-75.49226772,C,0.9968,0.9951,0.9918,REX
DESI-002.4877-39.7109,2.487721072,-39.71092519,C,0.968,0.9291,0.9878,SER
DESI-003.0061-67.2316,3.006140973,-67.23160934,C,0.9312,0.9766,0.9867,SER
DESI-003.2191-28.7122,3.219144019,-28.71218669,C,0.9888,0.9911,0.9913,REX
DESI-003.3339-15.0480,3.333933803,-15.04795764,C,0.9986,0.9985,0.992,SER
DESI-003.4492-63.3342,3.449234507,-63.33423211,C,0.9951,0.998,0.9918,SER
DESI-003.4631-69.9113,3.463145645,-69.91131686,C,0.986,0.924,0.989,SER
DESI-003.5785-33.4147,3.578544635,-33.41466801,C,0.9636,0.9623,0.9887,SER
DESI-003.6061-34.7929,3.606077634,-34.79290935,C,0.9999,0.9918,0.9919,EXP
DESI-003.8822-38.7963,3.882198979,-38.79633206,C,0.996,0.9974,0.9918,SER
DESI-004.5789+04.7982,4.578891684,4.798243592,C,0.9808,0.9835,0.9906,SER
DESI-004.6881-37.8011,4.688134167,-37.80110792,C,0.9928,0.9753,0.9911,EXP
DESI-004.8381-68.6127,4.838122933,-68.61268156,C,0.9997,0.991,0.9919,SER
DESI-005.3938-35.4699,5.393818377,-35.46993317,C,0.9982,0.9421,0.9904,REX
DESI-005.4135-38.8366,5.413488829,-38.83658626,C,0.9894,0.9819,0.9911,SER
DESI-005.4152-55.7101,5.415162532,-55.71007446,C,0.9367,0.9744,0.9871,SER
DESI-005.4825-39.9687,5.482489621,-39.9686509,C,0.9989,0.9889,0.9918,SER
DESI-005.4885-32.5860,5.488473192,-32.58597842,C,0.9872,0.8829,0.9875,SER
DESI-005.7258+27.0315,5.725845397,27.03147227,C,0.9932,0.9973,0.9917,SER
DESI-005.8856-01.7979,5.885577636,-1.797943198,C,0.9415,0.9686,0.9873,DEV
DESI-006.0890-04.4311,6.089001591,-4.431123126,C,0.9998,0.9481,0.9907,EXP
DESI-006.3425-68.7574,6.342451397,-68.75743744,C,0.9941,0.9991,0.9918,SER
DESI-006.5058-51.7124,6.505830805,-51.7124403,C,0.9839,0.9452,0.9896,SER
DESI-006.5853-32.9369,6.585284621,-32.93685905,C,0.9587,0.9573,0.9882,REX
DESI-006.6716-05.2874,6.671646863,-5.287357041,C,0.997,0.981,0.9915,SER
DESI-006.9263-37.8436,6.926300877,-37.84361426,C,0.9968,0.9354,0.9901,REX
DESI-007.0183-56.9846,7.018315055,-56.98463001,C,0.9836,0.9924,0.991,SER
DESI-007.3108-49.8331,7.310788761,-49.83306691,C,0.9772,0.9947,0.9907,REX
DESI-007.3190-58.8286,7.319013639,-58.82855709,C,0.9989,0.9952,0.9919,SER
DESI-007.3476+11.3986,7.347586192,11.39860075,C,0.978,0.9983,0.9909,REX
DESI-007.5016-84.9130,7.501582717,-84.91300937,C,0.9993,0.9998,0.9921,EXP
DESI-007.6076-23.3554,7.607557574,-23.35541528,C,0.9912,0.944,0.99,REX
DESI-007.7853-30.6301,7.78534043,-30.63013368,C,0.9973,0.9199,0.9896,SER
DESI-007.9902-32.0430,7.99022168,-32.04297183,C,0.9381,0.9676,0.987,SER
DESI-008.2511-39.0700,8.251079876,-39.06999944,C,0.935,0.9874,0.9875,EXP
DESI-008.2670+19.2309,8.266975463,19.23093008,C,0.9726,0.9872,0.9902,SER
DESI-008.5918-27.4232,8.591785299,-27.42317292,C,0.9977,0.9894,0.9917,REX
DESI-008.6753-43.2391,8.67528707,-43.23907173,C,0.9646,0.9742,0.9892,SER
DESI-008.8500-37.5028,8.849958206,-37.50279804,C,0.9773,0.9501,0.9893,SER
DESI-008.8753-60.5111,8.875267245,-60.51108736,C,0.9983,0.9303,0.99,DEV
DESI-008.9045-22.4358,8.904512905,-22.43576148,C,0.9986,0.9988,0.992,SER
DESI-009.0801-07.2907,9.0801159,-7.290740705,C,1.0,0.9961,0.992,SER
DESI-009.0816-05.1088,9.081646612,-5.108841916,C,0.9754,0.9912,0.9905,DEV
DESI-009.1276-01.3310,9.127598642,-1.330986773,C,0.9807,0.9886,0.9907,REX
DESI-009.3874-27.1976,9.387390597,-27.19758174,C,0.9996,0.9792,0.9915,EXP
DESI-009.8678-29.1412,9.867831632,-29.14116816,C,0.9281,0.9944,0.9872,SER
DESI-0010.0246+01.1748,10.02456302,1.174766443,C,0.9965,0.9633,0.9909,SER
DESI-0011.0656+01.0868,11.06561973,1.086786161,C,0.9997,0.9955,0.992,SER
DESI-0011.4938-60.5544,11.49381605,-60.55442204,C,0.9532,0.9724,0.9883,EXP
DESI-0012.1495+21.0465,12.14951517,21.04648115,C,0.9983,0.9841,0.9916,DEV
DESI-0012.3692-17.3373,12.36922401,-17.33728947,C,0.9958,0.9674,0.991,REX
DESI-0012.5029-54.0590,12.50285479,-54.05896944,C,0.9955,0.9104,0.9891,DEV
DESI-0012.6132-27.5593,12.61317202,-27.55933977,C,0.9717,0.8963,0.9867,SER
DESI-0012.6667-79.5742,12.66670126,-79.57421191,C,0.941,0.9846,0.9879,SER
DESI-0012.7482+20.6472,12.7481898,20.64721335,C,0.9924,0.9981,0.9917,SER
DESI-0013.0386-02.8350,13.03858876,-2.835001871,C,0.9989,0.989,0.9918,SER
DESI-0013.1474-57.7769,13.14743477,-57.77689623,C,0.9555,0.9863,0.989,SER
DESI-0013.3599-17.4142,13.35985968,-17.4142198,C,0.9975,0.9583,0.9908,REX
DESI-0013.3900-24.4834,13.3900296,-24.48335066,C,1.0,0.9997,0.9921,SER
DESI-0013.5004-54.8946,13.50044866,-54.89458818,C,0.9788,0.9936,0.9908,REX
DESI-0013.5400-16.7454,13.53995952,-16.74540571,C,0.9849,0.9869,0.9909,DEV
DESI-0013.6359-46.4444,13.63591843,-46.44444192,C,0.9975,0.9923,0.9918,REX
DESI-0013.6404-40.0483,13.64039561,-40.04834732,C,1.0,0.9996,0.9921,SER
DESI-0013.6895-44.3078,13.68949192,-44.30783046,C,0.9905,0.9845,0.9912,REX
DESI-0013.7208-41.2879,13.72081361,-41.28789622,C,1.0,0.9957,0.992,REX
DESI-0013.8403-50.1636,13.84025171,-50.16364603,C,0.9779,0.9243,0.9884,SER
DESI-0013.8688-02.4166,13.86876484,-2.416558294,C,0.9978,0.9444,0.9904,REX
DESI-0013.8808-43.8927,13.88076542,-43.89273254,C,0.973,0.9081,0.9874,DEV
DESI-0014.6124-21.1789,14.61241294,-21.17889378,C,0.9284,0.9906,0.9871,SER
DESI-0014.7411-33.1773,14.7411196,-33.17729948,C,0.9956,0.983,0.9914,SER
DESI-0014.7881-48.9891,14.78811164,-48.98907111,C,0.9927,0.9926,0.9915,SER
DESI-0014.9077-26.7061,14.90770831,-26.70610396,C,0.9898,0.9482,0.99,SER
DESI-0014.9605-45.7755,14.96048868,-45.77547348,C,0.9979,0.945,0.9904,SER
DESI-0015.0931-46.2428,15.09307566,-46.24283965,C,0.9828,0.9971,0.9911,SER
DESI-0015.1685-51.0243,15.16846046,-51.02428254,C,0.9468,0.9562,0.9872,DEV
DESI-0015.2831-29.6098,15.28305502,-29.60983429,C,0.9706,0.9634,0.9893,SER
DESI-0015.5920-00.4811,15.59203803,-0.4811197913,C,0.9942,0.9654,0.9908,DEV
DESI-0015.8948-47.3815,15.89477606,-47.38147166,C,0.9999,0.9989,0.9921,DEV
DESI-0016.0771-63.4578,16.07708536,-63.45782005,C,0.9524,0.9919,0.989,SER
DESI-0016.8814-23.3314,16.88136595,-23.33135089,C,0.9708,0.9777,0.9898,SER
DESI-0016.9524-09.6853,16.95244418,-9.685268909,C,0.994,0.9528,0.9905,SER
DESI-0017.0098-15.5156,17.00980924,-15.51559352,C,0.9954,0.9259,0.9897,REX
DESI-0017.1414-63.5072,17.14138705,-63.50716075,C,0.9398,0.9769,0.9875,SER
DESI-0017.3300-55.7502,17.32997812,-55.75022057,C,0.9772,0.9937,0.9907,DEV
DESI-0017.3508-57.8427,17.35079363,-57.84267278,C,0.9784,0.9947,0.9908,SER
DESI-0017.5842-28.9880,17.58423085,-28.98798424,C,0.9859,0.9656,0.9903,SER
DESI-0017.6154-23.5637,17.61543275,-23.56369505,C,0.9988,0.9777,0.9915,SER
DESI-0017.8428-28.5966,17.8428065,-28.59656968,C,0.991,0.9724,0.9909,REX
DESI-0017.9861-46.0896,17.98607024,-46.08957643,C,0.971,0.9636,0.9893,SER
DESI-0018.5356+26.1703,18.53557312,26.17029261,C,0.9999,0.9981,0.9921,REX
DESI-0018.5817-23.9788,18.58174622,-23.97881103,C,0.9995,0.9978,0.992,REX
DESI-0018.6121-12.3845,18.61206094,-12.3845477,C,0.9983,0.9778,0.9914,SER
DESI-0018.6969-03.2563,18.69693738,-3.256300966,C,0.976,0.9244,0.9882,SER
DESI-0018.7252-32.8785,18.72523759,-32.87854599,C,0.9372,0.9879,0.9877,SER
DESI-0018.8830+11.1898,18.88301157,11.18984676,C,0.9573,0.9666,0.9884,SER
DESI-0018.9500-59.5292,18.94998023,-59.52919134,C,0.992,0.9976,0.9916,SER
DESI-0018.9776-11.2612,18.97763026,-11.26119333,C,0.9999,0.9954,0.992,REX
DESI-0019.4269-31.4590,19.42692153,-31.45904289,C,1.0,0.9996,0.9921,EXP
DESI-0019.5427-41.4853,19.54273628,-41.48532948,C,0.9979,0.8863,0.9884,DEV
DESI-0019.6772-65.3367,19.67724301,-65.33673272,C,1.0,0.9971,0.992,SER
DESI-0019.8231-58.6836,19.82306644,-58.68363756,C,0.9967,0.9908,0.9917,REX
DESI-0019.8248-44.3577,19.8247633,-44.35768325,C,0.9998,0.9887,0.9918,SER
DESI-0020.1323-15.0764,20.13227307,-15.07639125,C,0.9928,0.9441,0.9901,REX
DESI-0020.2762-55.9674,20.27623668,-55.96738398,C,0.9957,0.9978,0.9918,SER
DESI-0020.3470-16.4236,20.34698742,-16.4236072,C,0.9831,0.9681,0.9903,REX
DESI-0020.4403-14.5075,20.44034133,-14.50746263,C,0.9583,0.9717,0.9887,SER
DESI-0020.7563-24.6186,20.75628077,-24.618613,C,0.9999,0.9969,0.992,EXP
DESI-0020.8353-52.0196,20.83525495,-52.01955995,C,0.9967,0.9739,0.9912,SER
DESI-0020.8542-48.1807,20.85417497,-48.18070546,C,0.9984,0.9947,0.9919,SER
DESI-0020.8848-35.9580,20.88479536,-35.95799033,C,0.999,0.9984,0.992,REX
DESI-0021.0805-30.5078,21.08049539,-30.5078393,C,0.9999,0.9974,0.992,REX
DESI-0021.1421+18.6933,21.14213973,18.69325662,C,0.9998,0.9953,0.992,REX
DESI-0021.1666-66.9783,21.1666428,-66.97834659,C,0.9881,0.9952,0.9914,REX
DESI-0021.3853-47.7066,21.38527462,-47.70663288,C,0.9998,0.9922,0.9919,DEV
DESI-0021.5514-16.6169,21.55138217,-16.61693054,C,0.9477,0.9895,0.9886,EXP
DESI-0021.6308-58.3127,21.63084848,-58.31267675,C,0.9444,0.9775,0.9879,DEV
DESI-0022.1765-12.7229,22.17652843,-12.72290708,C,0.9958,0.9792,0.9913,SER
DESI-0022.3851+21.9801,22.38510409,21.98007746,C,0.9962,0.9906,0.9917,SER
DESI-0022.8620-46.1397,22.86200547,-46.13970222,C,0.9838,0.9537,0.9898,SER
DESI-0023.2116-40.2713,23.21160577,-40.27130628,C,0.9926,0.9998,0.9917,REX
DESI-0023.5271-34.1526,23.52706571,-34.15260033,C,0.9949,0.9983,0.9918,SER
DESI-0023.5998-13.5861,23.59980303,-13.58605781,C,0.9682,0.9317,0.9879,SER
DESI-0024.3737-11.4378,24.37368646,-11.43776638,C,0.9892,0.9661,0.9906,REX
DESI-0024.4089-37.0898,24.40893937,-37.08977712,C,0.9806,0.9982,0.991,REX
DESI-0024.4342-00.0678,24.4342155,-0.06776872119,C,0.9733,0.989,0.9903,SER
DESI-0024.8117-10.8035,24.81170595,-10.80351414,C,0.994,0.9981,0.9918,SER
DESI-0024.9083+00.1816,24.90832142,0.1815801851,C,0.9901,0.9989,0.9916,SER
DESI-0025.1565-27.6698,25.15652842,-27.66975672,C,0.989,0.9933,0.9914,SER
DESI-0025.5584-30.4786,25.55836101,-30.4785816,C,0.9614,0.9519,0.9882,SER
DESI-0025.7699-24.5312,25.76988421,-24.53123061,C,0.9907,0.9719,0.9908,SER
DESI-0025.8295-13.5085,25.82949981,-13.50845574,C,0.9992,0.9978,0.992,SER
DESI-0026.0077-75.5535,26.00770754,-75.55348371,C,0.9999,0.9816,0.9916,SER
DESI-0026.1060-39.0941,26.1059777,-39.09409221,C,0.999,0.98,0.9915,SER
DESI-0026.1108-24.2993,26.11083888,-24.29929688,C,0.926,0.9966,0.9872,SER
DESI-0026.3556-38.9697,26.35560814,-38.96973614,C,0.974,0.9816,0.9901,DEV
DESI-0026.4317-42.1841,26.43168822,-42.1840708,C,1.0,0.9997,0.9921,REX
DESI-0026.5215-62.6214,26.52153756,-62.62141929,C,0.9793,0.922,0.9884,DEV
DESI-0026.7384-83.1333,26.73843992,-83.13326371,C,0.9251,0.9929,0.9869,SER
DESI-0026.7762-17.4844,26.77623898,-17.48439292,C,0.9891,0.9963,0.9914,DEV
DESI-0027.3456-51.4509,27.34564186,-51.45087134,C,0.9657,0.962,0.9889,REX
DESI-0027.4252-33.0272,27.4252111,-33.02720127,C,0.9666,0.9805,0.9896,SER
DESI-0027.5259-05.4439,27.52588946,-5.443861741,C,0.9988,0.9847,0.9917,DEV
DESI-0027.5731-05.4005,27.57305217,-5.40047236,C,0.9561,0.9937,0.9893,REX
DESI-0027.5858-21.5960,27.58575799,-21.59602636,C,0.9997,0.9981,0.9921,SER
DESI-0027.6353-26.5701,27.63530776,-26.57010818,C,0.9827,0.9746,0.9904,SER
DESI-0027.8501-21.2769,27.85011627,-21.2769277,C,0.9995,0.9995,0.9921,SER
DESI-0028.0185-28.2518,28.01848276,-28.25183767,C,0.9925,0.9944,0.9916,SER
DESI-0028.0231-32.7019,28.02305615,-32.70185469,C,0.9974,0.9899,0.9917,SER
DESI-0028.0658-10.4599,28.06576682,-10.4598768,C,0.9981,0.9989,0.992,SER
DESI-0028.5376+32.3105,28.53760574,32.31054216,C,0.9948,0.948,0.9904,SER
DESI-0028.9217-66.4391,28.92166878,-66.43908683,C,0.9995,0.9949,0.992,SER
DESI-0029.4560-45.6279,29.45601097,-45.62793409,C,0.9426,0.9844,0.988,SER
DESI-0029.5185-00.4885,29.51854539,-0.4884992836,C,0.9835,0.9324,0.9891,SER
DESI-0029.5669-26.7643,29.566921,-26.76428525,C,0.9741,0.9192,0.9879,SER
DESI-0029.6238-09.6188,29.62380131,-9.618811906,C,0.9937,0.9009,0.9887,SER
DESI-0030.2340-45.2470,30.2339577,-45.24698379,C,0.9937,0.9711,0.991,DEV
DESI-0030.3566-42.6090,30.35657159,-42.60901359,C,0.9995,0.9987,0.9921,SER
DESI-0030.3904-07.4899,30.39036123,-7.489869999,C,0.9266,0.9892,0.9869,SER
DESI-0030.4140-44.1030,30.4140286,-44.10299493,C,0.985,0.9193,0.9887,REX
DESI-0030.7418-30.3578,30.7418463,-30.35778406,C,0.9844,0.9786,0.9907,SER
DESI-0030.7544-24.4210,30.75442934,-24.42097871,C,0.9919,0.9309,0.9896,SER
DESI-0031.1051-14.9429,31.10506008,-14.9429005,C,0.9958,0.9829,0.9914,REX
DESI-0031.3446-75.0045,31.34457016,-75.00449804,C,0.9996,0.972,0.9913,SER
DESI-0031.4241-27.9242,31.42414307,-27.92419767,C,0.9995,0.9664,0.9912,SER
DESI-0031.4629-19.0090,31.46292935,-19.00896087,C,0.9995,0.9916,0.9919,SER
DESI-0031.9698-37.0611,31.9698345,-37.06105829,C,0.9977,0.9978,0.9919,SER
DESI-0032.1861-25.6758,32.18605384,-25.67579904,C,0.9947,0.9983,0.9918,SER
DESI-0032.4450-66.0441,32.44498004,-66.04408883,C,1.0,0.9995,0.9921,REX
DESI-0032.6005-24.8648,32.60054703,-24.8647961,C,0.9445,0.9951,0.9885,SER
DESI-0032.8095-58.9359,32.80947591,-58.93587189,C,0.997,0.989,0.9917,REX
DESI-0033.0148-59.5948,33.01484515,-59.59483342,C,0.9735,0.9097,0.9875,SER
DESI-0033.1230-15.4504,33.12303893,-15.45037273,C,0.9965,0.9981,0.9919,SER
DESI-0033.4158-25.3955,33.41580037,-25.39547982,C,0.9988,0.9775,0.9915,SER
DESI-0033.6473+00.0750,33.64730386,0.07498393477,C,1.0,0.9997,0.9921,SER
DESI-0034.1472-55.1317,34.14723068,-55.13170387,C,1.0,0.9993,0.9921,REX
DESI-0034.1998-65.8289,34.19978541,-65.82887149,C,0.9999,0.9924,0.9919,REX
DESI-0034.2553-15.6902,34.25525759,-15.69017483,C,0.9994,0.9241,0.9899,DEV
DESI-0034.4640-14.7833,34.46396057,-14.78333876,C,0.9906,0.9794,0.991,SER
DESI-0035.0701-12.9660,35.0701162,-12.96603654,C,0.9936,0.9613,0.9907,SER
DESI-0035.3257-25.8058,35.32569548,-25.80578479,C,0.9968,0.997,0.9919,SER
DESI-0035.5867-53.4933,35.58673629,-53.49329699,C,1.0,0.9997,0.9921,DEV
DESI-0035.6165-30.9810,35.6164756,-30.98096878,C,0.9953,0.9457,0.9903,SER
DESI-0036.0461-21.0569,36.046078,-21.05694361,C,0.9708,0.9921,0.9902,SER
DESI-0036.2334+01.4520,36.23337513,1.451998117,C,0.9986,0.9658,0.9911,SER
DESI-0036.3171-62.1459,36.31707267,-62.14593264,C,0.9815,0.9292,0.9888,SER
DESI-0036.3622-04.3550,36.36222303,-4.354998294,C,1.0,0.9997,0.9921,SER
DESI-0036.4706-66.7697,36.47056803,-66.76966298,C,0.9978,0.9834,0.9916,SER
DESI-0036.9512-38.9987,36.95115842,-38.99873991,C,0.9973,0.9831,0.9915,DEV
DESI-0037.9837+11.7835,37.98365519,11.78345605,C,1.0,0.9966,0.992,SER
DESI-0038.1238-70.0741,38.12379961,-70.07412732,C,0.9831,0.9931,0.991,DEV
DESI-0038.2851-48.5927,38.28509152,-48.59274194,C,0.9967,0.9333,0.99,SER
DESI-0038.5352+04.2527,38.53522077,4.252739995,C,0.9932,0.9968,0.9917,SER
DESI-0039.1100-33.9190,39.11001932,-33.91903584,C,0.9947,0.9969,0.9918,SER
DESI-0039.3112-28.1220,39.31122399,-28.12199003,C,0.9991,0.9943,0.9919,SER
DESI-0039.7596-21.5725,39.75958636,-21.57250525,C,0.9322,0.9949,0.9876,SER
DESI-0040.0161-16.1209,40.0160894,-16.12085114,C,0.9612,0.9752,0.989,SER
DESI-0040.4192-22.1086,40.41921017,-22.10858105,C,0.9968,0.9976,0.9919,SER
DESI-0040.8521-02.7061,40.85206888,-2.706117613,C,0.9837,0.9301,0.989,SER
DESI-0040.9562-39.1181,40.9562306,-39.11813283,C,0.9947,0.9648,0.9909,REX
DESI-0042.2448-27.7318,42.24482701,-27.73184674,C,0.9689,0.9486,0.9886,SER
DESI-0042.7633-66.8423,42.76329601,-66.84234795,C,0.9771,0.9991,0.9908,SER
DESI-0042.7812-39.8764,42.78121072,-39.8763532,C,0.9974,0.9965,0.9919,SER
DESI-0042.9552-25.5562,42.95524182,-25.55618689,C,0.9556,0.9868,0.989,EXP
DESI-0043.0613-45.6242,43.06127678,-45.62418836,C,0.9947,0.9641,0.9908,SER
DESI-0043.3772-51.6913,43.37723339,-51.6913428,C,0.9961,0.9276,0.9898,SER
DESI-0043.5937-44.2334,43.59369611,-44.2333631,C,0.9954,0.9964,0.9918,REX
DESI-0044.0221-42.7191,44.02207406,-42.7190836,C,0.9996,0.9981,0.9921,DEV
DESI-0045.0893+05.6127,45.08930632,5.612740208,C,0.9857,0.9676,0.9904,EXP
DESI-0045.1812-22.9095,45.18119039,-22.90945593,C,0.9573,0.9719,0.9886,SER
DESI-0045.9714-51.4427,45.97140578,-51.44274451,C,0.9998,0.9986,0.9921,SER
DESI-0046.6553-53.3709,46.65534155,-53.37087579,C,0.9954,0.9833,0.9914,SER
DESI-0047.1148-33.7470,47.11479274,-33.74703321,C,0.9734,0.9596,0.9893,REX
DESI-0047.1849-47.8141,47.18491443,-47.8141037,C,0.9991,0.9686,0.9912,REX
DESI-0047.5185-57.8173,47.51853653,-57.81728554,C,0.9955,0.999,0.9919,SER
DESI-0047.8809-56.4639,47.88091191,-56.46394454,C,0.9368,0.9766,0.9872,DEV
DESI-0048.2209-58.6193,48.22087355,-58.61926969,C,0.9981,0.9845,0.9916,SER
DESI-0048.4303-19.7355,48.43028965,-19.73545506,C,0.9956,0.9973,0.9918,EXP
DESI-0048.9578-18.2398,48.95777091,-18.23984799,C,0.9959,0.931,0.9899,DEV
DESI-0049.1309+01.8289,49.13087092,1.82889668,C,0.98,0.9632,0.9899,DEV
DESI-0049.7469-34.2432,49.74691768,-34.24317581,C,0.9991,0.9925,0.9919,REX
DESI-0049.9491-64.8554,49.9490586,-64.85544978,C,0.9994,0.9973,0.992,SER
DESI-0050.6701-47.9437,50.67007538,-47.94373476,C,0.9973,0.9933,0.9918,SER
DESI-0050.7391-44.1629,50.73912445,-44.16291792,C,0.992,0.9874,0.9914,REX
DESI-0052.1117-45.3995,52.11171862,-45.39945914,C,0.9992,0.9005,0.9891,REX
DESI-0052.7724-50.3595,52.77236061,-50.35950944,C,0.9739,0.9841,0.9902,REX
DESI-0052.9279-17.6457,52.92790541,-17.64573928,C,0.9991,0.9756,0.9914,SER
DESI-0053.3041-38.4125,53.30409708,-38.41246457,C,0.9965,0.9187,0.9895,REX
DESI-0053.3089-84.8903,53.30890049,-84.89034961,C,0.9984,0.9998,0.992,SER
DESI-0053.5182-43.5180,53.51817716,-43.51798925,C,0.9999,0.9997,0.9921,SER
DESI-0053.5439-24.0116,53.5439034,-24.01161533,C,0.958,0.9946,0.9895,SER
DESI-0054.2729-71.5976,54.27285023,-71.59761745,C,1.0,0.9961,0.992,REX
DESI-0054.5246-27.6522,54.5246497,-27.65217686,C,0.9831,0.9547,0.9898,DEV
DESI-0054.5750-39.7877,54.57503476,-39.78770462,C,0.9624,0.9881,0.9896,SER
DESI-0054.7486-72.5852,54.74859321,-72.58515095,C,0.999,0.9317,0.9901,SER
DESI-0054.9859-20.7405,54.98588042,-20.74047808,C,0.9836,0.9451,0.9895,EXP
DESI-0055.5217-15.0663,55.52174154,-15.06626132,C,0.9896,0.9963,0.9915,EXP
DESI-0055.5673-43.8485,55.56725852,-43.84848365,C,0.9481,0.9465,0.9869,SER
DESI-0055.7554-64.7712,55.75540779,-64.7712402,C,0.978,0.9399,0.989,REX
DESI-0057.0505-52.1807,57.05046681,-52.18073301,C,0.9875,0.9892,0.9912,SER
DESI-0057.0795-46.5773,57.07946832,-46.57734425,C,1.0,0.9977,0.9921,REX
DESI-0057.3379-49.5223,57.33794293,-49.52234277,C,0.9859,0.9686,0.9904,REX
DESI-0057.6174-34.6909,57.61739246,-34.69091215,C,0.9965,0.9893,0.9917,REX
DESI-0057.6938-37.8832,57.69378884,-37.88322727,C,0.9502,0.9393,0.9868,SER
DESI-0057.7699-36.4319,57.76987794,-36.4318807,C,0.9613,0.9887,0.9895,SER
DESI-0058.3581-18.5635,58.35808531,-18.56354952,C,0.9602,0.9597,0.9884,SER
DESI-0058.6092-48.2281,58.60920705,-48.22812261,C,0.9981,0.9974,0.992,REX
DESI-0058.7008-13.0576,58.70076004,-13.05759609,C,0.9468,0.9625,0.9874,SER
DESI-0058.7645-03.3737,58.76447176,-3.373717529,C,0.9792,0.9945,0.9908,DEV
DESI-0059.1467-37.1651,59.14673228,-37.16514031,C,0.9869,0.9212,0.9889,REX
DESI-0059.4334-47.6368,59.43341018,-47.63684493,C,0.9849,0.9614,0.9902,DEV
DESI-0060.6747-19.7382,60.67466771,-19.73821826,C,0.9937,0.9977,0.9917,SER
DESI-0060.7376-36.8535,60.73763776,-36.85345566,C,0.9952,0.9645,0.9909,REX
DESI-0061.3497-65.7679,61.349712,-65.76792557,C,0.9728,0.9599,0.9893,SER
DESI-0061.5470-47.0613,61.54700675,-47.06132271,C,0.9971,0.9894,0.9917,SER
DESI-0061.7436-30.7405,61.74355374,-30.74053417,C,0.9985,0.9915,0.9918,SER
DESI-0061.7460-01.8087,61.74601645,-1.808694478,C,0.9997,0.9931,0.9919,REX
DESI-0061.8288-57.3975,61.82876949,-57.3974898,C,0.954,0.9778,0.9886,REX
DESI-0062.0720-31.2502,62.07196579,-31.25024768,C,0.9998,0.9833,0.9917,REX
DESI-0062.4916-47.9312,62.49157638,-47.93116744,C,0.9662,0.9883,0.9898,REX
DESI-0062.7018-66.4088,62.70180719,-66.40878101,C,0.9768,0.9643,0.9897,DEV
DESI-0062.7213-30.2905,62.72129648,-30.29050344,C,0.9539,0.9381,0.987,SER
DESI-0063.3034-61.8603,63.30341451,-61.86029131,C,0.9964,0.9898,0.9917,SER
DESI-0063.8170-42.7365,63.81697383,-42.73651858,C,0.9996,0.9811,0.9916,REX
DESI-0064.2358-66.6713,64.23580094,-66.67126586,C,0.9997,0.9999,0.9921,DEV
DESI-0064.6997-21.2061,64.69971139,-21.2060837,C,1.0,0.9997,0.9921,SER
DESI-0065.0196-24.3315,65.01957396,-24.33145664,C,0.9241,0.9946,0.9869,DEV
DESI-0065.8168-51.6738,65.8167909,-51.67382825,C,0.9958,0.9805,0.9914,SER
DESI-0066.1934-38.1521,66.19336433,-38.15209176,C,0.9506,0.9807,0.9885,DEV
DESI-0068.1283-65.8216,68.12834078,-65.82158549,C,0.9989,0.9845,0.9917,SER
DESI-0068.2546-56.5281,68.25455505,-56.52808213,C,0.9943,0.9888,0.9915,SER
DESI-0068.6503-18.2855,68.65034746,-18.28551815,C,0.961,0.9307,0.9873,SER
DESI-0069.1434-41.0813,69.1433911,-41.08130345,C,0.9942,0.9337,0.9898,SER
DESI-0069.7119-49.8364,69.71193638,-49.83638902,C,0.9926,0.9961,0.9916,SER
DESI-0070.6270-36.5507,70.62703235,-36.55069249,C,0.9684,0.9822,0.9898,SER
DESI-0071.3394-53.1851,71.33938285,-53.18506202,C,0.9973,0.9666,0.9911,DEV
DESI-0071.5437-54.3720,71.54373806,-54.37202057,C,0.9961,0.9897,0.9916,SER
DESI-0072.1512-51.7048,72.15121068,-51.70479604,C,0.9545,0.9385,0.9871,SER
DESI-0072.2503-35.4206,72.25025134,-35.4205943,C,0.9937,0.9988,0.9918,SER
DESI-0073.0224-01.5421,73.02240964,-1.542050821,C,0.9552,0.987,0.989,SER
DESI-0073.3751-36.6990,73.37509671,-36.69897163,C,0.9919,0.8678,0.9872,SER
DESI-0074.0183-39.1103,74.01826331,-39.11026637,C,0.99,0.9104,0.9887,DEV
DESI-0074.3386-49.1352,74.33860466,-49.13517686,C,0.9966,0.9635,0.9909,REX
DESI-0074.5884-00.7554,74.58841778,-0.7554375665,C,0.9995,0.986,0.9917,REX
DESI-0074.7265-50.6788,74.72653369,-50.67875258,C,0.9986,0.8885,0.9886,DEV
DESI-0074.7426-78.3516,74.74258477,-78.35159571,C,0.9565,0.9741,0.9886,SER
DESI-0075.8485-05.8455,75.84852071,-5.845469045,C,0.9933,0.9447,0.9902,SER
DESI-0076.1354-11.8836,76.13544145,-11.88364506,C,0.9887,0.9966,0.9914,SER
DESI-0076.5343-51.9985,76.53433632,-51.9984602,C,0.9995,0.9956,0.992,SER
DESI-0076.5637-60.3824,76.56372725,-60.38241709,C,0.9946,0.9777,0.9912,DEV
DESI-0077.6190-25.4314,77.61896798,-25.43138754,C,0.9987,0.988,0.9917,SER
DESI-0078.7386-20.0048,78.73864854,-20.00476667,C,0.996,0.9745,0.9912,SER
DESI-0078.8621-45.3134,78.86210707,-45.31343681,C,0.9997,0.9973,0.992,REX
DESI-0078.9167-33.4020,78.91671697,-33.40200965,C,0.998,0.9992,0.992,SER
DESI-0078.9848-58.4424,78.98484141,-58.44244336,C,0.9832,0.9416,0.9894,DEV
DESI-0079.3561-76.7896,79.35612381,-76.78956439,C,0.997,0.957,0.9908,SER
DESI-0079.5592-22.8592,79.55922948,-22.85923404,C,1.0,0.9938,0.992,SER
DESI-0080.4223-29.9938,80.42226099,-29.99384759,C,0.9963,0.9988,0.9919,SER
DESI-0080.7573-45.3210,80.75728152,-45.32096122,C,0.9986,0.9662,0.9911,REX
DESI-0080.8650-36.0282,80.8650204,-36.02815883,C,0.9955,0.9872,0.9915,REX
DESI-0081.9879-18.1681,81.98785921,-18.16808133,C,0.9999,0.9943,0.992,SER
DESI-0083.2027-83.9000,83.20269651,-83.90001642,C,0.988,0.9912,0.9912,REX
DESI-0083.7644-54.8798,83.76442664,-54.87984931,C,0.9845,0.9039,0.9881,SER
DESI-0084.6392-48.2867,84.6391721,-48.28666284,C,0.9933,0.9978,0.9917,DEV
DESI-0085.0924-79.6113,85.09238829,-79.61132334,C,0.958,0.969,0.9886,DEV
DESI-0085.5973-47.6705,85.5973354,-47.67054053,C,0.9846,0.9596,0.9901,SER
DESI-0085.8775-40.9544,85.87751274,-40.9544089,C,0.9958,0.8852,0.9882,SER
DESI-0086.3490-28.3023,86.34899553,-28.30232263,C,1.0,0.9844,0.9917,DEV
DESI-0086.7180-24.3579,86.71798466,-24.35785687,C,0.9769,0.9638,0.9897,SER
DESI-0086.8650-31.7236,86.86503091,-31.72359805,C,0.9745,0.9812,0.9901,DEV
DESI-0087.0534-57.5362,87.05340354,-57.53623066,C,0.9558,0.9371,0.9871,DEV
DESI-0089.0599-29.0688,89.05986964,-29.06878875,C,0.9997,0.9965,0.992,SER
DESI-0089.4881-42.1553,89.4881446,-42.15532123,C,0.9945,0.9813,0.9913,SER
DESI-0089.9470-45.7205,89.94703225,-45.72052347,C,0.976,0.9959,0.9907,SER
DESI-0091.0849-41.6554,91.08494409,-41.65535289,C,0.9999,0.9915,0.9919,SER
DESI-0091.1733-26.1940,91.17334858,-26.19403466,C,0.9942,0.9918,0.9916,SER
DESI-0092.4322-28.4968,92.4322258,-28.49680227,C,0.9982,0.9723,0.9913,SER
DESI-0094.9000-61.8574,94.89997951,-61.85737024,C,1.0,0.9966,0.992,SER
DESI-0097.9801-73.3561,97.98005818,-73.3561434,C,0.9994,0.9704,0.9913,SER
DESI-0099.2567-66.2934,99.25667137,-66.29339188,C,1.0,0.8794,0.9883,SER
DESI-101.5193-69.3090,101.5193348,-69.30903647,C,0.9982,0.8925,0.9887,SER
DESI-102.1018-70.5786,102.1017917,-70.57860748,C,0.9904,0.9383,0.9898,SER
DESI-102.5165-64.2218,102.5165304,-64.22181033,C,0.9956,0.8595,0.9872,REX
DESI-102.7638-63.4189,102.7638353,-63.41891219,C,0.9684,0.9886,0.99,SER
DESI-103.0228-58.5523,103.0227619,-58.55226418,C,0.9764,0.9229,0.9882,SER
DESI-105.4879-79.2378,105.4879042,-79.237804,C,0.9404,0.9924,0.9881,SER
DESI-107.9660-71.0155,107.9659559,-71.01552202,C,0.9991,0.9929,0.9919,SER
DESI-109.7682+27.1242,109.768156,27.12417557,C,0.9868,0.9746,0.9907,DEV
DESI-112.3386-75.5657,112.3385634,-75.56568473,C,0.9939,0.9999,0.9918,SER
DESI-115.7807-78.7490,115.7806999,-78.7490352,C,0.9828,0.8742,0.9867,SER
DESI-121.1625+33.0790,121.162481,33.07900491,C,0.9971,0.9936,0.9918,SER
DESI-123.8726+10.1154,123.8726499,10.11537691,C,0.9563,0.9933,0.9893,SER
DESI-124.9761+23.9010,124.9760982,23.9010481,C,0.9847,0.9646,0.9902,SER
DESI-126.5687+21.5660,126.5686731,21.56601527,C,0.9983,0.9935,0.9919,DEV
DESI-128.3804+05.0756,128.3804308,5.075604749,C,0.9509,0.9779,0.9884,SER
DESI-131.1094+16.5539,131.1093643,16.55385004,C,0.9995,0.958,0.9909,SER
DESI-134.2153-01.2435,134.2152566,-1.243514717,C,0.9661,0.9805,0.9896,DEV
DESI-136.1956-80.7727,136.1956281,-80.77270657,C,0.9994,0.9995,0.9921,DEV
DESI-136.9097-05.2746,136.9097075,-5.274581748,C,0.9993,0.9908,0.9918,SER
DESI-137.0197+06.8326,137.0196638,6.832568624,C,1.0,0.998,0.9921,DEV
DESI-138.2474+03.2158,138.2473641,3.215820612,C,0.9968,0.9927,0.9918,REX
DESI-138.5631+01.6484,138.563072,1.648369105,C,0.996,0.9827,0.9914,EXP
DESI-139.7029+01.4581,139.7029117,1.458094914,C,0.9993,0.999,0.9921,SER
DESI-140.0784-06.0675,140.0784372,-6.067498733,C,0.9898,0.9693,0.9907,SER
DESI-141.7516+31.6486,141.7515865,31.64858385,C,0.9952,0.911,0.9891,SER
DESI-144.9694+27.2859,144.9694014,27.28593596,C,0.9918,0.8551,0.9867,DEV
DESI-145.9138-06.2007,145.9137506,-6.200662755,C,0.9911,0.9725,0.9909,REX
DESI-146.9982-13.1434,146.9981875,-13.1434201,C,0.9616,0.9823,0.9893,SER
DESI-147.0924-83.4419,147.0923851,-83.44185109,C,0.968,0.9813,0.9897,DEV
DESI-147.2938+05.0510,147.2937575,5.050950214,C,0.9981,0.9757,0.9914,SER
DESI-147.3099-25.0663,147.3099156,-25.06630595,C,0.9951,0.9985,0.9918,DEV
DESI-147.7049+06.0714,147.7049242,6.071390071,C,0.9815,0.9189,0.9884,SER
DESI-147.9609+02.1913,147.9608733,2.191314523,C,0.9506,0.9465,0.9871,SER
DESI-148.2824-23.2423,148.2824254,-23.24228312,C,0.9996,0.9407,0.9904,SER
DESI-148.8741-06.3861,148.8740541,-6.38609436,C,0.9884,0.9971,0.9914,SER
DESI-148.9171-17.7028,148.9170758,-17.70276586,C,0.999,0.9977,0.992,SER
DESI-149.0302-25.5007,149.0302101,-25.50070322,C,0.9927,0.9933,0.9916,SER
DESI-149.3374-26.4804,149.3374309,-26.48040798,C,0.9999,0.9934,0.9919,REX
DESI-149.4226-23.8261,149.4225666,-23.82607785,C,1.0,0.9983,0.9921,REX
DESI-149.5008-28.7910,149.5008368,-28.79100771,C,0.9992,0.993,0.9919,SER
DESI-149.5089-25.9387,149.5089497,-25.93871518,C,0.9652,0.9866,0.9897,SER
DESI-149.5954+18.9973,149.5954478,18.99728565,C,0.9978,0.8967,0.9888,REX
DESI-149.6443+07.1281,149.6442852,7.12810146,C,0.995,0.9946,0.9917,REX
DESI-149.6700-22.1458,149.6700411,-22.14576083,C,0.9984,0.9078,0.9892,REX
DESI-150.0835-18.1904,150.0835073,-18.19041735,C,0.9973,0.9953,0.9919,SER
DESI-150.1178+02.6843,150.1178331,2.68426789,C,0.9897,0.9988,0.9915,SER
DESI-151.1295+00.7866,151.1295172,0.7866064429,C,0.9935,0.9623,0.9907,REX
DESI-151.7304+26.9385,151.7303757,26.9385462,C,0.9988,0.9224,0.9898,REX
DESI-151.8387-25.5857,151.8386563,-25.58566959,C,0.993,0.9865,0.9914,DEV
DESI-152.0217-01.5113,152.021706,-1.511279462,C,1.0,0.9983,0.9921,SER
DESI-152.2867+03.1270,152.28667,3.126963735,C,0.9983,0.9907,0.9918,SER
DESI-152.3123+15.1126,152.3122975,15.1125739,C,0.9967,0.9738,0.9912,DEV
DESI-152.4932+01.5394,152.4931655,1.539435623,C,0.9915,0.9978,0.9916,DEV
DESI-153.0233-04.7857,153.0232635,-4.785661954,C,0.9989,0.9927,0.9919,REX
DESI-153.4089-17.5925,153.4089044,-17.59254302,C,0.9858,0.9751,0.9906,SER
DESI-153.5928-15.0910,153.5928147,-15.09099739,C,0.9898,0.9894,0.9913,SER
DESI-154.5376-03.7831,154.5376135,-3.783135123,C,0.9999,0.9979,0.9921,SER
DESI-156.6473+21.7067,156.647299,21.70670048,C,1.0,0.9999,0.9921,REX
DESI-157.3185+07.3032,157.3185333,7.303202067,C,0.9999,0.9999,0.9921,SER
DESI-158.0628-00.6173,158.0627908,-0.6172724715,C,0.9996,0.997,0.992,EXP
DESI-158.2055+08.8586,158.2055066,8.858588286,C,0.9992,0.9862,0.9917,REX
DESI-158.8305-06.2668,158.8304505,-6.266753465,C,0.9985,0.9398,0.9903,SER
DESI-159.8722+02.2060,159.8721862,2.205979078,C,0.9962,0.9476,0.9904,REX
DESI-160.4452+10.1612,160.4452352,10.16115003,C,0.9728,0.976,0.9898,EXP
DESI-163.1075-06.6907,163.1074772,-6.69066228,C,0.9811,0.9746,0.9903,DEV
DESI-163.1466-36.9949,163.146607,-36.99492117,C,0.9988,0.9982,0.992,DEV
DESI-163.2841-36.4652,163.2841477,-36.46516786,C,1.0,0.9987,0.9921,REX
DESI-163.3090-26.3843,163.3090474,-26.3842919,C,0.9932,0.9971,0.9917,SER
DESI-163.7513-05.2860,163.7512891,-5.285968943,C,0.9856,0.9926,0.9911,SER
DESI-164.7760-30.6099,164.7760008,-30.60994404,C,0.9998,0.9992,0.9921,DEV
DESI-165.3712-18.3465,165.371174,-18.34651919,C,0.9987,0.9813,0.9916,SER
DESI-166.0349-19.2322,166.0348762,-19.23217602,C,0.9998,0.9961,0.992,SER
DESI-166.2519-12.2113,166.2518736,-12.21134051,C,0.9754,0.924,0.9882,DEV
DESI-166.2662-00.9266,166.2661745,-0.9265662505,C,0.9905,0.9664,0.9907,SER
DESI-167.5179-27.6332,167.517878,-27.63318225,C,0.9902,0.9929,0.9914,SER
DESI-168.1091+29.1263,168.1091248,29.12632082,C,0.9898,0.9679,0.9907,DEV
DESI-169.3228-24.7640,169.3227554,-24.76401314,C,0.9234,0.9962,0.9869,SER
DESI-169.3979-09.1549,169.3979054,-9.154915188,C,0.9998,0.9945,0.992,REX
DESI-169.6029-12.4580,169.602873,-12.45803709,C,0.9453,0.9771,0.9879,SER
DESI-169.9128-39.7146,169.9128315,-39.71456351,C,0.9948,0.99,0.9916,SER
DESI-170.2619+03.9209,170.2618747,3.920943324,C,0.9851,0.9388,0.9894,SER
DESI-170.5435-38.9668,170.5435437,-38.96679399,C,0.9999,0.9977,0.9921,SER
DESI-171.2246-00.7198,171.2246018,-0.7197691757,C,0.9995,0.8646,0.9877,DEV
DESI-171.4478-37.1849,171.4477877,-37.18491805,C,1.0,0.9951,0.992,SER
DESI-171.6257-18.1134,171.6257495,-18.1133821,C,0.9997,0.9255,0.9899,DEV
DESI-171.8093-36.7854,171.8093053,-36.78535904,C,0.9984,0.9968,0.992,SER
DESI-172.4158-22.1487,172.4157764,-22.14865035,C,0.9925,0.9982,0.9917,SER
DESI-172.7155-32.0919,172.7154815,-32.09194523,C,0.9995,0.9956,0.992,REX
DESI-173.2273-14.1137,173.2273255,-14.11374147,C,0.9642,0.9694,0.989,REX
DESI-173.9969-33.0093,173.9969274,-33.0093263,C,0.9993,1.0,0.9921,SER
DESI-174.0661-06.2795,174.0661463,-6.279499861,C,1.0,0.9998,0.9921,EXP
DESI-174.1175-08.8465,174.1174942,-8.84654254,C,0.9994,0.9783,0.9915,SER
DESI-174.6569-33.8911,174.6568959,-33.89106676,C,0.9999,0.9995,0.9921,SER
DESI-175.2932+10.8394,175.2931791,10.83943144,C,0.9811,0.991,0.9908,SER
DESI-177.7337-28.1377,177.7336701,-28.13767804,C,0.9985,0.9889,0.9918,SER
DESI-179.2107+24.3474,179.2107125,24.34739383,C,0.9995,0.9199,0.9897,REX
DESI-179.2299-36.5001,179.2299461,-36.50005367,C,0.9998,0.9949,0.992,SER
DESI-179.8340-20.7585,179.833957,-20.75849096,C,0.9998,0.9991,0.9921,DEV
DESI-180.1034-02.8176,180.1034111,-2.817580456,C,0.9734,0.9738,0.9898,SER
DESI-181.1077+14.7229,181.1076635,14.72292553,C,0.9481,0.9428,0.9867,SER
DESI-181.1883-35.2223,181.1882551,-35.22227829,C,0.9998,0.9897,0.9918,EXP
DESI-181.4759-13.3073,181.4758647,-13.30730933,C,1.0,0.9144,0.9896,REX
DESI-183.4235+11.5078,183.4234968,11.50784835,C,0.9545,0.9949,0.9893,SER
DESI-183.4883-04.2830,183.4883307,-4.283042536,C,0.9977,0.9849,0.9916,REX
DESI-183.6600+26.1542,183.6600063,26.15424237,C,0.9998,0.9707,0.9913,EXP
DESI-184.8804-20.0058,184.8803903,-20.00583408,C,0.9972,0.8786,0.9881,SER
DESI-185.4647+03.7378,185.464674,3.737775341,C,0.9772,0.8984,0.9873,REX
DESI-185.9525-16.7171,185.9525122,-16.71707417,C,0.9705,0.9744,0.9896,EXP
DESI-186.2983-20.1568,186.2982784,-20.15675196,C,0.9702,0.9093,0.9872,SER
DESI-186.5451-09.6696,186.5451219,-9.669567589,C,0.993,0.9969,0.9917,SER
DESI-186.5848+32.7940,186.5847769,32.79404926,C,0.989,0.9864,0.9912,DEV
DESI-187.2767-03.1850,187.2767497,-3.185008281,C,0.9999,0.9778,0.9915,SER
DESI-188.0486+01.9923,188.048643,1.992280001,C,0.9855,0.9259,0.989,SER
DESI-188.2876-24.4081,188.2876342,-24.4080672,C,0.9969,0.9692,0.9911,SER
DESI-188.8413+23.3864,188.8413278,23.38635985,C,0.9948,0.9945,0.9917,DEV
DESI-189.0450+14.0805,189.0449684,14.08051703,C,0.9996,0.9928,0.9919,REX
DESI-189.8376-07.4822,189.8375654,-7.482212401,C,0.985,0.9651,0.9903,SER
DESI-189.8767-27.6293,189.876659,-27.6293467,C,0.9965,0.9954,0.9918,SER
DESI-189.9451+12.5088,189.9450772,12.50878053,C,0.9986,0.9946,0.9919,SER
DESI-190.8204+22.5651,190.8204087,22.56514845,C,0.9918,0.9692,0.9908,DEV
DESI-190.9370-19.4168,190.9369874,-19.41680801,C,0.9415,0.9977,0.9884,SER
DESI-191.7427+12.1318,191.7426933,12.13181633,C,0.9836,0.9784,0.9906,DEV
DESI-192.5057-27.9220,192.5057344,-27.92200065,C,0.9951,0.974,0.9912,SER
DESI-192.8346+05.0374,192.8346361,5.037407979,C,0.9947,0.9975,0.9918,REX
DESI-192.9763-27.7944,192.9762722,-27.79440222,C,0.9739,0.9961,0.9906,SER
DESI-193.5502-03.7657,193.5501764,-3.765723522,C,0.9676,0.9815,0.9897,SER
DESI-193.6710-13.9981,193.6710454,-13.9980747,C,0.9953,0.9644,0.9909,SER
DESI-194.0333-28.8732,194.0332985,-28.87316449,C,0.9741,0.9849,0.9902,SER
DESI-194.4178+19.6326,194.417756,19.63258472,C,0.9888,0.9417,0.9898,DEV
DESI-194.9790+10.0982,194.9790075,10.09821909,C,0.9529,0.9841,0.9888,REX
DESI-195.9394-20.4324,195.9394192,-20.4323627,C,0.9978,0.9944,0.9919,REX
DESI-196.2859-37.2306,196.2858501,-37.23063294,C,1.0,0.9999,0.9921,REX
DESI-196.8117-28.6909,196.8117393,-28.69086319,C,0.9997,0.98,0.9916,REX
DESI-198.3653-36.6562,198.3653454,-36.65623514,C,0.9974,0.9818,0.9915,SER
DESI-198.5659-29.4479,198.5659228,-29.44785778,C,0.991,0.944,0.99,SER
DESI-199.2708-33.9429,199.2708421,-33.94286021,C,0.999,0.9982,0.992,SER
DESI-199.5918-41.7358,199.5917742,-41.73575518,C,0.9993,0.9946,0.9919,SER
DESI-199.7991-38.6736,199.7991415,-38.67362172,C,0.9636,0.987,0.9896,SER
DESI-200.3399-28.5781,200.3399101,-28.57809447,C,0.9764,0.9684,0.9898,DEV
DESI-201.9270-42.0804,201.9270411,-42.08044255,C,0.9993,0.9995,0.9921,SER
DESI-202.2834-33.7623,202.2833977,-33.76229131,C,0.9988,0.9647,0.9911,REX
DESI-202.2919+30.8006,202.2918628,30.80061913,C,0.9806,0.994,0.9909,DEV
DESI-202.4288-02.6501,202.4288132,-2.65006879,C,0.9929,0.9748,0.991,REX
DESI-202.4411-05.5425,202.4411475,-5.54250428,C,0.9727,0.9955,0.9905,SER
DESI-203.0983-04.9263,203.0983317,-4.926268856,C,0.9975,0.9956,0.9919,SER
DESI-203.6581-04.2600,203.6581325,-4.260037501,C,0.9654,0.9887,0.9898,SER
DESI-203.6887-22.8284,203.6887096,-22.82843068,C,0.9974,0.9957,0.9919,DEV
DESI-204.0588-14.5764,204.0587908,-14.57640043,C,0.9999,0.971,0.9913,SER
DESI-204.3983-42.3301,204.398281,-42.33008702,C,0.9482,0.9839,0.9884,REX
DESI-204.6395-30.4204,204.6395417,-30.42042381,C,0.9774,0.931,0.9886,SER
DESI-205.8158+12.2981,205.8157536,12.29814939,C,0.9824,0.9624,0.99,DEV
DESI-206.6782+04.4775,206.6782113,4.477465721,C,1.0,0.9997,0.9921,REX
DESI-206.7511-26.7073,206.7510776,-26.70732285,C,0.9812,0.9521,0.9896,SER
DESI-206.9755-13.0647,206.9755055,-13.06471797,C,0.9352,0.9804,0.9872,SER
DESI-209.0776+29.6556,209.0776051,29.65559966,C,0.9961,0.9697,0.9911,REX
DESI-209.0983-19.3488,209.0983274,-19.34875065,C,0.9977,0.998,0.992,SER
DESI-209.1826+07.0002,209.182578,7.000244915,C,0.9955,0.9945,0.9917,SER
DESI-209.5330+14.1401,209.5330396,14.14009563,C,0.9692,0.9938,0.9902,SER
DESI-210.5422+10.4486,210.5422376,10.44860682,C,0.9405,0.994,0.9882,SER
DESI-210.6717-34.2594,210.6716797,-34.25942977,C,0.9977,0.985,0.9916,SER
DESI-211.4104-11.5755,211.410445,-11.57548877,C,0.9997,0.9962,0.992,REX
DESI-211.7979-16.2928,211.7978996,-16.29280932,C,0.9956,0.9947,0.9918,SER
DESI-212.8005-19.7526,212.8004993,-19.75258747,C,0.9974,0.9915,0.9918,SER
DESI-213.2730+17.7133,213.2730375,17.71330762,C,0.9898,0.8903,0.988,SER
DESI-213.4723+08.6922,213.4722666,8.692195878,C,0.9993,0.977,0.9915,REX
DESI-217.0046-38.8633,217.0046034,-38.86328799,C,1.0,0.9901,0.9919,REX
DESI-217.1181-02.9146,217.1181433,-2.914613292,C,0.9572,0.9512,0.9878,REX
DESI-217.3485+06.5508,217.3484994,6.550796781,C,0.9995,0.9996,0.9921,SER
DESI-218.2625+27.0847,218.2625436,27.08471365,C,0.9952,0.977,0.9912,DEV
DESI-218.3077-34.3484,218.3076632,-34.34841918,C,0.9939,0.8996,0.9886,EXP
DESI-218.6875+13.4748,218.6875134,13.47483541,C,0.9825,0.9768,0.9905,DEV
DESI-218.9453+19.1237,218.9453409,19.12365567,C,0.9969,0.9922,0.9918,REX
DESI-219.1215-14.3714,219.1215476,-14.37139726,C,0.99,0.991,0.9913,DEV
DESI-220.1877-28.8939,220.1877286,-28.89387949,C,0.9833,0.8803,0.987,SER
DESI-221.3490+08.5637,221.3490024,8.563719494,C,0.9999,0.9989,0.9921,SER
DESI-223.8552-11.6578,223.8551843,-11.65775192,C,0.9846,0.9582,0.99,REX
DESI-224.7345-04.4961,224.7344962,-4.496076116,C,0.999,0.9641,0.9911,SER
DESI-225.2741+07.1679,225.2741302,7.167906493,C,0.9845,0.8903,0.9876,SER
DESI-226.5031-17.4120,226.5030536,-17.41204413,C,0.9994,0.9955,0.992,SER
DESI-226.6557-01.1726,226.6556574,-1.172566048,C,0.9715,0.9667,0.9894,DEV
DESI-227.5155+06.4697,227.5154871,6.469732945,C,0.9905,0.9813,0.9911,DEV
DESI-228.0801-11.6788,228.0800832,-11.67881174,C,0.9613,0.9989,0.9898,SER
DESI-229.8002-20.8354,229.8001932,-20.83539391,C,0.9986,0.9852,0.9917,SER
DESI-230.3913+10.5019,230.3912701,10.50186638,C,0.9683,0.9893,0.99,DEV
DESI-230.8785-17.1270,230.8785284,-17.12700199,C,0.9978,0.995,0.9919,SER
DESI-230.9641+15.0235,230.9640961,15.02346993,C,0.9843,0.907,0.9882,SER
DESI-231.0789-14.0926,231.0788696,-14.09263974,C,0.9923,0.9388,0.9899,DEV
DESI-232.4154+15.4039,232.4154087,15.40389194,C,0.9999,0.9976,0.9921,SER
DESI-234.2552-07.9713,234.2551986,-7.971305533,C,1.0,0.9998,0.9921,DEV
DESI-234.7058+04.5135,234.7057707,4.51353614,C,0.9759,0.9912,0.9905,SER
DESI-236.8584+17.5947,236.8584209,17.59467872,C,0.9894,0.9642,0.9905,SER
DESI-239.5415+17.0972,239.5414882,17.0971787,C,0.9934,0.9919,0.9916,DEV
DESI-241.0441+06.2224,241.0441359,6.22242101,C,0.9829,0.9601,0.99,SER
DESI-241.8811+25.8031,241.8810852,25.80310633,C,0.9829,0.9863,0.9908,REX
DESI-245.0608+08.8573,245.06075,8.857338722,C,0.9996,0.9764,0.9915,REX
DESI-250.2239+13.8821,250.2238857,13.8821483,C,1.0,0.9996,0.9921,EXP
DESI-256.2205+28.7568,256.2205416,28.756814,C,0.9914,0.9868,0.9913,SER
DESI-264.4379+23.8584,264.4379416,23.858402,C,1.0,0.9906,0.9919,REX
DESI-281.0616-77.1644,281.061562,-77.16437161,C,0.9498,0.9847,0.9886,DEV
DESI-281.3745-69.9348,281.374482,-69.93480322,C,0.9997,0.9921,0.9919,SER
DESI-284.5156-61.1409,284.5155796,-61.14088073,C,0.9793,0.9217,0.9884,SER
DESI-286.0496-62.6931,286.0495977,-62.69306772,C,0.9946,0.9857,0.9915,REX
DESI-289.1134-38.7077,289.1134145,-38.70767837,C,0.9982,0.9936,0.9919,SER
DESI-289.1993-56.5152,289.1992741,-56.51522955,C,0.969,0.9338,0.9881,SER
DESI-294.0460-45.3160,294.0460023,-45.31601519,C,0.9965,0.9824,0.9915,DEV
DESI-296.1751-55.5772,296.1751088,-55.57715239,C,0.9979,0.9658,0.9911,SER
DESI-296.8012-51.9005,296.8012047,-51.90048636,C,0.9869,0.9742,0.9907,SER
DESI-298.5318-29.8436,298.531785,-29.84364983,C,0.9953,0.9988,0.9918,DEV
DESI-298.8870-74.5753,298.8869936,-74.5752925,C,0.9814,0.9986,0.9911,SER
DESI-304.2150-71.8082,304.2149805,-71.8082421,C,0.978,0.9905,0.9906,SER
DESI-307.6089-46.2178,307.6088854,-46.21777327,C,0.9815,0.9808,0.9905,DEV
DESI-307.9137-40.5843,307.9137444,-40.58430646,C,0.9662,0.9672,0.9891,SER
DESI-308.1178-34.0042,308.117804,-34.00421462,C,0.9775,0.9597,0.9896,SER
DESI-308.2509-44.8122,308.2509161,-44.81219272,C,0.9892,0.9925,0.9913,REX
DESI-309.3907-84.9859,309.3906735,-84.98586418,C,1.0,0.9993,0.9921,DEV
DESI-310.6917-50.4107,310.6917452,-50.41070444,C,0.981,0.9154,0.9883,REX
DESI-312.3280-02.4175,312.327977,-2.417469232,C,0.9794,0.9984,0.991,DEV
DESI-313.3949-36.2310,313.3948618,-36.23096393,C,0.9991,0.9432,0.9905,DEV
DESI-313.4783-45.5807,313.4783067,-45.58069368,C,0.9876,0.981,0.9909,SER
DESI-315.0650-76.7761,315.0649934,-76.77614246,C,0.9998,0.9931,0.9919,SER
DESI-315.8047-07.6575,315.8047328,-7.657510136,C,0.9791,0.949,0.9894,SER
DESI-317.9597-44.5769,317.9597339,-44.57686854,C,0.9972,0.944,0.9904,SER
DESI-318.3703+18.0577,318.3703206,18.05765066,C,0.9999,0.9999,0.9921,SER
DESI-321.5975-44.0903,321.5974518,-44.09032197,C,0.9863,0.9851,0.991,REX
DESI-322.1712+09.9426,322.1711664,9.942636187,C,1.0,0.9989,0.9921,REX
DESI-322.7330-61.1215,322.7329798,-61.12149596,C,0.9743,0.9908,0.9904,SER
DESI-323.5532-64.9013,323.5532223,-64.90131162,C,0.9894,0.9339,0.9895,SER
DESI-324.0323-49.9306,324.0322993,-49.93057724,C,0.9889,0.8855,0.9877,DEV
DESI-325.5913+15.9676,325.591279,15.96761055,C,0.9999,0.9958,0.992,SER
DESI-326.9326+16.7976,326.9325526,16.79764211,C,0.9999,0.9983,0.9921,REX
DESI-327.5577-51.3316,327.557694,-51.33155178,C,0.9882,0.9894,0.9912,SER
DESI-327.6771-20.1273,327.6770587,-20.12726689,C,0.9823,0.9737,0.9904,SER
DESI-328.7170-50.8962,328.7170417,-50.89615381,C,0.9994,0.9895,0.9918,REX
DESI-328.8599-45.4699,328.8598646,-45.46985589,C,0.9954,0.9867,0.9915,SER
DESI-329.0755-47.9529,329.075514,-47.95292406,C,0.9992,0.997,0.992,DEV
DESI-329.0994+14.9556,329.0993813,14.95562623,C,0.9996,0.9981,0.9921,EXP
DESI-329.7421-22.7855,329.7421103,-22.78554865,C,0.9975,0.9748,0.9913,REX
DESI-330.0281-57.2152,330.0281009,-57.2152248,C,0.9569,0.9541,0.9879,SER
DESI-330.0590-68.1037,330.0590026,-68.10370004,C,0.9999,0.9976,0.9921,SER
DESI-330.1499+07.1124,330.1498676,7.112374002,C,0.9732,0.9855,0.9902,SER
DESI-331.0718-58.7420,331.0718206,-58.74197254,C,0.9536,0.9973,0.9893,SER
DESI-331.6220-58.1441,331.6220263,-58.1440573,C,0.9889,0.9491,0.99,DEV
DESI-331.7949-67.7203,331.7948901,-67.72027276,C,0.9954,0.9967,0.9918,SER
DESI-332.0856-52.8423,332.0855696,-52.84226587,C,0.991,0.9692,0.9908,DEV
DESI-332.9285-12.6680,332.9285468,-12.66804754,C,0.9963,0.8768,0.988,DEV
DESI-333.3362-59.4374,333.3361903,-59.43735069,C,0.9998,0.9944,0.992,SER
DESI-333.7533-68.4998,333.7533296,-68.49978271,C,0.9952,0.8769,0.9879,SER
DESI-333.9547+10.5487,333.9546761,10.54872388,C,0.9942,0.986,0.9914,REX
DESI-334.5453+26.5826,334.545283,26.58263264,C,0.9768,0.9637,0.9897,SER
DESI-334.5755-52.7549,334.5755492,-52.7549418,C,0.9829,0.9977,0.9911,SER
DESI-334.6628-09.6291,334.6628035,-9.629084022,C,0.9986,0.9816,0.9916,DEV
DESI-334.8319-09.7312,334.8318796,-9.731151309,C,1.0,0.9703,0.9913,REX
DESI-336.4539-12.4671,336.453942,-12.46712982,C,0.9998,0.9982,0.9921,SER
DESI-336.4937-53.9729,336.4937179,-53.97287167,C,0.999,0.9977,0.992,DEV
DESI-337.1017-58.4249,337.1016883,-58.42489044,C,0.9997,0.9994,0.9921,REX
DESI-338.1000+08.7559,338.1000356,8.755855295,C,0.9997,0.9992,0.9921,REX
DESI-338.6308-53.1433,338.6308276,-53.14329822,C,0.9659,0.9377,0.988,SER
DESI-338.7249-06.5150,338.7249183,-6.515035157,C,0.9961,0.9961,0.9918,SER
DESI-338.9258-42.6405,338.9257889,-42.64046422,C,0.9404,0.9897,0.988,SER
DESI-342.8455-50.7915,342.8455006,-50.79146523,C,0.9842,0.9793,0.9907,SER
DESI-344.2652-11.1750,344.2651974,-11.17503341,C,0.9997,0.9984,0.9921,REX
DESI-344.6401-60.9879,344.6401277,-60.98790525,C,0.9966,0.9912,0.9917,SER
DESI-345.2172-49.2522,345.2171711,-49.25218936,C,0.9605,0.9863,0.9894,SER
DESI-346.2850-43.3698,346.2850137,-43.369792,C,0.9963,0.8712,0.9877,DEV
DESI-346.3968-38.3989,346.396817,-38.39892814,C,0.9984,0.9994,0.992,SER
DESI-349.3756-56.5343,349.3756496,-56.53429361,C,0.9962,0.996,0.9918,SER
DESI-350.0151-77.5209,350.0150648,-77.52088406,C,0.9891,0.964,0.9905,SER
DESI-350.0791+24.1803,350.0790917,24.18034075,C,0.9453,0.9971,0.9887,SER
DESI-350.3126-11.6199,350.3126332,-11.61994321,C,0.9999,0.9971,0.992,SER
DESI-350.4978+25.3777,350.4977986,25.3777286,C,0.9994,0.9919,0.9919,REX
DESI-352.1873-65.7658,352.1872979,-65.76583008,C,0.9613,0.9269,0.9872,DEV
DESI-352.5080-12.7000,352.5079505,-12.70002306,C,0.9993,0.9853,0.9917,REX
DESI-354.5401-53.2062,354.5400728,-53.20620172,C,0.9997,0.9753,0.9914,DEV
DESI-354.6659-47.9105,354.6659111,-47.91054884,C,0.9709,0.9575,0.9891,SER
DESI-355.0777-46.3184,355.0776552,-46.31841476,C,0.9995,0.914,0.9895,REX
DESI-355.8215-03.7620,355.8214913,-3.76198082,C,0.9948,0.9994,0.9918,REX
DESI-356.4519-10.6345,356.4518876,-10.63448578,C,0.9844,0.8761,0.987,REX
DESI-356.5553-51.4138,356.5552639,-51.4138004,C,0.9743,0.939,0.9887,SER
DESI-356.5643+15.7676,356.564297,15.76758599,C,0.9787,0.993,0.9908,SER
DESI-358.1793+15.1586,358.1792641,15.15864655,C,0.9988,0.9972,0.992,EXP
DESI-358.3493-54.7332,358.3492989,-54.73322454,C,0.9947,0.9947,0.9917,REX
DESI-358.6763-44.8891,358.6762577,-44.889073,C,0.9809,0.9058,0.9879,SER
DESI-358.9208-47.1386,358.9208429,-47.13861701,C,0.9734,0.9807,0.99,SER
DESI-359.1690+19.6760,359.1690228,19.67598251,C,0.9832,0.947,0.9896,SER
DESI-359.3547-39.3745,359.3546927,-39.3744715,C,0.9995,0.9517,0.9907,SER
DESI-359.5789-28.7540,359.5788751,-28.75395964,C,0.9941,0.996,0.9917,DEV
DESI-359.7662+16.4627,359.7662161,16.46270179,C,0.9623,0.9631,0.9887,EXP
