name,RA,DEC,grade,nearest_row_id,nearest_sep_arcsec,nearest_score,in_scored_set
DESI-011.5084-01.9412,11.5084,-1.9412,A,318894_5214,0.06841951325882638,0.9997188448905945,True
DESI-015.8164+00.0823,15.8164,0.0823,A,330431_7722,0.11222063452750171,0.9917165637016296,True
DESI-016.3319+01.7490,16.3319,1.749,A,340513_3721,0.14544079495381454,0.9978048205375671,True
DESI-016.5230+00.5463,16.523,0.5463,A,333314_5815,0.07021837866540251,0.99974125623703,True
DESI-018.1074+02.3773,18.1074,2.3773,A,344840_8,0.16410362451874416,0.18658551573753357,True
DESI-019.4949-05.4550,19.4949,-5.455,A,298797_4641,0.15858896093435573,0.9999510049819946,True
DESI-019.6618-05.4441,19.6618,-5.4441,A,298798_4805,0.04123991595728553,0.9838002324104309,True
DESI-022.7106-16.0024,22.7106,-16.0024,A,239431_3755,0.05114010150999101,0.9999728202819824,True
DESI-024.1631+00.1384,24.1631,0.1384,A,331904_327,0.2424114962961653,0.9904401302337646,True
DESI-025.2755-17.2232,25.2755,-17.2232,A,232538_4153,0.19136588567635693,0.9999977350234985,True
DESI-026.1390-11.7026,26.139,-11.7026,A,263222_4537,0.048682985227473545,0.9999768733978271,True
DESI-026.2679-04.9310,26.2679,-4.931,A,301694_5565,0.15660233808337934,0.9999986886978149,True
DESI-026.4848+04.0413,26.4848,4.0413,A,353507_4368,0.06918866668607963,0.9999858140945435,True
DESI-027.3284-13.8180,27.3284,-13.818,A,251984_1985,0.08884172818739504,0.9999948740005493,True
DESI-027.9723-14.8069,27.9723,-14.8069,A,246400_2325,0.08277962308532702,0.9999592304229736,True
DESI-029.6032-00.6665,29.6032,-0.6665,A,326166_5813,0.15288637219975812,0.9999433755874634,True
DESI-030.2832-15.8547,30.2832,-15.8547,A,240846_640,0.15998904089644667,0.9999356269836426,True
DESI-031.1712-15.0266,31.1712,-15.0266,A,245020_2232,0.08260204958435426,0.9999850988388062,True
DESI-036.1436-00.0411,36.1436,-0.0411,A,330512_2309,0.09268683015273957,0.9964408278465271,True
DESI-036.4422-07.6274,36.4422,-7.6274,A,285982_5166,0.15791838103068634,0.8744100332260132,True
DESI-037.0378-12.8812,37.0378,-12.8812,A,256228_6353,0.10342651970923966,0.9729751944541931,True
DESI-038.2078-03.3906,38.2078,-3.3906,A,310364_5926,0.15930137181841747,0.9999997615814209,True
DESI-040.3034-00.9646,40.3034,-0.9646,A,324769_5843,0.1756914849144608,0.9449858069419861,True
DESI-040.3168-06.5372,40.3168,-6.5372,A,293148_2540,0.21492233914605743,0.9998427629470825,True
DESI-041.5205-06.1275,41.5205,-6.1275,A,294585_7362,0.1570690568995602,0.9999958276748657,True
DESI-060.1043-16.3979,60.1043,-16.3979,A,236808_7634,0.15571295223163792,0.667814314365387,True
DESI-060.2420-13.9567,60.242,-13.9567,A,250713_4850,0.15865484348471978,0.4824846684932709,True
DESI-122.0852+10.5284,122.0852,10.5284,A,391048_3551,0.09170515582088296,0.9382063150405884,True
DESI-133.5531-04.4026,133.5531,-4.4026,A,304994_7548,0.11838652266744988,0.9999984502792358,True
DESI-133.6197+10.1374,133.6197,10.1374,A,389676_167,0.10894463124678072,0.9998277425765991,True
DESI-135.3125+09.9401,135.3125,9.9401,A,388263_1181,0.1973847426189103,0.9968764781951904,True
DESI-137.8568+14.2991,137.8568,14.2991,A,412231_3034,0.13637559531929858,0.9899184107780457,True
DESI-140.8110+18.4954,140.811,18.4954,A,435761_2360,0.13436809508676006,0.9928923845291138,True
DESI-141.0626+05.7690,141.0626,5.769,A,364017_3362,0.10300581151064626,0.998119056224823,True
DESI-143.3887+09.3219,143.3887,9.3219,A,384032_4603,0.11460344301477447,0.9999966621398926,True
DESI-145.9507+00.9906,145.9507,0.9906,A,336711_3213,0.09923227232719263,0.9999945163726807,True
DESI-152.0763+31.7005,152.0763,31.7005,A,504880_1403,0.020277282853680478,0.9999762773513794,True
DESI-154.6972-01.3590,154.6972,-1.359,A,323786_190,0.17120287013580995,0.9999909400939941,True
DESI-155.7366-05.0529,155.7366,-5.0529,A,302211_2262,0.11631891854088841,0.8416793346405029,True
DESI-160.2351-01.0663,160.2351,-1.0663,A,325248_1224,0.11512959814743742,0.9937161803245544,True
DESI-162.4577+05.7749,162.4577,5.7749,A,364103_3156,0.18420744412112203,0.9999891519546509,True
DESI-165.6876+12.1864,165.6876,12.1864,A,401114_1261,0.21811721255093827,0.999997615814209,True
DESI-168.2943+23.9443,168.2943,23.9443,A,465430_1521,0.14698442120080493,0.9947420358657837,True
DESI-186.3033-00.4390,186.3033,-0.439,A,328233_6814,0.13707243433024166,0.9999213218688965,True
DESI-186.8292+17.4324,186.8292,17.4324,A,430448_991,0.1326451687176606,0.9688200950622559,True
DESI-189.5370+15.0309,189.537,15.0309,A,416616_3744,0.07244331550740794,0.9982805252075195,True
DESI-194.5344+03.5358,194.5344,3.5358,A,351303_3350,0.18242699019851458,0.9999703168869019,True
DESI-202.6690+04.6707,202.669,4.6707,A,358522_975,0.23702583685902287,0.9940803647041321,True
DESI-204.0002-03.5250,204.0002,-3.525,A,311026_2218,1.5016910758580837,0.9461057782173157,True
DESI-213.6664+19.4787,213.6664,19.4787,A,441493_4972,0.09618152899368486,0.9999998807907104,True
DESI-214.6278+25.1814,214.6278,25.1814,A,472155_1003,0.1430977310916066,0.9999847412109375,True
DESI-215.2654+00.3719,215.2654,0.3719,A,332669_6320,0.09672772776383186,0.9999978542327881,True
DESI-216.8280-06.7541,216.828,-6.7541,A,292418_2887,0.17483662957170373,0.9999983310699463,True
DESI-216.9538+08.1792,216.9538,8.1792,A,378625_1097,0.20251755656264436,0.9667765498161316,True
DESI-219.7907+12.1404,219.7907,12.1404,A,401325_154,0.2328850941822397,0.3054557740688324,True
DESI-219.9855+32.8402,219.9855,32.8402,A,509993_4128,0.15678505389901476,0.9991043210029602,True
DESI-318.0376-01.7568,318.0376,-1.7568,A,321560_3224,0.1543112363495255,0.9727248549461365,True
DESI-319.3483-00.9478,319.3483,-0.9478,A,325885_5297,0.08947615995781195,0.9997996687889099,True
DESI-349.5492-11.1012,349.5492,-11.1012,A,268732_522,0.21411586580991074,0.9999858140945435,True
DESI-359.8897+02.1399,359.8897,2.1399,A,344767_428,0.1877282378368337,0.9941032528877258,True
DESI-005.6187+01.8037,5.6187,1.8037,B,340470_4985,0.1979263138340301,0.9998570680618286,True
DESI-009.1701+00.7687,9.1701,0.7687,B,334724_5582,0.17843443882779175,0.9910156726837158,True
DESI-009.9772-12.2100,9.9772,-12.21,B,261747_3581,1733.0051610196213,0.006698629353195429,False
DESI-010.2401-09.0954,10.2401,-9.0954,B,278750_1032,0.14634452962722336,0.9986820816993713,True
DESI-010.2876-00.7303,10.2876,-0.7303,B,326089_3908,0.1122435519055904,0.997672975063324,True
DESI-010.3630-01.1298,10.363,-1.1298,B,324649_59,60.419323871206586,0.13854043185710907,False
DESI-011.0219-04.8058,11.0219,-4.8058,B,303069_1871,0.13624800547974483,0.9997034668922424,True
DESI-011.9235-06.1032,11.9235,-6.1032,B,295899_502,0.05602247778419377,0.9974626302719116,True
DESI-012.5310-18.6438,12.531,-18.6438,B,224263_7220,0.18723096349612686,0.9983932375907898,True
DESI-014.0105+03.0152,14.0105,3.0152,B,347704_3626,0.06429482573200804,0.9288049936294556,True
DESI-014.0683-01.3924,14.0683,-1.3924,B,321784_8525,0.12657167812225786,0.9797724485397339,True
DESI-014.0730-02.4262,14.073,-2.4262,B,316024_6776,0.10981786996682392,0.9983212351799011,True
DESI-014.4452-16.7457,14.4452,-16.7457,B,235253_4063,0.1529511625310998,0.9994407296180725,True
DESI-014.6199-00.4627,14.6199,-0.4627,B,327546_6606,0.20210807216988008,0.0665012076497078,True
DESI-015.0641-00.2718,15.0641,-0.2718,B,328988_4158,0.0756580826709316,0.9373900294303894,True
DESI-015.0721+00.0027,15.0721,0.0027,B,330428_5048,0.12784907147260088,0.07004010677337646,True
DESI-015.2668-17.5344,15.2668,-17.5344,B,231124_2990,0.19600551001950103,0.7822829484939575,True
DESI-015.2991+00.1673,15.2991,0.1673,B,331869_1976,0.15491586786602005,0.3538094758987427,True
DESI-015.3533-17.0192,15.3533,-17.0192,B,233878_3094,0.12317188679819696,0.9367784261703491,True
DESI-015.3806+00.5700,15.3806,0.57,B,333309_8279,0.11186989489699403,0.9998387098312378,True
DESI-015.4415+03.2399,15.4415,3.2399,B,349149_3373,0.09821491651368006,0.012767430394887924,True
DESI-015.5430-00.3184,15.543,-0.3184,B,328990_2155,0.09579509320627222,0.9932308197021484,True
DESI-015.6201-00.4207,15.6201,-0.4207,B,327550_8051,0.12137499135872301,0.8292452692985535,True
DESI-015.6531-00.0963,15.6531,-0.0963,B,330430_1181,0.19942680978357746,0.14714299142360687,True
DESI-015.9831+00.3187,15.9831,0.3187,B,331871_7259,0.066244458792079,0.9919249415397644,True
DESI-016.1439-00.5185,16.1439,-0.5185,B,327552_4082,0.12239014408553853,0.9914920926094055,True
DESI-016.2119+00.4207,16.2119,0.4207,B,333312_1877,0.20877160035363881,0.09246163815259933,True
DESI-016.2273+00.0668,16.2273,0.0668,B,330432_6101,0.23511448977490745,0.95750492811203,True
DESI-016.2921-18.3895,16.2921,-18.3895,B,225643_7502,0.08186992740255417,0.9855191707611084,True
DESI-016.3969+00.1169,16.3969,0.1169,B,330433_8618,5.213814325865237,0.3441421687602997,False
DESI-016.5355-00.2139,16.5355,-0.2139,B,328994_5743,0.17790627923179372,0.3728441894054413,True
DESI-016.7876+01.2914,16.7876,1.2914,B,337635_4780,0.11964430975280212,0.9386394023895264,True
DESI-016.8597+03.2136,16.8597,3.2136,B,349155_2430,0.11733627093811161,0.9953415393829346,True
DESI-016.9695-14.4480,16.9695,-14.448,B,247751_4447,0.12358299447094678,0.9999806880950928,True
DESI-017.0297-03.5796,17.0297,-3.5796,B,310280_1091,0.15273810661583848,0.9183154702186584,True
DESI-017.4350-14.6600,17.435,-14.66,B,246359_5814,0.10388020124155857,0.9844138622283936,True
DESI-017.5240-02.5417,17.524,-2.5417,B,316038_2263,0.18705049466393256,0.8630784153938293,True
DESI-018.0754-04.5830,18.0754,-4.583,B,304534_1002,0.027904737048564183,0.9989751577377319,True
DESI-018.1714-19.0457,18.1714,-19.0457,B,222920_1970,0.13732571339003086,0.9999215602874756,True
DESI-018.2548-03.7210,18.2548,-3.721,B,308846_4570,0.14996421523524348,0.8218464255332947,True
DESI-018.4039-18.9942,18.4039,-18.9942,B,222921_3908,0.19704279429324542,0.9993888139724731,True
DESI-020.4712-17.9274,20.4712,-17.9274,B,228398_5626,0.12816452132938777,0.7797281742095947,True
DESI-020.7598-13.2227,20.7598,-13.2227,B,254760_4052,0.12484402565968497,0.9820789694786072,True
DESI-022.3389+00.6547,22.3389,0.6547,B,334777_1048,0.21018243289767505,0.9838999509811401,True
DESI-023.6765+04.5639,23.6765,4.5639,B,356372_4364,0.17417759888756662,0.9999580383300781,True
DESI-029.0400-10.4926,29.04,-10.4926,B,270304_4007,0.15687955433502115,0.9999450445175171,True
DESI-034.9916-14.9460,34.9916,-14.946,B,245035_5553,0.12233270370958524,0.9992693066596985,True
DESI-035.0816-04.1971,35.0816,-4.1971,B,306038_6052,0.16336438201439582,0.9534523487091064,True
DESI-035.7821-05.4661,35.7821,-5.4661,B,298862_5784,0.13848388402651982,0.940406858921051,True
DESI-036.0677-16.3767,36.0677,-16.3767,B,236716_6395,0.14588726879605887,0.999954342842102,True
DESI-036.2542-05.6058,36.2542,-5.6058,B,298864_502,0.05545573213305807,0.761478841304779,True
DESI-036.3915-05.0365,36.3915,-5.0365,B,301735_4331,10.240752640894636,0.30903202295303345,False
DESI-036.4490-15.0922,36.449,-15.0922,B,245040_662,0.16434198651108528,0.9997712969779968,True
DESI-037.0236-05.2927,37.0236,-5.2927,B,300301_3499,0.174262989963105,0.9995433688163757,True
DESI-038.9951-06.0696,38.9951,-6.0696,B,296007_1460,0.23349669594005504,0.0855831727385521,True
DESI-040.5720-16.4116,40.572,-16.4116,B,236733_4608,0.17175435490689178,0.9030671715736389,True
DESI-040.7053-00.5888,40.7053,-0.5888,B,327650_1638,0.12572334408130614,0.9590802788734436,True
DESI-040.8111-00.1499,40.8111,-0.1499,B,329091_9558,0.24184686444426737,0.9921455979347229,True
DESI-041.4742-00.7052,41.4742,-0.7052,B,326213_6948,0.18841049526998865,0.7718928456306458,True
DESI-041.9391-00.5247,41.9391,-0.5247,B,327655_4034,0.12152951357723685,0.9993605017662048,True
DESI-046.4723-14.8812,46.4723,-14.8812,B,245079_6759,0.09171072094784478,0.06119626760482788,True
DESI-047.7087-17.7748,47.7087,-17.7748,B,229874_2324,0.1500911371358116,0.9999971389770508,True
DESI-047.7647-13.2341,47.7647,-13.2341,B,254866_3516,0.12366528583274651,0.5152808427810669,True
DESI-060.0471-15.8799,60.0471,-15.8799,B,239575_7979,0.09872296220682761,0.947099506855011,True
DESI-060.8033-15.2161,60.8033,-15.2161,B,243743_4486,0.16240620987429744,0.9987181425094604,True
DESI-060.8089-15.0458,60.8089,-15.0458,B,245135_2270,0.16181695050741596,0.9823188185691833,True
DESI-061.1134-17.2082,61.1134,-17.2082,B,232675_5047,0.12289098092824788,0.9590086936950684,True
DESI-061.1909-14.5760,61.1909,-14.576,B,247923_1240,0.12742450194348506,0.835390567779541,True
DESI-063.6323-04.5427,63.6323,-4.5427,B,304715_2668,0.027344154577187006,0.7958466410636902,True
DESI-131.3607+00.0361,131.3607,0.0361,B,330893_4286,0.13018353543284275,0.7489018440246582,True
DESI-134.0057-07.2488,134.0057,-7.2488,B,289228_2630,0.1926980198274175,0.9999750852584839,True
DESI-135.9714+07.1954,135.9714,7.1954,B,372590_1332,4.628801313649716,0.9991222023963928,True
DESI-140.8863+20.3278,140.8863,20.3278,B,445289_4071,0.1274795880926205,0.8739526271820068,True
DESI-143.0565-05.6041,143.0565,-5.6041,B,299289_637,0.1883454755334127,0.9871614575386047,True
DESI-144.1511+08.8633,144.1511,8.8633,B,381188_4298,0.17934130816714422,0.9999500513076782,True
DESI-144.4242+31.4659,144.4242,31.4659,B,503625_1700,0.16351374203273253,0.9999781847000122,True
DESI-144.6321-04.2535,144.6321,-4.2535,B,306475_3707,0.11949966826864719,0.9987090826034546,True
DESI-145.0099+05.4279,145.0099,5.4279,B,362599_1341,0.06790466716164141,0.999925971031189,True
DESI-150.0945+00.0047,150.0945,0.0047,B,330968_5583,0.11031255714589872,0.997410237789154,True
DESI-150.8860-02.9493,150.886,-2.9493,B,313691_7588,0.12902645675578361,0.9999347925186157,True
DESI-154.5307-00.1368,154.5307,-0.1368,B,329546_9093,0.1738123135834732,0.9989539384841919,True
DESI-154.7654+17.0697,154.7654,17.0697,B,427570_3185,0.14891316420138012,0.9712319374084473,True
DESI-155.4865+11.2037,155.4865,11.2037,B,395428_1553,0.19056782530432706,0.9965426325798035,True
DESI-157.9622+01.7544,157.9622,1.7544,B,341079_3160,0.06305145169790263,0.8997888565063477,True
DESI-158.7893-02.3037,158.7893,-2.3037,B,318043_3279,0.137076419021618,0.999990701675415,True
DESI-167.8517+14.1473,167.8517,14.1473,B,412347_304,0.14833321452408768,0.9390014410018921,True
DESI-170.6983+25.2669,170.6983,25.2669,B,471996_3403,0.21832416356979986,0.9936187267303467,True
DESI-192.0242-06.5158,192.0242,-6.5158,B,293751_2752,0.20310516519000998,0.9765387177467346,True
DESI-194.5900+15.6322,194.59,15.6322,B,420808_144,0.07449053873228474,0.9952585101127625,True
DESI-194.8376+11.6490,194.8376,11.649,B,398408_483,0.1537949052734499,0.490028977394104,True
DESI-201.7783+02.2129,201.7783,2.2129,B,344135_2179,0.6911675088015468,0.9123072624206543,True
DESI-201.7841-02.2996,201.7841,-2.2996,B,318215_2668,0.08786455229625942,0.999984622001648,True
DESI-202.3729+31.3290,202.3729,31.329,B,502591_3764,0.6562812650110577,0.9992914199829102,True
DESI-204.1663-05.7814,204.1663,-5.7814,B,298099_1899,0.06227190483781287,0.41273802518844604,True
DESI-204.6057+28.3294,204.6057,28.3294,B,487573_4028,0.2041523343287634,0.9999884366989136,True
DESI-211.0927+02.7242,211.0927,2.7242,B,347052_2245,0.1818628384080984,0.9815086722373962,True
DESI-216.1003+25.2423,216.1003,25.2423,B,472160_2415,0.04670602462989168,0.8015079498291016,True
DESI-217.1429-07.0963,217.1429,-7.0963,B,290988_492,0.1592112836084448,0.9999350309371948,True
DESI-217.4784+12.0433,217.4784,12.0433,B,399907_3390,0.13799013531244123,0.9998342990875244,True
DESI-219.0374-01.3295,219.0374,-1.3295,B,324044_1100,0.07641840348856678,0.4337901473045349,True
DESI-219.9228+00.5073,219.9228,0.5073,B,334127_4906,0.20625495257067153,0.048556841909885406,True
DESI-241.0592+06.4200,241.0592,6.42,B,368714_1549,0.07206721699684802,0.27319005131721497,True
DESI-241.5432+14.1008,241.5432,14.1008,B,411235_4772,0.16034199891161563,0.9998186230659485,True
DESI-317.3884+05.1456,317.3884,5.1456,B,361852_486,0.0794616559999848,0.9983376264572144,True
DESI-328.5453+00.6329,328.5453,0.6329,B,336002_461,0.13141362532025824,0.3293500244617462,True
DESI-351.4891-00.8741,351.4891,-0.8741,B,327453_0,0.14203265517516958,0.9996980428695679,True
DESI-005.7434+00.1667,5.7434,0.1667,C,331830_1157,0.25573026815118005,0.9928102493286133,True
DESI-009.9958+00.5677,9.9958,0.5677,C,333287_7565,0.15251710230688917,0.9999186992645264,True
DESI-010.2439-02.0572,10.2439,-2.0572,C,318888_1749,0.1804483754169306,0.022604281082749367,True
DESI-013.5957-05.7105,13.5957,-5.7105,C,297340_5761,0.07330094364556239,0.984586238861084,True
DESI-013.9264-01.0692,13.9264,-1.0692,C,324663_1869,0.1798805095806858,0.7906324863433838,True
DESI-013.9873-00.6495,13.9873,-0.6495,C,326103_6546,0.17334540620396222,0.9639772176742554,True
DESI-014.6980+00.2355,14.698,0.2355,C,331866_4023,0.14798756660227624,0.4759770333766937,True
DESI-014.7160-00.3509,14.716,-0.3509,C,328986_842,0.09127723307220592,0.23019826412200928,True
DESI-015.0586+01.8480,15.0586,1.848,C,340508_6603,0.1470617107307788,0.6057120561599731,True
DESI-015.1785-18.8779,15.1785,-18.8779,C,222909_7415,0.12407934305630712,0.7259566783905029,True
DESI-015.1912+03.7221,15.1912,3.7221,C,352024_2302,0.02664619561456869,0.9927131533622742,True
DESI-015.2403-16.9542,15.2403,-16.9542,C,233878_5271,0.0980659024531691,0.1494458168745041,True
DESI-015.2570-17.7561,15.257,-17.7561,C,229750_3215,0.16823227376165645,0.9996671676635742,True
DESI-015.3628-00.9079,15.3628,-0.9079,C,324669_5774,0.18003905063572345,0.96811443567276,True
DESI-015.3792-03.3438,15.3792,-3.3438,C,311711_1063,2.2305452693575725,0.5596614480018616,True
DESI-015.8070-17.7531,15.807,-17.7531,C,229752_3230,0.1319711530892915,0.9127807021141052,True
DESI-015.9669-18.0271,15.9669,-18.0271,C,228380_3353,0.13147830863212573,0.9195667505264282,True
DESI-016.1507-00.5780,16.1507,-0.578,C,327552_2019,0.16501406984242403,0.013605219312012196,True
DESI-016.1763-02.4491,16.1763,-2.4491,C,316032_5466,0.13664042670873025,0.3635786771774292,True
DESI-016.1889-00.5809,16.1889,-0.5809,C,327552_1855,0.2190439136076531,0.22605015337467194,True
DESI-016.2032-00.6226,16.2032,-0.6226,C,327552_149,0.20191962940167243,0.80961674451828,True
DESI-016.2995-00.0690,16.2995,-0.069,C,330433_2310,0.057519894812987395,0.05695480480790138,True
DESI-016.3200+00.9163,16.32,0.9163,C,336193_1459,0.21861962272297156,0.5005385875701904,True
DESI-016.4625+02.8614,16.4625,2.8614,C,346273_6718,0.18160701460277565,0.29486510157585144,True
DESI-016.4883-00.1774,16.4883,-0.1774,C,328993_7415,0.16242051402696342,0.11659060418605804,True
DESI-016.8009-16.8580,16.8009,-16.858,C,235262_585,0.19989083819175354,0.9998965263366699,True
DESI-016.8554-00.7320,16.8554,-0.732,C,326115_4976,0.08706219212347724,0.9340408444404602,True
DESI-016.9199-05.3919,16.9199,-5.3919,C,298787_8820,0.025589044536495003,0.9576549530029297,True
DESI-016.9228-03.8680,16.9228,-3.868,C,308841_282,0.13887285483293943,0.1593940705060959,True
DESI-016.9682+00.3567,16.9682,0.3567,C,331875_7722,0.09361322737243369,0.9855124354362488,True
DESI-017.2362-17.9241,17.2362,-17.9241,C,228385_5430,0.07609800007872486,0.29959172010421753,True
DESI-018.0415+00.1861,18.0415,0.1861,C,331880_2417,0.17507865708515113,0.9801760315895081,True
DESI-018.4701+03.4968,18.4701,3.4968,C,350599_3174,0.17728700262737668,0.9980691075325012,True
DESI-019.8976-12.8253,19.8976,-12.8253,C,257565_1683,0.20511771734412673,0.9733898043632507,True
DESI-020.3517+00.1654,20.3517,0.1654,C,331889_1585,0.11898815510647619,0.02731172740459442,True
DESI-020.5273-04.8117,20.5273,-4.8117,C,303107_1957,0.17524214609220687,0.9774810075759888,True
DESI-021.5439-00.5883,21.5439,-0.5883,C,327574_1391,0.09110876159844085,0.9249439239501953,True
DESI-021.8518-05.7560,21.8518,-5.756,C,297373_3986,0.07494751957362147,0.31917110085487366,True
DESI-021.9637+00.0975,21.9637,0.0975,C,330455_7384,0.1409372993772271,0.09832791984081268,True
DESI-022.6104-15.3370,22.6104,-15.337,C,243595_1208,0.1636290408319119,0.9999735355377197,True
DESI-023.6659-06.9344,23.6659,-6.9344,C,290220_4859,0.08654601558247159,0.7190409898757935,True
DESI-023.7790+01.5306,23.779,1.5306,C,339103_5898,0.11491555505384166,0.9981191754341125,True
DESI-024.7012-07.5349,24.7012,-7.5349,C,287364_3714,0.09802550393275924,0.9980316758155823,True
DESI-025.8361-10.0680,25.8361,-10.068,C,273127_1337,0.15535586747930719,0.9992984533309937,True
DESI-026.2451-01.5934,26.2451,-1.5934,C,321832_1287,0.1380168427701207,0.9970111846923828,True
DESI-026.2771-00.7284,26.2771,-0.7284,C,326153_3941,0.17410744725900984,0.9140356779098511,True
DESI-027.5388-12.3284,27.5388,-12.3284,C,260409_1263,0.113319358145944,0.9995309114456177,True
DESI-027.8872-08.5764,27.8872,-8.5764,C,281668_1715,0.17891500062532076,0.7968318462371826,True
DESI-028.2710-09.8289,28.271,-9.8289,C,274557_1628,0.13016406713800763,0.902655839920044,True
DESI-028.3093-00.4385,28.3093,-0.4385,C,327601_5244,0.2135464798642378,0.9964579939842224,True
DESI-028.8348-13.9044,28.8348,-13.9044,C,250591_6084,0.12659036167520976,0.1762809455394745,True
DESI-029.1778-10.1834,29.1778,-10.1834,C,271722_5879,0.11714720827605324,0.9999532699584961,True
DESI-030.8114-09.1587,30.8114,-9.1587,C,277409_5539,0.10404342837410117,0.9970446228981018,True
DESI-031.8778-14.8046,31.8778,-14.8046,C,246415_1712,50.077530187909076,0.009802640415728092,False
DESI-033.9735-12.6841,33.9735,-12.6841,C,257620_4942,0.13364785348335367,0.09839093685150146,True
DESI-034.0253-04.5771,34.0253,-4.5771,C,304597_1977,0.13493782637643853,0.36798763275146484,True
DESI-034.3281-05.1331,34.3281,-5.1331,C,300290_8060,23.6455552071986,0.013828528113663197,False
DESI-035.7202-03.9575,35.7202,-3.9575,C,307478_7097,0.20909516399043837,0.6703270077705383,True
DESI-035.8285-04.3979,35.8285,-4.3979,C,304604_10568,0.1327490850362064,0.23758375644683838,True
DESI-035.8379-07.3794,35.8379,-7.3794,C,287408_6345,0.16695064530057066,0.9010363817214966,True
DESI-035.8438-06.3246,35.8438,-6.3246,C,294562_1910,0.22278138765657554,0.5619691014289856,True
DESI-035.8660-18.4836,35.866,-18.4836,C,225718_3464,0.15560473460486823,0.3600293695926666,True
DESI-035.9027-06.8806,35.9027,-6.8806,C,290268_9270,0.18029054516394033,0.1285770833492279,True
DESI-035.9185-05.8453,35.9185,-5.8453,C,297429_1039,0.028859461811823178,0.27254775166511536,True
DESI-035.9393-04.4005,35.9393,-4.4005,C,304605_10428,0.13428862068345487,0.9998716115951538,True
DESI-036.0184-04.4084,36.0184,-4.4084,C,304605_10628,0.18714520236177629,0.7022261619567871,True
DESI-036.0256-06.4796,36.0256,-6.4796,C,293131_5075,0.10805684862077661,0.2690187990665436,True
DESI-036.0536-06.1645,36.0536,-6.1645,C,294563_7246,0.08951375199579359,0.21047809720039368,True
DESI-036.0653-05.8029,36.0653,-5.8029,C,297429_2321,0.22365261071533335,0.03806665912270546,True
DESI-036.0879+00.0726,36.0879,0.0726,C,330512_5814,0.07550935998245492,0.5670901536941528,True
DESI-036.1151-05.2254,36.1151,-5.2254,C,300298_6779,0.11522622005446383,0.9754385948181152,True
DESI-036.1457-05.4990,36.1457,-5.499,C,298863_4956,0.16225652346396618,0.10070862621068954,True
DESI-036.2194-04.3486,36.2194,-4.3486,C,306042_1486,0.0408795966505243,0.9545515775680542,True
DESI-036.2244-06.3029,36.2244,-6.3029,C,294564_2987,0.04017639289112185,0.04172008857131004,True
DESI-036.2714-06.8192,36.2714,-6.8192,C,291700_1925,0.09570927118788515,0.006048958282917738,True
DESI-036.3530-04.6792,36.353,-4.6792,C,303171_8644,0.12068400062097877,0.9939892292022705,True
DESI-036.3795-04.2093,36.3795,-4.2093,C,306043_8470,0.09003689504962874,0.7010070085525513,True
DESI-036.4031-04.2550,36.4031,-4.255,C,306043_5788,0.15547172447867688,0.7177215218544006,True
DESI-036.4081-05.2473,36.4081,-5.2473,C,300299_5781,0.22181540217771262,0.09592024236917496,True
DESI-036.4268-05.1548,36.4268,-5.1548,C,300299_10960,0.17867878700212725,0.7632998824119568,True
DESI-036.4827-16.8621,36.4827,-16.8621,C,235337_367,0.19981208413226845,0.0669553205370903,True
DESI-036.6282-04.6316,36.6282,-4.6316,C,303172_12600,0.15902945880778646,0.8277128338813782,True
DESI-036.6556-03.7101,36.6556,-3.7101,C,308920_8362,0.1733718083146668,0.9474580883979797,True
DESI-036.6760-03.6801,36.676,-3.6801,C,308920_9846,0.09611575066345228,0.9998822212219238,True
DESI-036.6777-03.6555,36.6777,-3.6555,C,308920_11123,0.15495200561995623,0.9515513181686401,True
DESI-036.6819-03.6905,36.6819,-3.6905,C,308920_8762,0.11188633363200483,0.9890298247337341,True
DESI-036.7198+00.2833,36.7198,0.2833,C,331954_4152,0.08356172534159054,0.3886559009552002,True
DESI-036.7325-05.1276,36.7325,-5.1276,C,300300_11901,0.14341552591334747,0.9990137815475464,True
DESI-036.8076-05.0255,36.8076,-5.0255,C,301736_4657,0.17249126197984624,0.025465285405516624,True
DESI-036.8133-03.9033,36.8133,-3.9033,C,307483_10161,0.12645864351257446,0.8982163071632385,True
DESI-036.9560-06.1539,36.956,-6.1539,C,294567_5916,0.1855536138346393,0.927927553653717,True
DESI-037.0345-04.5015,37.0345,-4.5015,C,304609_6479,0.08636809432959526,0.638969898223877,True
DESI-037.1686-04.0027,37.1686,-4.0027,C,307484_5497,0.2262025977243011,0.33129143714904785,True
DESI-037.2011-04.1161,37.2011,-4.1161,C,307484_502,0.1816791116149616,0.02084890939295292,True
DESI-037.2064-01.2158,37.2064,-1.2158,C,323316_3671,0.13746829153668488,0.6877502799034119,True
DESI-037.2945+03.7522,37.2945,3.7522,C,352112_3924,0.11550116336421391,0.9991401433944702,True
DESI-037.4766+03.1089,37.4766,3.1089,C,347797_7291,0.1107457386645306,0.9992048144340515,True
DESI-038.2709-10.4498,38.2709,-10.4498,C,270340_4046,0.09177401492367707,0.031073816120624542,True
DESI-038.8461-10.5125,38.8461,-10.5125,C,270343_2951,0.0877170994689317,0.9860014915466309,True
DESI-039.0463-06.3428,39.0463,-6.3428,C,294575_838,0.19113433459131496,0.8522442579269409,True
DESI-039.2003+03.3583,39.2003,3.3583,C,349244_6008,0.10587595627024561,0.9990419745445251,True
DESI-039.9261-01.4632,39.9261,-1.4632,C,321887_4223,0.07841330618860586,0.9999755620956421,True
DESI-040.6372-12.1891,40.6372,-12.1891,C,260460_4446,0.14399276380496312,0.9899213314056396,True
DESI-040.6769-00.6487,40.6769,-0.6487,C,326210_10477,0.1617858373263159,0.9819291830062866,True
DESI-040.7046+02.2423,40.7046,2.2423,C,343490_4147,0.16280588574227167,0.2270801067352295,True
DESI-040.8745-01.9373,40.8745,-1.9373,C,319011_5449,0.15420368108333865,0.15714770555496216,True
DESI-041.3678-01.2016,41.3678,-1.2016,C,323333_7638,0.15906013200867403,0.7043359875679016,True
DESI-041.4318-08.6492,41.4318,-8.6492,C,280297_7937,0.0723012902665936,0.996020495891571,True
DESI-041.5548-00.7524,41.5548,-0.7524,C,326214_5396,0.12169812543656926,0.02535799704492092,True
DESI-041.7915-08.4225,41.7915,-8.4225,C,281723_6933,0.1977218476860902,0.16786733269691467,True
DESI-041.9910-00.7425,41.991,-0.7425,C,326215_5776,0.12630545218826802,0.09328839927911758,True
DESI-042.2156-00.5329,42.2156,-0.5329,C,327656_3777,0.07016583914652204,0.6335387229919434,True
DESI-042.9152-00.5600,42.9152,-0.56,C,327659_2836,0.04686833717424455,0.7019088268280029,True
DESI-046.6993-15.0593,46.6993,-15.0593,C,245080_1757,0.13085924888057335,0.9657022356987,True
DESI-047.3321-13.5368,47.3321,-13.5368,C,253462_2349,0.2376107826930576,0.996512234210968,True
DESI-060.4389-14.7568,60.4389,-14.7568,C,246526_3512,0.039099637554466854,0.03653912991285324,True
DESI-060.6860-15.7303,60.686,-15.7303,C,240963_4130,0.14771613498510794,0.0902552455663681,True
DESI-061.0991-14.3883,61.0991,-14.3883,C,247922_6501,0.18044052694416057,0.6968096494674683,True
DESI-064.4878-03.6133,64.4878,-3.6133,C,310469_240,0.1805401140045573,0.8708379864692688,True
DESI-125.6392-00.4650,125.6392,-0.465,C,327990_3457,0.15325610936805661,0.8596294522285461,True
DESI-131.8556+14.2550,131.8556,14.255,C,412208_3324,0.052309755357463794,0.9958999752998352,True
DESI-138.6664-00.0821,138.6664,-0.0821,C,330922_1245,0.029695587725598074,0.025028308853507042,True
DESI-149.1942+00.7137,149.1942,0.7137,C,335284_2758,0.12734713783941176,0.23443365097045898,True
DESI-150.2022+01.6538,150.2022,1.6538,C,341048_659,0.17058598210651696,0.9311489462852478,True
DESI-150.4045+02.5544,150.4045,2.5544,C,345369_7953,0.12477956333660863,0.8957016468048096,True
DESI-151.2006-03.7158,151.2006,-3.7158,C,309377_6962,0.16441730584111652,0.6585974097251892,True
DESI-151.7664+02.1430,151.7664,2.143,C,343935_526,0.09587944416904852,0.775894284248352,True
DESI-151.9855+02.4052,151.9855,2.4052,C,345375_1074,0.17977574830796156,0.9102859497070312,True
DESI-152.5264-01.9658,152.5264,-1.9658,C,319458_6899,0.11642529790088851,0.9998793601989746,True
DESI-152.8042-02.0432,152.8042,-2.0432,C,319459_3782,0.04270663372669963,0.9921230673789978,True
DESI-153.0462-00.8142,153.0462,-0.8142,C,326660_2544,7.551690604350791,0.9980813264846802,False
DESI-154.3116+02.4885,154.3116,2.4885,C,345385_3262,0.15457759255123912,0.9999278783798218,True
DESI-155.4226+00.6966,155.4226,0.6966,C,335309_2099,0.13712730679545612,0.9870997071266174,True
DESI-158.0944+15.8846,158.0944,15.8846,C,422054_216,0.053835100311168796,0.999940037727356,True
DESI-158.8311-00.5674,158.8311,-0.5674,C,328123_2105,0.1604539349695639,0.9986854195594788,True
DESI-170.8533+15.1850,170.8533,15.185,C,417936_1288,0.06856173137030004,0.9928694367408752,True
DESI-176.2181+08.9457,176.2181,8.9457,C,382739_1609,0.07417615537160913,0.9999449253082275,True
DESI-180.0490-00.4182,180.049,-0.4182,C,328208_5971,0.13411054734060257,0.9101468920707703,True
DESI-181.9442+27.6152,181.9442,27.6152,C,483668_4319,0.22246486443401434,0.9995487332344055,True
DESI-184.3703+15.6730,184.3703,15.673,C,420768_869,0.031187277303638683,0.23124626278877258,True
DESI-193.6112-08.7744,193.6112,-8.7744,C,280899_4047,0.24738960132354038,0.9975997805595398,True
DESI-201.4063+04.1883,201.4063,4.1883,C,355644_1750,0.03533940734808739,0.6992886662483215,True
DESI-203.3751-02.1804,203.3751,-2.1804,C,318221_6818,0.17246299322164174,0.8676063418388367,True
DESI-203.3977-01.7388,203.3977,-1.7388,C,321101_5029,0.1910357438282564,0.9938645958900452,True
DESI-204.7174-08.3381,204.7174,-8.3381,C,283794_797,0.20184611781511366,0.9926039576530457,True
DESI-205.7370+22.6135,205.737,22.6135,C,457617_4735,0.12031436776824014,0.9987837672233582,True
DESI-210.3880+13.3370,210.388,13.337,C,406912_3976,0.10783116223529864,0.9792983531951904,True
DESI-212.6868-07.1025,212.6868,-7.1025,C,290970_628,0.09313530125473272,0.25893932580947876,True
DESI-240.0759+05.6966,240.0759,5.6966,C,364412_2389,0.08628159883251864,0.5337797999382019,True
DESI-240.3397+05.0773,240.3397,5.0773,C,360108_5204,0.09364653117767072,0.16174976527690887,True
DESI-240.4006+05.5796,240.4006,5.5796,C,362979_6274,0.17628621388460267,0.4114948809146881,True
DESI-240.5350+06.0657,240.535,6.0657,C,365848_6284,0.17806385239671937,0.9737882018089294,True
DESI-240.7203+06.5371,240.7203,6.5371,C,368713_5694,0.1604780459019749,0.042211852967739105,True
DESI-241.2494+06.8555,241.2494,6.8555,C,370147_7869,0.021052336575586198,0.8273965716362,True
DESI-241.3833+15.8226,241.3833,15.8226,C,420988_3558,0.14706379775889072,0.7638407945632935,True
DESI-241.7841+07.0210,241.7841,7.021,C,371580_5161,0.17443846288273462,0.7812961339950562,True
DESI-241.8463+07.1753,241.8463,7.1753,C,373010_1601,0.15183622090371407,0.9995524287223816,True
DESI-242.0285+03.8786,242.0285,3.8786,C,354368_331,0.15661372294787573,0.9997445940971375,True
DESI-242.4262+06.1599,242.4262,6.1599,C,367288_1168,0.12047275606460664,0.2934343218803406,True
DESI-249.9825+19.0354,249.9825,19.0354,C,438907_3134,0.1868202778338493,0.8599629402160645,True
DESI-251.0765+01.6752,251.0765,1.6752,C,341452_1619,0.1305850405819582,0.994989812374115,True
DESI-251.1722+04.9724,251.1722,4.9724,C,360151_2772,0.11309946146877982,0.8002766370773315,True
DESI-317.2431+03.9841,317.2431,3.9841,C,354669_3154,0.205077093786397,0.06075822934508324,True
DESI-319.7989+00.0575,319.7989,0.0575,C,331647_5512,0.08561692058674415,0.9996439218521118,True
DESI-338.0990+01.5111,338.099,1.5111,C,340360_5417,0.17532594763252982,0.050847429782152176,True
DESI-351.1264-11.6503,351.1264,-11.6503,C,264497_10481,0.16953794058647012,0.9961289167404175,True
DESI-351.1287-11.2566,351.1287,-11.2566,C,267323_5065,0.17385853687704278,0.7390467524528503,True
DESI-351.1413-12.4955,351.1413,-12.4955,C,260267_5834,0.1840729307552908,0.9975178241729736,True
DESI-351.2285-11.6281,351.2285,-11.6281,C,264497_11540,0.1549690055989758,0.14390532672405243,True
DESI-351.2576-12.7728,351.2576,-12.7728,C,258859_4334,0.09423864462456913,0.17912781238555908,True
DESI-351.3096-12.5492,351.3096,-12.5492,C,260268_3481,0.15127371117541408,0.43855971097946167,True
DESI-351.3891-12.0013,351.3891,-12.0013,C,263086_5131,0.15654852227026447,0.21091021597385406,True
DESI-351.4008-11.9943,351.4008,-11.9943,C,263086_5437,0.053378453507324244,0.9914401769638062,True
DESI-351.4290-12.2431,351.429,-12.2431,C,261676_5601,0.12081296935717088,0.9655399322509766,True
DESI-351.4915-11.6013,351.4915,-11.6013,C,265910_1074,0.0616770023138071,0.03905091434717178,True
DESI-351.5372-11.3464,351.5372,-11.3464,C,267324_1249,0.11289398527909217,0.03587282821536064,True
