unit_id,candidate_id,alias_ids,system_id,ra_deg,dec_deg,stratum,substratum,pipe_grade_passcount,pipe_inspector_conf,pipe_score,center_galaxy_type,rank_top100,prior_exposure,lit_known,layout,cowls_ranking,cowls_theta_E,known_lens_name,known_type,known_sep_arcsec,desi_pool_overlap,desi_pool_split,sw_obs,lw_obs,sw_filter,lw_filter,proposal,field_id
u0001,J11454711+6555180,,1,114.54710586496464,65.55179987276509,U_tail,rank_101_300,U,25.0,1.2475585498526425,ambiguous,,0,False,color,,,,,,False,,jw01638-o001_t001_nircam_clear-f150w,jw01638-o001_t001_nircam_clear-f277w,F150W,F277W,1638,864
u0002,J19789495-132348,,2,197.894952382993,-1.323477683109878,T_verified,B,B,32.0,3.2989171951791203,elliptical,9,2,True,color,,,,,,False,,jw05782-o001_t001_nircam_clear-f150w,jw05782-o001_t001_nircam_clear-f277w,F150W,F277W,5782,77
u0003,J804181+1819597,,3,8.041808668532905,18.1959685703313,T_U,,U,28.0,1.271125434536952,ambiguous,32,1,False,color,,,,,,False,,jw06882-o003_t003_nircam_clear-f150w,jw06882-o003_t003_nircam_clear-f277w,F150W,F277W,6882,59
u0004,J15026528+186865,,4,150.2652785784783,1.868654246299661,K_cowls,pipe_U,U,15.0,1.167567346161546,compact,,0,True,color,UUXXXX,0.7904203340370174,COSJ100103+015207,COWLS,0.0134382279670835,False,,jw01727-o147_t135_nircam_clear-f150w,jw01727-o147_t135_nircam_clear-f277w,F150W,F277W,1727,70
u0005,J30791374-4058431,,5,307.9137443956342,-40.58430646165332,T_verified,A,A,75.0,3.6846804791368246,elliptical,4,2,True,color,,,,,,True,valsel,jw06882-o039_t042_nircam_clear-f150w,jw06882-o039_t042_nircam_clear-f277w,F150W,F277W,6882,99
u0006,J17710747+5286937,,6,177.10747083706843,52.869373748316306,D_refuted,ring_spiral,D,35.0,0.3253219038995892,ring,,0,False,color,,,,,,False,,jw01243-o002_t002_nircam_clear-f200w,jw01243-o002_t002_nircam_clear-f356w,F200W,F356W,1243,244
u0007,J20945435-1082161,,7,209.454347231917,-10.82161121182037,T_U,,U,25.0,1.2576747090676863,merger,50,1,False,gray_lw_only,,,,,,False,,,jw01568-o003_t002_nircam_clear-f322w2,,F322W2,1568,589
u0008,J803366+1819844,,8,8.033656632162394,18.19844141510758,D_refuted,ring_spiral,D,35.0,0.3188961667278506,ring,,0,False,color,,,,,,False,,jw06882-o003_t003_nircam_clear-f150w,jw06882-o003_t003_nircam_clear-f277w,F150W,F277W,6882,59
u0009,J9006236-2015944,,9,90.06236311245328,-20.15944453386363,T_U,,U,28.0,1.271657035246099,irregular,30,1,False,color,,,,,,False,,jw01567-o004_t008_nircam_clear-f150w,jw06796-o010_t001_nircam_clear-f277w,F150W,F277W,1567,58
u0010,J928927+915106,,10,9.289272836561272,9.15106352917912,L_known,pipe_D,D,45.0,0.3996646220840078,ambiguous,,0,True,color,,,[SZS2014] A68/HLS115,SIMBAD:LeG,1.11,False,,jw06882-o005_t005_nircam_clear-f150w,jw06882-o005_t005_nircam_clear-f277w,F150W,F277W,6882,181
u0011,J32235757-764217,,11,322.3575680001046,-7.642173905501461,D_refuted,other,D,32.0,0.2998426949146827,s0,,0,False,color,,,,,,False,,jw06882-o040_t043_nircam_clear-f150w,jw06882-o040_t043_nircam_clear-f277w,F150W,F277W,6882,158
u0012,J21000126+1448989,,12,210.0012638455192,14.48988513918662,U_tail,rank_101_300,U,25.0,1.2456574217769298,elliptical,,0,False,gray_lw_only,,,,,,False,,,jw03849-o001_t001_nircam_clear-f322w2,,F322W2,3849,436
u0013,J14973771+199708,,13,149.7377093145409,1.997079774897692,K_cowls,unflagged,,,,s0,,0,True,color,,,COSJ095857+015949,COWLS,0.0180160653463185,False,,jw01727-o118_t016_nircam_clear-f150w,jw01727-o118_t016_nircam_clear-f277w,F150W,F277W,1727,75
u0014,J2295773-1360329,,14,22.95773202824946,-13.60328566501609,D_refuted,merger,D,33.0,0.3101324136299035,merger,,0,False,color,,,,,,True,train,jw06882-o007_t007_nircam_clear-f150w,jw06882-o007_t007_nircam_clear-f277w,F150W,F277W,6882,204
u0015,J15009505+230050,,15,150.095054511615,2.300499003055783,K_cowls,pipe_U,U,22.0,1.2235758367892422,elliptical,,0,True,color,,,COSJ100022+021801,COWLS,0.0150247290523979,False,,jw01837-o003_t003_nircam_clear-f150w,jw01837-o003_t003_nircam_clear-f277w,F150W,F277W,1837,47
u0016,J34218891-4454040,,16,342.1889060425524,-44.54039711014857,L_known,unflagged,,,,s0,,0,True,color,,,[BHF2019] RXCJ2248    931,SIMBAD:LeG,1.87,False,,jw03293-o001_t001_nircam_clear-f150w,jw03293-o001_t001_nircam_clear-f277w,F150W,F277W,3293,38
u0017,J18918368+6235757,,17,189.18367679972633,62.35756629370671,U_tail,rank_301_2024,U,15.0,1.176108793472762,spiral,,0,False,gray_sw_only,,,,,,False,,jw05398-c1055_t000_nircam_clear-f200w,,F200W,,5398,67
u0018,J21026355+287185,,18,210.2635525361653,2.871850660860053,L_known,unflagged,,,,spiral,,0,True,color,,,[RSK2010] A 1835 2.2,SIMBAD:LeG,1.58,False,,jw05594-o015_t017_nircam_clear-f150w2,jw05594-o015_t017_nircam_clear-f322w2,F150W2,F322W2,5594,263
u0019,J2104758+067717,,19,21.04757637047562,0.6771672467960523,T_U,,U,25.0,1.2508060809280774,s0,92,1,False,color,,,,,,False,,jw06665-o002_t002_nircam_clear-f200w,jw06665-o002_t002_nircam_clear-f444w,F200W,F444W,6665,399
u0020,J9192602-4479623,,20,91.92602443021292,-44.79623274348667,T_U,,U,26.0,1.251692581273942,elliptical,77,1,False,color,,,,,,False,,jw05594-o177_t180_nircam_clear-f150w2,jw05594-o177_t180_nircam_clear-f322w2,F150W2,F322W2,5594,267
u0021,J20960149-304690,,21,209.6014927313543,-3.046903446819059,T_U,,U,25.0,1.252906867975744,merger,60,1,False,gray_lw_only,,,,,,False,,,jw12764-o004_t003_nircam_clear-f277w,,F277W,12764,127
u0022,J14977486+224978,,22,149.7748583426036,2.249780142818659,T_U,,U,26.0,1.2536322504237447,elliptical,56,1,False,color,,,,,,False,,jw01727-o153_t005_nircam_clear-f150w,jw01727-o153_t005_nircam_clear-f277w,F150W,F277W,1727,47
u0023,J20865088+7724666,,23,208.650882179928,77.24665527841864,T_U,,U,25.0,1.2527231377556252,merger,64,1,False,color,,,,,,False,,jw05594-o051_t053_nircam_clear-f150w2,jw05594-o051_t053_nircam_clear-f322w2,F150W2,F322W2,5594,296
u0024,J18908112+6221462,,24,189.08112197601855,62.2146179577832,D_refuted,merger,D,30.0,0.2875725594600118,merger,,0,False,color,,,,,,False,,jw03577-o002_t002_nircam_clear-f115w,jw03577-o002_t002_nircam_clear-f356w,F115W,F356W,3577,67
u0025,J6403185-2403539,,25,64.0318455894184,-24.03538639049788,U_tail,rank_301_2024,U,22.0,1.1872765164694616,elliptical,,0,False,color,,,,,,True,train,jw03538-o019_t003_nircam_clear-f182m,jw03538-o019_t003_nircam_clear-f300m,F182M,F300M,3538,148
u0026,J15032484+248405,,26,150.3248375777692,2.484053509903307,T_U,,U,28.0,1.2719120305571674,elliptical,27,1,False,color,,,,,,False,,jw01727-o025_t097_nircam_clear-f150w,jw01727-o025_t097_nircam_clear-f277w,F150W,F277W,1727,47
u0027,J6439169-1191885,,27,64.39168651359805,-11.91885334044635,T_U,,U,28.0,1.2753989857268562,elliptical,24,1,False,color,,,,,,False,,jw01208-o006_t003_nircam_clear-f150w,jw01208-o006_t003_nircam_clear-f277w,F150W,F277W,1208,225
u0028,J16440195+5798696,,28,164.40195382701228,57.98696260522162,D_refuted,elliptical_nearmiss,D,58.0,0.4970020768403697,elliptical,,0,False,color,,,,,,False,,jw05594-o091_t093_nircam_clear-f150w2,jw05594-o091_t093_nircam_clear-f322w2,F150W2,F322W2,5594,274
u0029,J8570140-2144889,,29,85.70139721053656,-21.44888986435082,T_U,,U,27.0,1.261380962573735,elliptical,45,1,False,gray_lw_only,,,,,,False,,,jw06675-o003_t004_nircam_clear-f444w,,F444W,6675,885
u0030,J21483295+5282544,,30,214.83294532318965,52.82543736952046,T_U,,U,25.0,1.251334208620882,merger,82,1,False,color,,,,,,False,,jw01345-o004_t024_nircam_clear-f150w,jw01345-o004_t024_nircam_clear-f277w,F150W,F277W,1345,48
u0031,J15424410+3903685,,31,154.24409557442755,39.03684807855983,T_U,,U,25.0,1.2515328058574038,s0,80,1,False,color,,,,,,False,,jw05594-o004_t006_nircam_clear-f150w2,jw05594-o004_t006_nircam_clear-f322w2,F150W2,F322W2,5594,304
u0032,J34710108-218831,,32,347.1010785230895,-2.188307485875781,D_refuted,elliptical_nearmiss,D,55.0,0.4719573527610697,elliptical,,0,False,color,,,,,,True,valsel,jw06882-o045_t049_nircam_clear-f150w,jw06882-o045_t049_nircam_clear-f277w,F150W,F277W,6882,210
u0033,J21513251+5297278,,33,215.13250891206903,52.9727778334425,L_known,pipe_D,D,35.0,0.3238825043297066,s0,,0,True,color,,,VIRTUAL PARENT SL2S J142031+525822,SIMBAD:gLS,0.02,False,,jw01345-o016_t027_nircam_clear-f115w,jw01345-o065_t056_nircam_clear-f277w,F115W,F277W,1345,48
u0034,J35128930-4120369,,34,351.2893005149217,-41.203690600515,D_refuted,ring_spiral,D,32.0,0.3009951949409347,ring,,0,False,color,,,,,,False,,jw06882-o035_t062_nircam_clear-f150w,jw06882-o035_t062_nircam_clear-f277w,F150W,F277W,6882,26
u0035,J14997467+255549,,35,149.9746725723471,2.555486163044995,K_cowls,pipe_U,U,25.0,1.243033503661812,elliptical,,0,True,color,,1.4413305558118792,COSJ095953+023319,COWLS,0.1472065490518661,False,,jw01727-o006_t018_nircam_clear-f150w,jw01727-o006_t018_nircam_clear-f277w,F150W,F277W,1727,47
u0036,J1637643+1340558,,36,16.37643120866959,13.40558326462695,T_U,,U,25.0,1.250829330248808,s0,90,1,False,color,,,,,,False,,jw05594-o155_t158_nircam_clear-f150w2,jw05594-o155_t158_nircam_clear-f322w2,F150W2,F322W2,5594,282
u0037,J12411163+1923209,,37,124.111629219646,19.23208966927629,T_U,,U,27.0,1.2644574366690062,s0,42,1,False,color,,,,,,False,,jw01063-o104_t005_nircam_clear-f150w,jw04443-o005_t005_nircam_clear-f277w,F150W,F277W,1063,10
u0038,J26831233+6515810,,38,268.3123283799912,65.15810171833823,T_U,,U,28.0,1.2717123108017212,elliptical,28,1,False,color,,,,,,False,,jw09263-o001_t001_nircam_clear-f150w,jw09263-o001_t001_nircam_clear-f356w,F150W,F356W,9263,41
u0039,J17772978-2808033,,39,177.729782807809,-28.08033417041251,T_U,,U,26.0,1.252302534760691,elliptical,68,1,False,color,,,,,,False,,jw06882-o030_t031_nircam_clear-f150w,jw06882-o030_t031_nircam_clear-f277w,F150W,F277W,6882,72
u0040,J16305610+3001292,,40,163.0561009456723,30.01291594708449,T_U,,U,28.0,1.2668333286034308,elliptical,39,1,False,color,,,,,,False,,jw06556-o001_t001_nircam_clear-f150w,jw06556-o001_t001_nircam_clear-f277w,F150W,F277W,6556,789
u0041,J16897851+148442,,41,168.9785141015487,1.48441665580579,D_refuted,elliptical_nearmiss,D,72.0,0.6574567384205445,elliptical,,0,False,color,,,,,,False,,jw06882-o028_t029_nircam_clear-f150w,jw06882-o028_t029_nircam_clear-f277w,F150W,F277W,6882,71
u0042,J18030075+2309921,J18030108+2309932,42,180.3007486909241,23.09920988540223,T_verified,B,B,55.0,3.475757431932885,elliptical,7,2,False,gray_sw_only,,,,,,False,,jw05594-o019_t021_nircam_clear-f150w2,,F150W2,,5594,236
u0043,J19047436+1159098,,43,190.4743551764359,11.59098011929122,U_tail,rank_101_300,U,25.0,1.246086604650044,elliptical,,0,False,color,,,,,,False,,jw03055-o009_t009_nircam_clear-f150w,jw03055-o009_t009_nircam_clear-f277w,F150W,F277W,3055,563
u0044,J15033701+227952,,44,150.337009828852,2.279522474198196,K_cowls,pipe_U,U,15.0,1.1739754042891724,elliptical,,0,True,color,AAAAUX,0.5972227441596166,COSJ100120+021646,COWLS,0.0499157074753815,False,,jw01727-o067_t115_nircam_clear-f150w,jw01727-o067_t115_nircam_clear-f277w,F150W,F277W,1727,47
u0045,J26876212+6510625,,45,268.762123394725,65.10625193082855,T_U,,U,28.0,1.271131568589163,ring,31,1,False,color,,,,,,False,,jw05105-o014_t001_nircam_clear-f150w,jw05105-o014_t001_nircam_clear-f356w,F150W,F356W,5105,41
u0046,J18931633+6219972,,46,189.3163302335348,62.199723031712125,T_U,,U,25.0,1.2522147528266898,ambiguous,69,1,False,color,,,,,,False,,jw01181-o004_t008_nircam_clear-f150w,jw01181-o004_t008_nircam_clear-f277w,F150W,F277W,1181,67
u0047,J15039056+235982,,47,150.3905641125818,2.359821699756072,L_known,pipe_U,U,22.0,1.2261318909545245,s0,,0,True,color,,,[MCM2012] SA81,SIMBAD:gLS,0.64,False,,jw01727-o032_t122_nircam_clear-f150w,jw01727-o032_t122_nircam_clear-f277w,F150W,F277W,1727,47
u0048,J15071855+269043,,48,150.7185503423053,2.690427351578382,N_unflagged,proposal_6480,,,,elliptical,,0,False,gray_sw_only,,,,,,False,,jw06480-o002_t002_nircam_clear-f070w,,F070W,,6480,598
u0049,J3996375-158105,,49,39.96375070992939,-1.581051248423649,N_unflagged,proposal_5890,,,,elliptical,,0,False,color,,,,,,False,,jw05890-o001_t001_nircam_clear-f150w,jw01208-o002_t001_nircam_clear-f277w,F150W,F277W,5890,68
u0050,J34708269-218827,,50,347.0826897520284,-2.18826713866514,L_known,pipe_U,U,20.0,1.2124117448529002,merger,,0,True,color,,,[CSA2018] Abell 2537 32.1,SIMBAD:LeI,1.88,True,valsel,jw06882-o045_t049_nircam_clear-f150w,jw06882-o045_t049_nircam_clear-f277w,F150W,F277W,6882,210
u0051,J15069997+222588,,51,150.6999706363182,2.225875973235753,T_U,,U,26.0,1.2594268230647194,star,47,1,False,color,,,,,,False,,jw01635-o054_t037_nircam_clear-f150w,jw01635-o054_t037_nircam_clear-f444w,F150W,F444W,1635,664
u0052,J2238085-7354339,,52,22.38084741342686,-73.54338976005498,U_tail,rank_301_2024,U,15.0,1.1310174026725768,compact,,0,False,color,,,,,,False,,jw02662-o001_t001_nircam_clear-f150w,jw02662-o001_t001_nircam_clear-f277w,F150W,F277W,2662,687
u0053,J15194704+2123478,,53,151.947041888301,21.23478461642417,D_refuted,merger,D,32.0,0.2999044462338613,merger,,0,False,color,,,,,,False,,jw02073-o003_t001_nircam_clear-f115w,jw02073-o003_t001_nircam_clear-f277w,F115W,F277W,2073,530
u0054,J33389992-3276033,,54,333.8999158280097,-32.7603303768569,T_U,,U,25.0,1.2505564599247223,elliptical,96,1,False,color,,,,,,False,,jw05594-o103_t105_nircam_clear-f150w2,jw05594-o103_t105_nircam_clear-f322w2,F150W2,F322W2,5594,245
u0055,J3807110-4434755,,55,38.07110133868793,-44.34755157210706,T_U,,U,28.0,1.2687293539447528,ambiguous,35,1,False,color,,,,,,False,,jw06882-o010_t010_nircam_clear-f150w,jw06882-o010_t010_nircam_clear-f277w,F150W,F277W,6882,177
u0056,J30795372-4063256,,56,307.9537178938298,-40.63255501232588,D_refuted,merger,D,30.0,0.2858313659145994,merger,,0,False,color,,,,,,False,,jw06882-o039_t042_nircam_clear-f150w,jw06882-o039_t042_nircam_clear-f277w,F150W,F277W,6882,99
u0057,J11068178-7349847,,57,110.6817754664031,-73.49847129196436,U_tail,rank_101_300,U,24.0,1.2444571771136084,elliptical,,0,False,color,,,,,,False,,jw02736-o001_t001_nircam_clear-f150w,jw02736-o001_t001_nircam_clear-f277w,F150W,F277W,2736,153
u0058,J2994382-883235,,58,29.9438192199651,-8.832354034072008,D_refuted,ring_spiral,D,40.0,0.3597321139350582,ring,,0,False,color,,,,,,False,,jw06882-o061_t009_nircam_clear-f150w,jw06882-o061_t009_nircam_clear-f277w,F150W,F277W,6882,167
u0059,J803198+1811354,,59,8.031975916986372,18.11354096514257,L_known,pipe_U,U,15.0,1.1745698163739422,edge-on disk,,0,True,color,,,[DZR2017] MACS J0032-arc,SIMBAD:LeG,1.73,False,,jw06882-o003_t003_nircam_clear-f150w,jw06882-o003_t003_nircam_clear-f277w,F150W,F277W,6882,59
u0060,J4205283+264369,,60,42.0528277845843,2.643690510130554,T_U,,U,26.0,1.2536765969618393,s0,55,1,False,color,,,,,,False,,jw05594-o082_t084_nircam_clear-f150w2,jw05594-o082_t084_nircam_clear-f322w2,F150W2,F322W2,5594,318
u0061,J15010748+230270,,61,150.1074829093412,2.302696854862866,T_U,,U,27.0,1.2670859068724094,s0,38,1,False,color,,,,,,False,,jw01810-o001_t001_nircam_clear-f150w,jw01837-o003_t003_nircam_clear-f277w,F150W,F277W,1810,47
u0062,J15067092+210603,,62,150.6709225094973,2.106034358321853,T_U,,U,25.0,1.2527249181351767,s0,63,1,False,color,,,,,,False,,jw01635-o025_t003_nircam_clear-f150w2,jw01635-o025_t003_nircam_clear-f444w,F150W2,F444W,1635,476
u0063,J15055009+250185,,63,150.5500892598752,2.501846581829946,T_U,,U,28.0,1.2684041241947048,irregular,36,1,False,gray_sw_only,,,,,,False,,jw06480-o025_t025_nircam_clear-f090w,,F090W,,6480,516
u0064,J20948181-1096952,,64,209.4818060797643,-10.96951918749397,T_U,,U,25.0,1.2523755913400765,elliptical,67,1,False,gray_lw_only,,,,,,False,,,jw01568-o003_t002_nircam_clear-f322w2,,F322W2,1568,589
u0065,J8730424-6207661,,65,87.30424042109985,-62.07660865170828,D_refuted,elliptical_nearmiss,D,65.0,0.6090888337210453,elliptical,,0,False,color,,,,,,False,,jw05594-o045_t047_nircam_clear-f150w2,jw05594-o045_t047_nircam_clear-f322w2,F150W2,F322W2,5594,264
u0066,J15263251-1268419,,66,152.6325127958268,-12.68418569612639,N_unflagged,proposal_5594,,,,s0,,0,False,color,,,,,,False,,jw05594-o031_t033_nircam_clear-f150w2,jw05594-o031_t033_nircam_clear-f322w2,F150W2,F322W2,5594,276
u0067,J15049363+206401,,67,150.4936287834419,2.064010375815117,T_U,,U,27.0,1.2632655819205374,s0,43,1,False,color,,,,,,False,,jw01635-o026_t007_nircam_clear-f150w2,jw01635-o026_t007_nircam_clear-f444w,F150W2,F444W,1635,435
u0068,J15261689-1266966,,68,152.6168851309731,-12.66965932187284,T_U,,U,25.0,1.252857694263699,merger,62,1,False,color,,,,,,False,,jw05594-o031_t033_nircam_clear-f150w2,jw05594-o031_t033_nircam_clear-f322w2,F150W2,F322W2,5594,276
u0069,J6403415-2406677,,69,64.03414855638412,-24.0667743974585,T_verified,C,C,30.0,2.2876250490139367,elliptical,21,1,True,color,,,,,,False,,jw05890-o002_t002_nircam_clear-f150w,jw01208-o004_t002_nircam_clear-f277w,F150W,F277W,5890,148
u0070,J5282421-774282,,70,52.82421257210893,-7.742818672040358,T_U,,U,26.0,1.2585904730327984,merger,49,1,False,color,,,,,,False,,jw03954-o006_t006_nircam_clear-f150w,jw03954-o006_t006_nircam_clear-f277w,F150W,F277W,3954,720
u0071,J8732838-6207334,,71,87.32837537117886,-62.07334123507424,T_U,,U,25.0,1.2517396484743848,s0,76,1,False,color,,,,,,False,,jw05594-o045_t047_nircam_clear-f150w2,jw05594-o045_t047_nircam_clear-f322w2,F150W2,F322W2,5594,264
u0072,J15018209+211340,,72,150.1820906501962,2.113400741736567,D_refuted,other,D,30.0,0.2863516236800125,s0,,0,False,color,,,,,,False,,jw01727-o101_t101_nircam_clear-f150w,jw05893-o011_t011_nircam_clear-f356w,F150W,F356W,1727,47
u0073,J14995729+243834,,73,149.9572914554525,2.438337939714451,T_U,,U,25.0,1.2508210608430912,merger,91,1,False,color,,,,,,False,,jw01727-o045_t027_nircam_clear-f150w,jw01727-o045_t027_nircam_clear-f277w,F150W,F277W,1727,47
u0074,J3996679-159719,,74,39.96678710289662,-1.597192789192988,T_U,,U,28.0,1.275313278382166,spiral,25,1,True,color,,,,,,True,train,jw05890-o001_t001_nircam_clear-f150w,jw01208-o002_t001_nircam_clear-f277w,F150W,F277W,5890,68
u0075,J18031302+2310412,,75,180.3130196653021,23.10411895106457,D_refuted,merger,D,30.0,0.286958961285502,merger,,0,False,color,,,,,,False,,jw05594-o019_t021_nircam_clear-f150w2,jw05594-o019_t021_nircam_clear-f322w2,F150W2,F322W2,5594,236
u0076,J21518078+5278672,,76,215.18078179322788,52.786718778557194,T_U,,U,25.0,1.2511347805534965,irregular,86,1,False,color,,,,,,False,,jw06368-o060_t055_nircam_clear-f115w,jw06368-o060_t055_nircam_clear-f277w,F115W,F277W,6368,48
u0077,J9002960-2014057,,77,90.02960171446668,-20.14056566361329,T_U,,U,26.0,1.259642691018832,elliptical,46,1,False,color,,,,,,False,,jw01567-o004_t008_nircam_clear-f150w,jw06882-o024_t024_nircam_clear-f277w,F150W,F277W,1567,58
u0078,J32840780+1769774,,78,328.4077951323409,17.69773517372917,T_U,,U,25.0,1.251015897825734,merger,88,1,False,color,,,,,,False,,jw05594-o012_t014_nircam_clear-f150w2,jw05594-o012_t014_nircam_clear-f322w2,F150W2,F322W2,5594,298
u0079,J16644236-1024898,,79,166.4423644396571,-10.24897786988401,T_verified,B,B,35.0,3.324244005970459,elliptical,8,2,False,color,,,,,,False,,jw05594-o072_t074_nircam_clear-f150w2,jw05594-o072_t074_nircam_clear-f322w2,F150W2,F322W2,5594,235
u0080,J15048493+226744,,80,150.4849294883113,2.267443433947709,N_unflagged,proposal_1727,,,,elliptical,,0,False,color,,,,,,False,,jw01727-o075_t147_nircam_clear-f150w,jw01727-o075_t147_nircam_clear-f277w,F150W,F277W,1727,47
u0081,J5186322-1343964,,81,51.86322261681574,-13.43964190160108,L_known,pipe_U,U,25.0,1.2433051920621148,elliptical,,0,True,color,,,VIRTUAL PARENT RCS2 J032727-132623 gLS,SIMBAD:gLS,1.87,False,,jw05594-o086_t187_nircam_clear-f150w2,jw05594-o086_t187_nircam_clear-f322w2,F150W2,F322W2,5594,350
u0082,J34084513-960342,,82,340.8451298290557,-9.603419774065234,T_verified,B,B,75.0,3.683579799632911,elliptical,5,2,False,color,,,,,,False,,jw05594-o063_t065_nircam_clear-f150w2,jw05594-o063_t065_nircam_clear-f322w2,F150W2,F322W2,5594,336
u0083,J11084396-7342226,,83,110.8439599887481,-73.42225671082014,T_U,,U,25.0,1.2507799013249126,ambiguous,93,1,False,color,,,,,,False,,jw04043-o001_t001_nircam_clear-f115w,jw04043-o001_t001_nircam_clear-f444w,F115W,F444W,4043,153
u0084,J17769198-2805240,,84,177.6919798038281,-28.05239804281122,D_refuted,merger,D,30.0,0.2881178589469268,merger,,0,False,gray_sw_only,,,,,,False,,jw06882-o030_t031_nircam_clear-f150w,,F150W,,6882,72
u0085,J14991871+254823,,85,149.9187067410818,2.548234860740977,K_cowls,unflagged,,,,s0,,0,True,color,BBSSSS,1.165551135106829,COSJ095940+023253,COWLS,0.0058036168466241,False,,jw01727-o004_t010_nircam_clear-f150w,jw01727-o004_t010_nircam_clear-f277w,F150W,F277W,1727,47
u0086,J14980160+213082,,86,149.8015997697156,2.13081762064331,K_cowls,pipe_U,U,18.0,1.1573237812108406,edge-on disk,,0,True,color,AAABSS,0.9049612722247332,COSJ095912+020750,COWLS,0.0246969641816568,False,,jw01727-o080_t014_nircam_clear-f150w,jw01727-o080_t014_nircam_clear-f277w,F150W,F277W,1727,56
u0087,J14991319+251221,,87,149.9131929706377,2.512214966078626,K_cowls,pipe_U,U,20.0,1.2105388980370615,s0,,0,True,color,ABBUXX,1.983471497403669,COSJ095939+023043,COWLS,0.0260212998829526,False,,jw01727-o004_t010_nircam_clear-f150w,jw01727-o004_t010_nircam_clear-f277w,F150W,F277W,1727,47
u0088,J14987954+204155,,88,149.879539986246,2.041547916423178,L_known,pipe_D,D,45.0,0.3955766985895441,elliptical,,0,True,color,,,[FKC2008] COSMOS 5931+0229,SIMBAD:gLS,0.59,False,,jw01727-o123_t039_nircam_clear-f150w,jw01727-o123_t039_nircam_clear-f277w,F150W,F277W,1727,70
u0089,J18534294+1156810,,89,185.3429354095285,11.56809535937842,U_tail,rank_101_300,U,25.0,1.2462914172556658,ring,,0,False,color,,,,,,False,,jw07763-o025_t025_nircam_clear-f150w,jw07763-o025_t025_nircam_clear-f277w,F150W,F277W,7763,185
u0090,J9003772-2015513,,90,90.03772033342565,-20.15513428320984,T_U,,U,25.0,1.250873424081397,s0,89,1,False,color,,,,,,False,,jw06796-o010_t001_nircam_clear-f150w,jw06796-o010_t001_nircam_clear-f277w,F150W,F277W,6796,58
u0091,J14993798+260626,,91,149.9379802010104,2.606263411326252,K_cowls,pipe_U,U,20.0,1.2092613017550349,elliptical,,0,True,color,ABUXXX,0.4018357954972808,COSJ095945+023622,COWLS,0.0335334500778877,False,,jw01727-o003_t009_nircam_clear-f150w,jw01727-o003_t009_nircam_clear-f277w,F150W,F277W,1727,47
u0092,J20148881+4807960,,92,201.48881031979448,48.07959890117759,N_unflagged,proposal_6675,,,,compact,,0,False,gray_lw_only,,,,,,False,,,jw06675-o007_t008_nircam_clear-f444w,,F444W,6675,878
u0093,J6928514+070232,,93,69.28514337082932,0.7023240825144503,T_U,,U,25.0,1.25014585517492,elliptical,100,1,False,color,,,,,,False,,jw06207-o001_t001_nircam_clear-f200w,jw06207-o001_t001_nircam_clear-f277w,F200W,F277W,6207,890
u0094,J3807769-4433463,,94,38.07769031203738,-44.33463389813596,U_tail,rank_301_2024,U,20.0,1.1695456397099464,elliptical,,0,False,color,,,,,,False,,jw06882-o010_t010_nircam_clear-f150w,jw06882-o010_t010_nircam_clear-f277w,F150W,F277W,6882,177
u0095,J35128272-4120137,,95,351.2827208657205,-41.20137375728068,T_U,,U,26.0,1.250378099729644,elliptical,99,1,False,color,,,,,,False,,jw06882-o035_t062_nircam_clear-f150w,jw06882-o035_t062_nircam_clear-f277w,F150W,F277W,6882,26
u0096,J18939200+6216064,,96,189.39199759293837,62.16063825068543,T_U,,U,25.0,1.2503942614714554,merger,97,1,False,color,,,,,,False,,jw06434-c1033_t000_nircam_clear-f200w,jw06434-c1033_t000_nircam_clear-f444w,F200W,F444W,6434,67
u0097,J2995977-883239,,97,29.95976878686171,-8.832386035906191,N_unflagged,proposal_6882,,,,compact,,0,False,color,,,,,,False,,jw06882-o061_t009_nircam_clear-f150w,jw06882-o061_t009_nircam_clear-f277w,F150W,F277W,6882,167
u0098,J8999381-2012203,,98,89.99380529268703,-20.12203380593734,T_verified,C,C,72.0,2.6616373157627815,elliptical,11,2,False,color,,,,,,False,,jw06796-o010_t001_nircam_clear-f150w,jw06796-o010_t001_nircam_clear-f277w,F150W,F277W,6796,58
u0099,J32232919-763201,,99,322.3291912785429,-7.632011062034694,T_U,,U,28.0,1.270666480732791,ring,33,1,False,color,,,,,,False,,jw06882-o040_t043_nircam_clear-f150w,jw06882-o040_t043_nircam_clear-f277w,F150W,F277W,6882,158
u0100,J15067319+221999,,100,150.673191882952,2.219994477762032,T_U,,U,26.0,1.2574198040748348,s0,53,1,False,color,,,,,,False,,jw01635-o056_t035_nircam_clear-f150w,jw01635-o054_t037_nircam_clear-f444w,F150W,F444W,1635,664
u0101,J10939809+3775146,,101,109.39808653206184,37.751456931502105,L_known,pipe_U,U,18.0,1.1966762461436795,merger,,0,True,color,,,[BIO2017] M0717I-7355245042,SIMBAD:LeG,1.01,True,valsel,jw06882-o029_t063_nircam_clear-f150w,jw06882-o029_t063_nircam_clear-f277w,F150W,F277W,6882,211
u0102,J33372744-1401097,,102,333.7274368427851,-14.01096573219298,T_verified,C,C,40.0,2.3586193298222176,elliptical,19,1,False,color,,,,,,False,,jw06882-o044_t048_nircam_clear-f150w,jw06882-o044_t048_nircam_clear-f277w,F150W,F277W,6882,155
u0103,J30798663-4063616,,103,307.9866267768897,-40.6361610673881,D_refuted,elliptical_nearmiss,D,74.0,0.675415290323455,elliptical,,0,False,color,,,,,,False,,jw06882-o039_t042_nircam_clear-f150w,jw06882-o039_t042_nircam_clear-f277w,F150W,F277W,6882,99
u0104,J17740281+2243662,,104,177.4028120662046,22.43662029558182,L_known,pipe_D,D,38.0,0.3459292400400877,s0,,0,True,color,,,[DRJ2018] MACS1149 A.1,SIMBAD:LeI,0.93,False,,jw01199-o005_t001_nircam_clear-f150w,jw01199-o005_t001_nircam_clear-f277w,F150W,F277W,1199,117
u0105,J1747804-3079539,,105,17.47804337785421,-30.79538789600162,T_U,,U,25.0,1.2503782249974322,merger,98,1,False,color,,,,,,False,,jw02078-o001_t001_nircam_clear-f200w,jw02078-o001_t001_nircam_clear-f356w,F200W,F356W,2078,568
u0106,J15004059+241551,,106,150.0405915758345,2.415508830449455,L_known,unflagged,,,,elliptical,,0,True,color,,,[FKC2008] COSMOS 0009+2455,SIMBAD:gLS,1.04,False,,jw01727-o049_t043_nircam_clear-f150w,jw01727-o049_t043_nircam_clear-f277w,F150W,F277W,1727,47
u0107,J34707505-219476,,107,347.0750458424562,-2.194758020301144,T_verified,A,A,78.0,3.7004702582775497,elliptical,3,2,False,color,,,,,,True,train,jw06882-o045_t049_nircam_clear-f150w,jw06882-o045_t049_nircam_clear-f277w,F150W,F277W,6882,210
u0108,J14920654+6969086,,108,149.20654140510675,69.69085758869083,T_U,,U,26.0,1.2574860309035198,irregular,52,1,False,color,,,,,,False,,jw05145-o019_t001_nircam_clear-f200w,jw05145-o019_t001_nircam_clear-f444w,F200W,F444W,5145,135
u0109,J15199556+2122210,,109,151.9955645970115,21.2221016116179,T_verified,A,A,82.0,3.7357062765822913,elliptical,2,2,False,color,,,,,,False,,jw02073-o003_t001_nircam_clear-f115w,jw02073-o003_t001_nircam_clear-f277w,F115W,F277W,2073,530
u0110,J357894-3039410,,110,3.57893652867098,-30.39409765585977,U_tail,rank_101_300,U,25.0,1.2490686402759112,elliptical,,0,False,color,,,,,,False,,jw02561-o001_t003_nircam_clear-f150w,jw02561-o001_t003_nircam_clear-f277w,F150W,F277W,2561,100
u0111,J4429240-2347200,,111,44.29240279480809,-23.47200262491385,T_U,,U,25.0,1.2526172500419752,elliptical,65,1,False,color,,,,,,False,,jw06882-o013_t013_nircam_clear-f150w,jw06882-o013_t013_nircam_clear-f277w,F150W,F277W,6882,53
u0112,J4312165-2100739,,112,43.12164796276717,-21.00738833045095,T_U,,U,27.0,1.2592778322415947,elliptical,48,1,True,color,,,VIRTUAL PARENT eMACS J0252.4-2100,SIMBAD:gLS,1.47,False,,jw05594-o107_t109_nircam_clear-f150w2,jw05594-o107_t109_nircam_clear-f322w2,F150W2,F322W2,5594,260
u0113,J15037549+237083,,113,150.3754922505767,2.370832344780458,K_cowls,unflagged,,,,s0,,0,True,color,ABBBXX,0.0,COSJ100130+022214,COWLS,0.0199413710891071,False,,jw01727-o030_t114_nircam_clear-f150w,jw01727-o030_t114_nircam_clear-f277w,F150W,F277W,1727,47
u0114,J21007480+1455269,,114,210.0747970447537,14.55269341755846,T_U,,U,25.0,1.2521154062863349,merger,72,1,False,color,,,,,,False,,jw03849-o001_t001_nircam_clear-f150w,jw03849-o001_t001_nircam_clear-f322w2,F150W,F322W2,3849,436
u0115,J22963308-8151071,,115,229.633076938451,-81.5107084244177,D_refuted,other,D,28.0,0.269581058644705,s0,,0,False,color,,,,,,False,,jw05594-o074_t076_nircam_clear-f150w2,jw05594-o074_t076_nircam_clear-f322w2,F150W2,F322W2,5594,329
u0116,J15009907+202286,,116,150.0990691224736,2.022863920307272,T_U,,U,28.0,1.2679644352094772,elliptical,37,1,False,color,,,,,,False,,jw06434-c1072_t000_nircam_clear-f150w,jw01727-o098_t086_nircam_clear-f277w,F150W,F277W,6434,56
u0117,J15263530-1266462,,117,152.6352976532282,-12.6646179321035,N_unflagged,proposal_5594,,,,star,,0,False,color,,,,,,False,,jw05594-o031_t033_nircam_clear-f150w2,jw05594-o031_t033_nircam_clear-f322w2,F150W2,F322W2,5594,276
u0118,J4202043-352281,,118,42.02043297886691,-3.522812322746657,L_known,pipe_U,U,18.0,1.1980367764244089,merger,,0,True,color,,,[SKE2001] B13,SIMBAD:LeI,1.79,True,train,jw06882-o012_t012_nircam_clear-f150w,jw06882-o012_t012_nircam_clear-f277w,F150W,F277W,6882,50
u0119,J3419795-502846,,119,34.19794613055247,-5.028457280697509,T_U,,U,25.0,1.2533956237741457,compact,59,1,False,gray_lw_only,,,,,,False,,,jw06434-c1030_t000_nircam_clear-f444w,,F444W,6434,95
u0120,J5186803-1343778,,120,51.86803262254947,-13.43778146053111,T_verified,C,C,40.0,2.3625307317730986,irregular,17,1,True,color,,,,,,False,,jw05594-o086_t187_nircam_clear-f150w2,jw05594-o086_t187_nircam_clear-f322w2,F150W2,F322W2,5594,350
u0121,J12391133+1822895,,121,123.9113329980808,18.22895246859371,T_U,,U,25.0,1.252159040572738,s0,71,1,False,color,,,,,,False,,jw01063-o152_t021_nircam_clear-f150w2,jw01063-o152_t021_nircam_clear-f322w2,F150W2,F322W2,1063,12
u0122,J15037005+241731,,122,150.370052278007,2.417307422766676,K_cowls,unflagged,,,,elliptical,,0,True,color,AABXXX,1.3310155517516986,COSJ100128+022502,COWLS,0.0023141370438773,False,,jw01727-o028_t106_nircam_clear-f150w,jw01727-o028_t106_nircam_clear-f277w,F150W,F277W,1727,47
u0123,J15021825+181565,,123,150.2182546086588,1.815652840707473,K_cowls,pipe_U,U,20.0,1.21401153175427,ambiguous,,0,True,color,AAAAAB,1.004128383149621,COSJ100052+014856,COWLS,0.0328719144823161,False,,jw01727-o146_t128_nircam_clear-f150w,jw01727-o146_t128_nircam_clear-f277w,F150W,F277W,1727,75
u0124,J357850-3044809,,124,3.578503576478449,-30.44808749324771,T_U,,U,28.0,1.2731234262789033,elliptical,26,1,False,color,,,,,,False,,jw02561-o002_t001_nircam_clear-f150w,jw02561-o002_t001_nircam_clear-f277w,F150W,F277W,2561,49
u0125,J19449788+4704593,,125,194.4978832049527,47.045930219879075,D_refuted,other,D,45.0,0.4027008787341636,ambiguous,,0,False,color,,,,,,False,,jw05594-o036_t038_nircam_clear-f150w2,jw05594-o036_t038_nircam_clear-f322w2,F150W2,F322W2,5594,380
u0126,J26842354+6529667,,126,268.42353559767207,65.2966660044857,U_tail,rank_301_2024,U,20.0,1.2129208699517673,merger,,0,False,color,,,,,,False,,jw09263-o001_t001_nircam_clear-f150w,jw09263-o001_t001_nircam_clear-f356w,F150W,F356W,9263,41
u0127,J15114238+4121210,,127,151.14238362607307,41.21210082301774,L_known,pipe_U,U,15.0,1.170997497603323,merger,,0,True,gray_lw_only,,,QSO J1004+4112E,SIMBAD:LeQ,0.32,False,,,jw06675-o005_t006_nircam_clear-f444w,,F444W,6675,882
u0128,J8575205-2143155,,128,85.75205190283621,-21.43154659747767,T_U,,U,25.0,1.2520140515994584,irregular,73,1,False,gray_lw_only,,,,,,False,,,jw06675-o003_t004_nircam_clear-f444w,,F444W,6675,885
u0129,J4006002-161474,,129,40.06002328110125,-1.614742295521668,T_verified,C,C,40.0,2.3595414597810147,elliptical,18,1,False,color,,,,,,False,,jw01208-o020_t001_nircam_clear-f150w,jw01208-o020_t001_nircam_clear-f277w,F150W,F277W,1208,360
u0130,J2434723-845791,,130,24.34723493541038,-8.457906156867514,U_tail,rank_301_2024,U,22.0,1.224991231285338,elliptical,,0,False,color,,,,,,False,,jw02282-o010_t001_nircam_clear-f150w,jw02282-o010_t001_nircam_clear-f277w,F150W,F277W,2282,60
u0131,J35084320-3043955,,131,350.8432001531598,-30.43955439554385,T_U,,U,25.0,1.251790943900692,compact,75,1,False,color,,,,,,False,,jw05743-o001_t001_nircam_clear-f200w,jw05743-o001_t001_nircam_clear-f322w2,F200W,F322W2,5743,643
u0132,J15428066+3906060,,132,154.28066190886346,39.06059643598755,D_refuted,other,D,45.0,0.4002614729325734,compact,,0,False,color,,,,,,False,,jw05594-o004_t006_nircam_clear-f150w2,jw05594-o004_t006_nircam_clear-f322w2,F150W2,F322W2,5594,304
u0133,J14997313+250891,,133,149.9731346846299,2.508914406422224,N_unflagged,proposal_1727,,,,elliptical,,0,False,color,,,,,,False,,jw01727-o006_t018_nircam_clear-f150w,jw01727-o006_t018_nircam_clear-f277w,F150W,F277W,1727,47
u0134,J15004969+221715,,134,150.0496890206949,2.21714574137081,K_cowls,unflagged,,,,s0,,0,True,color,AASUXX,1.8636067820708688,COSJ100011+021301,COWLS,0.1224908759150811,False,,jw01727-o091_t061_nircam_clear-f150w,jw01727-o091_t061_nircam_clear-f277w,F150W,F277W,1727,47
u0135,J15032014+201142,,135,150.3201436586264,2.011420110059667,K_cowls,pipe_U,U,15.0,1.173168556573004,elliptical,,0,True,color,BBUUXX,,COSJ100116+020041,COWLS,0.0571536595756127,False,,jw01727-o110_t134_nircam_clear-f150w,jw01727-o110_t134_nircam_clear-f277w,F150W,F277W,1727,56
u0136,J20861957+7726170,,136,208.61957223032636,77.26169947909456,T_U,,U,25.0,1.2512050918688002,s0,85,1,False,color,,,,,,False,,jw05594-o051_t053_nircam_clear-f150w2,jw05594-o051_t053_nircam_clear-f322w2,F150W2,F322W2,5594,296
u0137,J16456132+2953030,,137,164.5613208760629,29.53029504243278,T_U,,U,25.0,1.2515373436441763,s0,79,1,False,color,,,,,,False,,jw02078-o017_t021_nircam_clear-f200w,jw02078-o017_t021_nircam_clear-f356w,F200W,F356W,2078,490
u0138,J3440482-522486,,138,34.40481690330265,-5.224857503856148,T_verified,A,A,95.0,3.835004583786849,elliptical,1,2,True,color,,,VIRTUAL PARENT SL2S J021737-051329,SIMBAD:gLS,0.97,False,,jw01837-c1002_t000_nircam_clear-f150w,jw01837-c1002_t000_nircam_clear-f277w,F150W,F277W,1837,54
u0139,J18850875+1133833,,139,188.5087536319915,11.3383291651561,T_U,,U,25.0,1.252492240510624,merger,66,1,False,gray_lw_only,,,,,,False,,,jw07763-o028_t028_nircam_clear-f277w,,F277W,7763,482
u0140,J15005258+233772,,140,150.0525818815892,2.337717300336837,K_cowls,unflagged,,,,elliptical,,0,True,color,,0.7477080114393634,COSJ100012+022015,COWLS,0.0451829560824692,False,,jw01727-o051_t051_nircam_clear-f150w,jw01727-o051_t051_nircam_clear-f277w,F150W,F277W,1727,47
u0141,J15017971+211039,,141,150.1797082694992,2.110389851547593,D_refuted,merger,D,30.0,0.2894946647857145,merger,,0,False,color,,,,,,False,,jw01727-o099_t093_nircam_clear-f150w,jw01727-o099_t093_nircam_clear-f277w,F150W,F277W,1727,47
u0142,J26828794+6516364,,142,268.28794198824966,65.16363526749873,D_refuted,ring_spiral,D,32.0,0.2971354009421817,ring,,0,False,color,,,,,,False,,jw09263-o001_t001_nircam_clear-f150w,jw09263-o001_t001_nircam_clear-f356w,F150W,F356W,9263,41
u0143,J3996588-153959,,143,39.96588351242713,-1.539594343203237,D_refuted,merger,D,30.0,0.2829295022075239,merger,,0,False,color,,,,,,False,,jw03538-o014_t002_nircam_clear-f210m,jw03538-o014_t002_nircam_clear-f335m,F210M,F335M,3538,68
u0144,J15013022+255026,,144,150.1302180716693,2.55026456743519,K_cowls,unflagged,,,,elliptical,,0,True,color,SSUUXX,0.9364686223351556,COSJ100031+023300,COWLS,0.0781849861058961,False,,jw01727-o013_t049_nircam_clear-f150w,jw01727-o013_t049_nircam_clear-f277w,F150W,F277W,1727,47
u0145,J358439-3035450,,145,3.584390263369387,-30.3544950386738,N_unflagged,proposal_2561,,,,elliptical,,0,False,color,,,,,,False,,jw02561-o001_t003_nircam_clear-f150w,jw02561-o001_t003_nircam_clear-f277w,F150W,F277W,2561,100
u0146,J34135498+2813722,,146,341.3549845965272,28.13722042342041,T_U,,U,25.0,1.2505924160981872,elliptical,95,1,False,color,,,,,,False,,jw05594-o041_t043_nircam_clear-f150w2,jw05594-o041_t043_nircam_clear-f322w2,F150W2,F322W2,5594,295
u0147,J8834469-3370264,,147,88.3446897852018,-33.70263594025851,N_unflagged,proposal_6882,,,,s0,,0,False,color,,,,,,False,,jw06882-o023_t023_nircam_clear-f150w,jw06882-o023_t023_nircam_clear-f277w,F150W,F277W,6882,145
u0148,J21493235+5299840,,148,214.9323511849411,52.998403710243515,N_unflagged,proposal_6434,,,,spiral,,0,False,gray_sw_only,,,,,,False,,jw06434-c1056_t000_nircam_clear-f200w,,F200W,,6434,48
u0149,J15027845+184036,,149,150.2784455968729,1.840360442439226,K_cowls,pipe_D,D,30.0,0.2852108094461871,ambiguous,,0,True,color,ABBUUX,0.5819946229940134,COSJ100106+015025,COWLS,0.1382235847391168,False,,jw01727-o150_t144_nircam_clear-f150w,jw01727-o150_t144_nircam_clear-f277w,F150W,F277W,1727,75
u0150,J927569+915263,,150,9.275689189021271,9.152631552041058,L_known,pipe_D,D,30.0,0.2852530586526476,ambiguous,,0,True,color,,,[SSK2002] ERO J003706+0909.1,SIMBAD:LeI,1.24,False,,jw06882-o005_t005_nircam_clear-f150w,jw06882-o005_t005_nircam_clear-f277w,F150W,F277W,6882,181
u0151,J23069956+2559453,,151,230.6995623464264,25.59452747964947,T_verified,A,A,28.0,3.2667456102373817,elliptical,10,2,False,color,,,,,,False,,jw04903-o002_t003_nircam_clear-f115w,jw04903-o002_t003_nircam_clear-f277w,F115W,F277W,4903,811
u0152,J15029814+254087,,152,150.2981427964827,2.540874527486299,T_U,,U,28.0,1.266206611514444,elliptical,40,1,False,color,,,,,,False,,jw01727-o021_t081_nircam_clear-f150w,jw01727-o021_t081_nircam_clear-f277w,F150W,F277W,1727,47
u0153,J5186648-1343587,,120,51.8664825081052,-13.43586587872064,T_verified,C,C,42.0,2.377079080316711,elliptical,16,1,True,color,,,,,,False,,jw05594-o086_t187_nircam_clear-f150w2,jw05594-o086_t187_nircam_clear-f322w2,F150W2,F322W2,5594,350
u0154,J14996187+200380,,153,149.9618653376145,2.003795709855897,K_cowls,unflagged,,,,s0,,0,True,color,UUXXXX,0.3169280558605908,COSJ095950+020013,COWLS,0.3379531219473707,False,,jw06434-c1076_t000_nircam_clear-f150w,jw01727-o129_t063_nircam_clear-f277w,F150W,F277W,6434,70
u0155,J15027379+184082,,154,150.2737904733434,1.840823183681235,K_cowls,pipe_U,U,15.0,1.1737052906143797,ambiguous,,0,True,color,UXXXXX,,COSJ100105+015027,COWLS,0.3298721068196361,False,,jw01727-o150_t144_nircam_clear-f150w,jw01727-o150_t144_nircam_clear-f277w,F150W,F277W,1727,75
u0156,J20940271-1094685,,155,209.4027112041638,-10.94684714554484,D_refuted,ring_spiral,D,32.0,0.3020577955125247,ring,,0,False,color,,,,,,False,,jw01568-o001_t002_nircam_clear-f150w2,jw01568-o003_t002_nircam_clear-f322w2,F150W2,F322W2,1568,589
u0157,J21369661+5478431,,156,213.69660935344223,54.784308448046666,L_known,unflagged,,,,elliptical,,0,True,color,,,[MCM2012] SA100,SIMBAD:gLS,0.5,False,,jw05594-o097_t099_nircam_clear-f150w2,jw05594-o097_t099_nircam_clear-f322w2,F150W2,F322W2,5594,252
u0158,J32839345+1770589,,157,328.3934453166113,17.70588659676261,L_known,unflagged,,,,spiral,,0,True,color,,,[BM2000] 0563.1+0236.0,SIMBAD:LeG,0.53,False,,jw05594-o012_t014_nircam_clear-f150w2,jw05594-o012_t014_nircam_clear-f322w2,F150W2,F322W2,5594,298
u0159,J5414235-4704895,,158,54.14234546986151,-47.04894543154857,T_verified,C,C,30.0,2.282205017418242,elliptical,22,1,False,color,,,,,,False,,jw05594-o116_t118_nircam_clear-f150w2,jw05594-o116_t118_nircam_clear-f322w2,F150W2,F322W2,5594,316
u0160,J24396184-613690,,159,243.9618408167825,-6.13690279904228,N_unflagged,proposal_5594,,,,s0,,0,False,color,,,,,,False,,jw05594-o003_t005_nircam_clear-f150w2,jw05594-o003_t005_nircam_clear-f322w2,F150W2,F322W2,5594,339
u0161,J8831663-3370788,,160,88.31662990288756,-33.70788384163224,D_refuted,elliptical_nearmiss,D,72.0,0.5985746649658422,elliptical,,0,False,color,,,,,,False,,jw06882-o023_t023_nircam_clear-f150w,jw06882-o023_t023_nircam_clear-f277w,F150W,F277W,6882,145
u0162,J20150004+4811209,,161,201.5000372412647,48.1120879030932,L_known,pipe_U,U,15.0,1.17032646397292,merger,,0,True,gray_lw_only,,,[SKE2019] SDSS J1326+4806,SIMBAD:gLS,0.02,False,,,jw06675-o007_t008_nircam_clear-f444w,,F444W,6675,878
u0163,J21060768-456160,,162,210.6076811114065,-4.561601114012574,D_refuted,other,D,32.0,0.2517560817266967,artifact,,0,False,gray_sw_only,,,,,,False,,jw01059-o119_t012_nircam_f150w2-maskipr,jw01059-o119_t012_nircam_f444w-maskbar,F150W2,F444W,1059,2
u0164,J17771210-2809562,,163,177.71210134811,-28.09561938886525,T_U,,U,28.0,1.2706209718488093,s0,34,1,False,color,,,,,,False,,jw06882-o030_t031_nircam_clear-f150w,jw06882-o030_t031_nircam_clear-f277w,F150W,F277W,6882,72
u0165,J15005804+238042,,164,150.0580404761531,2.380424982173611,L_known,pipe_U,U,25.0,1.2443085447661917,elliptical,,0,True,color,,,[FKC2008] COSMOS 0013+2249,SIMBAD:gLS,0.69,False,,jw01727-o051_t051_nircam_clear-f150w,jw01727-o051_t051_nircam_clear-f277w,F150W,F277W,1727,47
u0166,J805311+1812371,,165,8.05311102745686,18.12371276909681,U_tail,rank_301_2024,U,18.0,1.1966545636116892,s0,,0,False,color,,,,,,False,,jw06882-o003_t003_nircam_clear-f150w,jw06882-o003_t003_nircam_clear-f277w,F150W,F277W,6882,59
u0167,J26292001+2286748,,166,262.9200092249444,22.8674832374424,U_tail,rank_101_300,U,25.0,1.242558063646097,elliptical,,0,False,color,,,,,,True,train,jw05594-o048_t050_nircam_clear-f150w2,jw05594-o048_t050_nircam_clear-f322w2,F150W2,F322W2,5594,347
u0168,J9940487-4849482,,167,99.40486657738762,-48.49481753272372,D_refuted,ring_spiral,D,35.0,0.3196300336568849,ring,,0,False,color,,,,,,False,,jw05594-o002_t004_nircam_clear-f150w2,jw05594-o002_t004_nircam_clear-f322w2,F150W2,F322W2,5594,358
u0169,J21006317+1456150,,168,210.0631678076159,14.56150099749132,T_U,,U,25.0,1.2534681521188942,merger,57,1,False,color,,,,,,False,,jw03849-o001_t001_nircam_clear-f150w,jw03849-o001_t001_nircam_clear-f322w2,F150W,F322W2,3849,436
u0170,J18675054+1172962,,169,186.7505367499124,11.72962234072519,N_unflagged,proposal_7763,,,,elliptical,,0,False,gray_lw_only,,,,,,False,,,jw07763-o049_t049_nircam_clear-f277w,,F277W,7763,467
u0171,J2451719-2192351,,170,24.51718655259729,-21.92351189156052,L_known,pipe_U,U,15.0,1.1734947280225918,edge-on disk,,0,True,color,,,[RBP2021] 3.1,SIMBAD:LeG,0.75,False,,jw06549-o003_t001_nircam_clear-f150w,jw06549-o003_t001_nircam_clear-f277w,F150W,F277W,6549,658
u0172,J10194892+7024985,,171,101.9489224443353,70.24984753642752,U_tail,rank_101_300,U,25.0,1.24746031418502,elliptical,,0,False,color,,,,,,False,,jw01433-o010_t001_nircam_clear-f150w,jw01433-o010_t001_nircam_clear-f277w,F150W,F277W,1433,705
u0173,J6402662-2407015,,172,64.02662027592369,-24.07015285089795,L_known,unflagged,,,,elliptical,,0,True,color,,,[HHT2016] 49.3,SIMBAD:LeG,0.97,False,,jw05890-o002_t002_nircam_clear-f150w,jw01208-o004_t002_nircam_clear-f277w,F150W,F277W,5890,148
u0174,J1655664+080458,,173,16.55664125084313,0.8045813603910371,D_refuted,other,D,30.0,0.2835449922103306,ambiguous,,0,False,gray_sw_only,,,,,,False,,jw06665-o001_t001_nircam_clear-f200w,,F200W,,6665,398
u0175,J14996269+221023,,174,149.9626880043388,2.210227721866722,L_known,pipe_U,U,18.0,1.1948927969443663,s0,,0,True,color,,,[FKC2008] COSMOS 5951+1236,SIMBAD:gLS,1.06,False,,jw01727-o087_t045_nircam_clear-f150w,jw01727-o087_t045_nircam_clear-f277w,F150W,F277W,1727,47
u0176,J4637336-3182658,,175,46.37336179775556,-31.82658115654648,T_U,,U,25.0,1.25071035303852,elliptical,94,1,False,color,,,,,,False,,jw03325-o108_t003_nircam_clear-f200w,jw03325-o108_t003_nircam_clear-f356w,F200W,F356W,3325,406
u0177,J4139573-5304843,,176,41.39572836943533,-53.04842759952069,N_unflagged,proposal_6882,,,,elliptical,,0,False,color,,,,,,False,,jw06882-o011_t011_nircam_clear-f150w,jw06882-o011_t011_nircam_clear-f277w,F150W,F277W,6882,149
u0178,J15019832+198630,,177,150.1983201235683,1.986301866885497,U_tail,rank_301_2024,U,18.0,1.1956108663307887,merger,,0,False,color,,,,,,False,,jw01727-o104_t110_nircam_clear-f150w,jw01727-o104_t110_nircam_clear-f277w,F150W,F277W,1727,56
u0179,J15013008+243766,,178,150.130080193858,2.437660373117585,K_cowls,pipe_D,D,30.0,0.2846808841627283,elliptical,,0,True,color,BBBXXX,0.5618454778871503,COSJ100031+022615,COWLS,0.0151882403723382,False,,jw01837-o004_t004_nircam_clear-f150w,jw01837-o004_t004_nircam_clear-f277w,F150W,F277W,1837,47
u0180,J14981996+233941,,179,149.8199596118203,2.339410934645693,K_cowls,unflagged,,,,edge-on disk,,0,True,color,BUUXXX,,COSJ095916+022021,COWLS,0.1932130836004053,False,,jw01727-o040_t004_nircam_clear-f150w,jw01727-o040_t004_nircam_clear-f277w,F150W,F277W,1727,47
u0181,J15001911+259543,,180,150.0191079714808,2.595428255200388,K_cowls,pipe_U,U,18.0,1.1958926545968045,merger,,0,True,color,UUUUUU,0.6437508661238633,COSJ100004+023543,COWLS,0.1214531073054834,False,,jw01727-o007_t025_nircam_clear-f150w,jw01727-o007_t025_nircam_clear-f277w,F150W,F277W,1727,47
u0182,J31173025-1285736,,181,311.7302543305905,-12.85736402071604,U_tail,rank_101_300,U,25.0,1.2484274416253305,irregular,,0,False,color,,,,,,False,,jw04783-o004_t004_nircam_clear-f150w,jw04783-o004_t004_nircam_clear-f277w,F150W,F277W,4783,528
u0183,J710586-7562357,,182,7.105858855093609,-75.62356800654804,T_verified,C,C,35.0,2.3241126366387186,compact,20,1,False,color,,,,,,False,,jw05594-o054_t056_nircam_clear-f150w2,jw05594-o054_t056_nircam_clear-f322w2,F150W2,F322W2,5594,309
u0184,J18716454+1177116,,183,187.164542558494,11.77116313288197,U_tail,rank_301_2024,U,15.0,1.167432963034111,irregular,,0,False,color,,,,,,False,,jw07763-o033_t033_nircam_clear-f150w,jw07763-o033_t033_nircam_clear-f277w,F150W,F277W,7763,289
u0185,J2235243-7358297,,184,22.35242809560192,-73.582972022431,T_U,,U,26.0,1.2534030824495648,elliptical,58,1,False,color,,,,,,False,,jw02662-o001_t001_nircam_clear-f150w,jw02662-o001_t001_nircam_clear-f277w,F150W,F277W,2662,687
u0186,J8731758-6207720,,185,87.31757933143248,-62.07719705807513,U_tail,rank_101_300,U,22.0,1.2291664337622197,s0,,0,False,color,,,,,,False,,jw05594-o045_t047_nircam_clear-f150w2,jw05594-o045_t047_nircam_clear-f322w2,F150W2,F322W2,5594,264
u0187,J3470183+013617,,186,34.70183298433393,0.1361746487957766,T_U,,U,25.0,1.251305980674762,merger,83,1,False,color,,,,,,False,,jw02078-o002_t003_nircam_clear-f200w,jw02078-o002_t003_nircam_clear-f356w,F200W,F356W,2078,577
u0188,J14987471+223116,,187,149.8747052484105,2.23115561560286,L_known,pipe_D,D,38.0,0.3444838157047911,elliptical,,0,True,color,,,[FKC2008] COSMOS 5929+1352,SIMBAD:gLS,0.47,False,,jw01727-o081_t021_nircam_clear-f150w,jw01727-o081_t021_nircam_clear-f277w,F150W,F277W,1727,47
u0189,J18937456+6221686,,188,189.37455955185345,62.21686439068247,T_verified,B,B,62.0,3.585238787906116,elliptical,6,2,True,color,,,,,,False,,jw06434-c1033_t000_nircam_clear-f200w,jw06434-c1033_t000_nircam_clear-f444w,F200W,F444W,6434,67
u0190,J15021038+179129,,189,150.210375259414,1.791292117713734,K_cowls,unflagged,,,,edge-on disk,,0,True,color,ABUUXX,1.506129346090611,COSJ100050+014728,COWLS,0.0575989948776946,False,,jw01727-o146_t128_nircam_clear-f150w,jw01727-o146_t128_nircam_clear-f277w,F150W,F277W,1727,75
u0191,J8831331-3369558,,190,88.31330602376333,-33.6955816570575,U_tail,rank_301_2024,U,15.0,1.1730572031599258,ring,,0,False,color,,,,,,False,,jw06882-o023_t023_nircam_clear-f150w,jw06882-o023_t023_nircam_clear-f277w,F150W,F277W,6882,145
u0192,J20954380-1094330,,191,209.5437973779677,-10.94329978087721,T_verified,C,C,45.0,2.3933084867105405,elliptical,15,2,False,color,,,,,,False,,jw01568-o001_t002_nircam_clear-f150w2,jw01568-o003_t002_nircam_clear-f322w2,F150W2,F322W2,1568,589
u0193,J24497103+5551791,,192,244.97102631050308,55.51791274556012,D_refuted,other,D,32.0,0.2999703753857291,ambiguous,,0,False,color,,,,,,False,,jw05398-c1071_t000_nircam_clear-f150w,jw05398-c1071_t000_nircam_clear-f444w,F150W,F444W,5398,214
u0194,J17833025+793252,,193,178.3302545271236,7.932517676396922,L_known,pipe_U,U,18.0,1.1930946313107846,elliptical,,0,True,gray_lw_only,,,COOL J1153+0755 source,SIMBAD:LeQ,0.2,False,,,jw06675-o001_t002_nircam_clear-f444w,,F444W,6675,876
u0195,J15031125+251191,,194,150.3112517019921,2.511906730962057,K_cowls,unflagged,,,,elliptical,,0,True,color,ABBBBS,0.9587959974375124,COSJ100114+023042,COWLS,0.0768725331802858,False,,jw01727-o023_t089_nircam_clear-f150w,jw01727-o023_t089_nircam_clear-f277w,F150W,F277W,1727,47
u0196,J4784995-5841089,,195,47.84994863559423,-58.410891532447,T_U,,U,26.0,1.2566567315082628,elliptical,54,1,False,color,,,,,,False,,jw01791-o003_t002_nircam_clear-f200w,jw01791-o003_t002_nircam_clear-f444w,F200W,F444W,1791,849
u0197,J18928393+6223963,,196,189.2839338876115,62.23963129432797,D_refuted,ring_spiral,D,30.0,0.2866700156899827,ring,,0,False,color,,,,,,False,,jw03577-o002_t002_nircam_clear-f115w,jw03577-o002_t002_nircam_clear-f356w,F115W,F356W,3577,67
u0198,J2225968-7355728,,197,22.25967976793771,-73.55727914155264,N_unflagged,proposal_2662,,,,compact,,0,False,color,,,,,,False,,jw02662-o001_t001_nircam_clear-f150w,jw02662-o001_t001_nircam_clear-f277w,F150W,F277W,2662,687
u0199,J34161184-5841254,,198,341.6118447100117,-58.4125361583837,U_tail,rank_101_300,U,24.0,1.2418543596177285,elliptical,,0,False,color,,,,,,False,,jw04748-o001_t001_nircam_clear-f150w,jw04748-o001_t001_nircam_clear-f277w,F150W,F277W,4748,791
u0200,J26816024+6505016,,199,268.1602427457043,65.0501626106899,T_U,,U,25.0,1.251025832004006,ring,87,1,False,color,,,,,,False,,jw05105-o014_t001_nircam_clear-f200w,jw05105-o014_t001_nircam_clear-f356w,F200W,F356W,5105,41
u0201,J6507435-5508786,,200,65.07434849504668,-55.08786002627005,U_tail,rank_101_300,U,25.0,1.24828425950535,merger,,0,False,gray_lw_only,,,,,,False,,,jw05398-c1022_t000_nircam_clear-f444w,,F444W,5398,189
u0202,J18309657+2753443,,201,183.0965732285305,27.53443183929215,U_tail,rank_101_300,U,25.0,1.2491365391895606,irregular,,0,False,gray_sw_only,,,,,,False,,jw01176-o271_t015_nircam_clear-f150w,,F150W,,1176,171
u0203,J24394722-614504,,202,243.9472247512944,-6.145036830801844,L_known,pipe_D,D,38.0,0.3459696976370744,elliptical,,0,True,color,,,[RGL2020] A2163 4d,SIMBAD:LeG,0.66,False,,jw05594-o003_t005_nircam_clear-f150w2,jw05594-o003_t005_nircam_clear-f322w2,F150W2,F322W2,5594,339
u0204,J2451534-2191925,,203,24.51534425465296,-21.91924823465421,T_verified,C,C,68.0,2.631072682777282,elliptical,12,2,False,color,,,,,,True,train,jw06549-o003_t001_nircam_clear-f150w,jw06549-o003_t001_nircam_clear-f277w,F150W,F277W,6549,658
u0205,J34708849-217825,,204,347.088488953808,-2.178253894091286,T_U,,U,27.0,1.2652729242586576,elliptical,41,1,False,color,,,,,,True,valsel,jw06882-o045_t049_nircam_clear-f150w,jw06882-o045_t049_nircam_clear-f277w,F150W,F277W,6882,210
u0206,J20148636+4809579,,205,201.48635695915988,48.09579043752834,T_U,,U,28.0,1.2717080726822956,s0,29,1,False,gray_lw_only,,,,,,False,,,jw06675-o007_t008_nircam_clear-f444w,,F444W,6675,878
u0207,J11072970-7345689,,206,110.7296992836254,-73.45689171127412,D_refuted,elliptical_nearmiss,D,55.0,0.4704022868650798,elliptical,,0,False,color,,,,,,False,,jw04043-o001_t001_nircam_clear-f115w,jw04043-o001_t001_nircam_clear-f444w,F115W,F444W,4043,153
u0208,J6149425-4926794,,207,61.49424628593054,-49.26794049787178,D_refuted,merger,D,30.0,0.2850062448522623,merger,,0,False,color,,,,,,False,,jw05594-o027_t029_nircam_clear-f150w2,jw05594-o027_t029_nircam_clear-f322w2,F150W2,F322W2,5594,294
u0209,J23749412-7819092,,208,237.4941224648159,-78.19092391264655,L_known,unflagged,,,,edge-on disk,,0,True,color,,,[DAG2016] PSZ1 G311.65-18.48 S3,SIMBAD:LeG,0.43,False,,jw02555-o003_t009_nircam_clear-f150w,jw02555-o003_t009_nircam_clear-f277w,F150W,F277W,2555,708
u0210,J18895415+499333,,209,188.9541505062987,4.993328530249732,T_U,,U,25.0,1.2515956525051817,merger,78,1,False,color,,,,,,False,,jw01063-o006_t032_nircam_clear-f150w,jw01063-o006_t032_nircam_clear-f444w,F150W,F444W,1063,4
u0211,J18942061+6225477,,210,189.42060828251465,62.25477300509512,D_refuted,ring_spiral,D,28.0,0.2691368786786062,ring,,0,False,color,,,,,,False,,jw01181-o098_t010_nircam_clear-f150w,jw01181-o098_t010_nircam_clear-f277w,F150W,F277W,1181,67
u0212,J18929636+6214276,,211,189.29635789932416,62.14275727829433,U_tail,rank_101_300,U,25.0,1.2481641150504326,s0,,0,False,color,,,,,,False,,jw01181-o007_t008_nircam_clear-f150w,jw06434-c1036_t000_nircam_clear-f444w,F150W,F444W,1181,67
u0213,J15005718+220591,,212,150.057182636042,2.205910619532069,D_refuted,other,D,38.0,0.3468066650754846,ambiguous,,0,False,color,,,,,,False,,jw01727-o091_t061_nircam_clear-f150w,jw01727-o091_t061_nircam_clear-f277w,F150W,F277W,1727,47
u0214,J14984222+230342,,213,149.8422227497588,2.303419772513897,K_cowls,unflagged,,,,s0,,0,True,color,AAAABS,0.6967953336500885,COSJ095922+021812,COWLS,0.1536246704313257,False,,jw01727-o079_t013_nircam_clear-f150w,jw01727-o079_t013_nircam_clear-f277w,F150W,F277W,1727,47
u0215,J076153-3300005,,214,0.7615301469077966,-33.00004973841376,D_refuted,merger,D,30.0,0.2847108590660275,merger,,0,False,color,,,,,,False,,jw03954-o012_t012_nircam_clear-f150w,jw03954-o012_t012_nircam_clear-f277w,F150W,F277W,3954,648
u0216,J18805344+1121596,,215,188.0534358564643,11.21595707352713,T_verified,C,C,50.0,2.436722364183409,elliptical,13,2,False,color,,,,,,False,,jw07763-o015_t015_nircam_clear-f150w,jw07763-o015_t015_nircam_clear-f277w,F150W,F277W,7763,473
u0217,J16193787+1252943,,216,161.9378663462456,12.52943216549961,T_U,,U,25.0,1.251873968277796,ambiguous,74,1,False,gray_lw_only,,,,,,False,,,jw03055-o013_t013_nircam_clear-f277w,,F277W,3055,572
u0218,J2501506-591919,,217,25.01506049690999,-5.919189410672872,D_refuted,elliptical_nearmiss,D,55.0,0.4733935900955288,elliptical,,0,False,color,,,,,,False,,jw05594-o066_t068_nircam_clear-f150w2,jw05594-o066_t068_nircam_clear-f322w2,F150W2,F322W2,5594,333
u0219,J18818168+1282960,,218,188.1816846310873,12.82959866065067,T_U,,U,28.0,1.2762522134619143,merger,23,1,False,gray_lw_only,,,,,,False,,,jw07763-o047_t047_nircam_clear-f277w,,F277W,7763,128
u0220,J15017908+203681,,219,150.179079245718,2.036806359006631,K_cowls,unflagged,,,,s0,,0,True,color,AAABBX,0.4874834705961978,COSJ100042+020212,COWLS,0.029732028983022,False,,jw01727-o102_t102_nircam_clear-f150w,jw01727-o102_t102_nircam_clear-f277w,F150W,F277W,1727,56
u0221,J3996317-156579,,220,39.96316934059399,-1.565786112612952,L_known,pipe_U,U,20.0,1.2134756389624413,merger,,0,True,color,,,[DSB2018] A370 15.3.1,SIMBAD:LeG,0.95,True,valsel,jw05890-o001_t001_nircam_clear-f150w,jw01208-o002_t001_nircam_clear-f277w,F150W,F277W,5890,68
u0222,J20381042+4099544,,221,203.8104227389562,40.99543980871396,U_tail,rank_101_300,U,25.0,1.2469208886993397,elliptical,,0,False,color,,,,,,False,,jw05594-o010_t012_nircam_clear-f150w2,jw05594-o010_t012_nircam_clear-f322w2,F150W2,F322W2,5594,253
u0223,J1086629-2060614,,222,10.86629377903616,-20.60613893965998,N_unflagged,proposal_5594,,,,elliptical,,0,False,color,,,,,,False,,jw05594-o026_t028_nircam_clear-f150w2,jw05594-o026_t028_nircam_clear-f322w2,F150W2,F322W2,5594,208
u0224,J31352710-005281,,223,313.5271016452555,-0.0528072238345161,T_U,,U,25.0,1.2514876983442158,merger,81,1,False,color,,,,,,False,,jw01813-o001_t002_nircam_clear-f150w,jw01813-o001_t002_nircam_clear-f277w,F150W,F277W,1813,603
u0225,J462970+1644463,,224,4.629695684642538,16.44463485648482,U_tail,rank_101_300,U,25.0,1.2490408364237708,merger,,0,False,color,,,,,,False,,jw06882-o001_t001_nircam_clear-f150w,jw06882-o001_t001_nircam_clear-f277w,F150W,F277W,6882,201
u0226,J15057245+223798,,225,150.5724466009559,2.237980553014923,T_U,,U,25.0,1.251252966199183,elliptical,84,1,False,color,,,,,,False,,jw01635-o052_t001_nircam_clear-f150w,jw01635-o052_t001_nircam_clear-f444w,F150W,F444W,1635,672
u0227,J15019655+249201,,226,150.1965480200367,2.492007938127418,K_cowls,pipe_U,U,18.0,1.1971083650683918,s0,,0,True,color,,,COSJ100047+022931,COWLS,0.0212627339010906,False,,jw01727-o017_t065_nircam_clear-f150w,jw01727-o017_t065_nircam_clear-f277w,F150W,F277W,1727,47
u0228,J21500508+5297323,,227,215.0050751208453,52.97323418791334,N_unflagged,proposal_5398,,,,elliptical,,0,False,color,,,,,,False,,jw05398-c1207_t000_nircam_clear-f150w,jw05398-c1208_t000_nircam_clear-f277w,F150W,F277W,5398,48
u0229,J26807645+6520932,,228,268.0764513752107,65.20931903911183,T_U,,U,27.0,1.2614759925457717,ring,44,1,False,color,,,,,,False,,jw09263-o001_t001_nircam_clear-f150w,jw09263-o001_t001_nircam_clear-f356w,F150W,F356W,9263,41
u0230,J20853843+7726394,,229,208.5384316675949,77.26393813059308,D_refuted,elliptical_nearmiss,D,62.0,0.5875822273248552,elliptical,,0,False,color,,,,,,False,,jw05594-o051_t053_nircam_clear-f150w2,jw05594-o051_t053_nircam_clear-f322w2,F150W2,F322W2,5594,296
u0231,J8149689-2410706,,230,81.49689342447608,-24.10706385088541,T_U,,U,25.0,1.2528881220426027,elliptical,61,1,False,color,,,,,,False,,jw02078-o009_t013_nircam_clear-f200w,jw02078-o009_t013_nircam_clear-f356w,F200W,F356W,2078,541
u0232,J4138784-5303843,,231,41.38784142002691,-53.03842595549707,N_unflagged,proposal_6882,,,,star,,0,False,color,,,,,,False,,jw06882-o011_t011_nircam_clear-f150w,jw06882-o011_t011_nircam_clear-f277w,F150W,F277W,6882,149
u0233,J17174762+4246955,,232,171.74761539162716,42.46955271380319,T_U,,U,25.0,1.252189389080428,merger,70,1,False,color,,,,,,False,,jw01176-o251_t013_nircam_clear-f150w,jw01176-o251_t013_nircam_clear-f277w,F150W,F277W,1176,142
u0234,J26885147+6527676,,233,268.85146512599573,65.27675524276177,N_unflagged,proposal_9263,,,,elliptical,,0,False,color,,,,,,False,,jw09263-o001_t001_nircam_clear-f150w,jw09263-o001_t001_nircam_clear-f356w,F150W,F356W,9263,41
u0235,J15028871+191005,,234,150.288714706212,1.910049808775173,K_cowls,unflagged,,,,s0,,0,True,color,UUXXXX,,COSJ100109+015436,COWLS,0.0199112200470165,False,,jw01727-o147_t135_nircam_clear-f150w,jw01727-o147_t135_nircam_clear-f277w,F150W,F277W,1727,70
u0236,J805529+1810939,,235,8.055288832043948,18.10938915583444,D_refuted,elliptical_nearmiss,D,62.0,0.5239788093658834,elliptical,,0,False,color,,,,,,False,,jw06882-o003_t003_nircam_clear-f150w,jw06882-o003_t003_nircam_clear-f277w,F150W,F277W,6882,59
u0237,J12404503+1918861,,236,124.0450275879516,19.18861311488642,N_unflagged,proposal_1063,,,,edge-on disk,,0,False,color,,,,,,False,,jw01063-o111_t005_nircam_clear-f150w2,jw01063-o111_t005_nircam_clear-f322w2,F150W2,F322W2,1063,22
u0238,J7298151+010446,,237,72.98151334654189,0.1044618325698951,U_tail,rank_101_300,U,25.0,1.2444118865173406,elliptical,,0,False,color,,,,,,False,,jw06882-o019_t019_nircam_clear-f150w,jw06882-o019_t019_nircam_clear-f277w,F150W,F277W,6882,175
u0239,J3996912-158493,,238,39.96911931835045,-1.584931833130931,U_tail,rank_101_300,U,25.0,1.249250396543473,elliptical,,0,True,color,,,[DSB2018] A370  2.4.1,SIMBAD:LeG,1.31,True,train,jw05890-o001_t001_nircam_clear-f150w,jw01208-o002_t001_nircam_clear-f277w,F150W,F277W,5890,68
u0240,J4310830-518328,,239,43.10830273703182,-5.18328186751718,T_U,,U,26.0,1.2576134728268555,s0,51,1,False,color,,,,,,False,,jw02073-o007_t014_nircam_clear-f115w,jw02073-o007_t014_nircam_clear-f444w,F115W,F444W,2073,796
u0241,J3806901-4434926,,55,38.06901192946397,-44.34926440168172,U_tail,rank_101_300,U,25.0,1.24492349176512,elliptical,,0,False,color,,,,,,False,,jw06882-o010_t010_nircam_clear-f150w,jw06882-o010_t010_nircam_clear-f277w,F150W,F277W,6882,177
u0242,J15041998+210898,,240,150.4199805696762,2.108983854927861,K_cowls,pipe_D,D,30.0,0.2846913974795019,spiral,,0,True,color,AABBXX,0.6730365086772607,COSJ100140+020632,COWLS,0.0527387498079878,False,,jw01727-o076_t148_nircam_clear-f150w,jw01727-o076_t148_nircam_clear-f277w,F150W,F277W,1727,47
u0243,J34709033-218772,,241,347.0903323410068,-2.187716167154425,L_known,unflagged,,,,edge-on disk,,0,True,color,,,[CSA2018] Abell 2537 2.3,SIMBAD:LeI,1.97,False,,jw06882-o045_t049_nircam_clear-f150w,jw06882-o045_t049_nircam_clear-f277w,F150W,F277W,6882,210
u0244,J15002207+263143,,242,150.0220715586746,2.631433753791991,K_cowls,unflagged,,,,elliptical,,0,True,color,BBUXXX,0.7738049710827016,COSJ100005+023753,COWLS,0.0525552507102198,False,,jw01727-o005_t017_nircam_clear-f150w,jw01727-o005_t017_nircam_clear-f277w,F150W,F277W,1727,47
u0245,J14989229+226437,,243,149.8922937123496,2.264366905940402,D_refuted,ring_spiral,D,35.0,0.3220197885426158,spiral,,0,False,color,,,,,,False,,jw01727-o155_t029_nircam_clear-f150w,jw01727-o157_t029_nircam_clear-f277w,F150W,F277W,1727,47
u0246,J26006978+3560730,,244,260.06978406396377,35.607300644922795,L_known,unflagged,,,,elliptical,,0,True,color,,,[ZFM2015] M1720 4.3,SIMBAD:LeI,1.72,False,,jw05594-o047_t049_nircam_clear-f150w2,jw05594-o047_t049_nircam_clear-f322w2,F150W2,F322W2,5594,389
u0247,J15021106+190577,,245,150.2110551063054,1.905772304597788,K_cowls,unflagged,,,,star,,0,True,color,UUXXXX,,COSJ100050+015421,COWLS,1.2470617297035356,False,,jw01727-o143_t119_nircam_clear-f150w,jw01727-o143_t119_nircam_clear-f277w,F150W,F277W,1727,70
u0248,J5376680-1946429,,246,53.76679526830686,-19.46428888128074,L_known,unflagged,,,,star,,0,True,gray_lw_only,,,COOL J0335-1927 lens,SIMBAD:gLe,0.62,False,,,jw06675-o002_t003_nircam_clear-f444w,,F444W,6675,877
u0249,J18095026+476116,,247,180.9502637588483,4.761163052776087,D_refuted,other,D,30.0,0.2852831142467321,s0,,0,False,color,,,,,,False,,jw09032-o005_t004_nircam_clear-f200w,jw04443-o006_t007_nircam_clear-f277w,F200W,F277W,9032,466
u0250,J24396818-613860,,248,243.9681769087254,-6.138601579186701,U_tail,rank_101_300,U,25.0,1.2492596093160897,merger,,0,False,color,,,,,,False,,jw05594-o003_t005_nircam_clear-f150w2,jw05594-o003_t005_nircam_clear-f322w2,F150W2,F322W2,5594,339
