unit_id,candidate_id,split,kit_ids,n_passes,grade_letter,render_version,render_sha,leak,exposed_runs,in_fewshot,in_sft
u0001,J11454711+6555180,,,,,jwst_v1,,no,truth_a2_sonnet_design_k1_r1|truth_a1_sonnet_design_k1_r1,,
u0002,J19789495-132348,,,,,jwst_v1,,no,truth_a0_sonnet_design_k1_r1|truth_a2_sonnet_design_k1_r1|truth_a1_sonnet_design_k1_r1|scrambled100_blind,,
u0003,J804181+1819597,,,,,jwst_v1,,no,scrambled100_blind,,
u0004,J15026528+186865,,,,,jwst_v1,,no,truth_a0_sonnet_design_k1_r1|truth_a2_sonnet_design_k1_r1|truth_a1_sonnet_design_k1_r1|truth_a1_sonnet_design_k2_r1|truth_a1_sonnet_design_k2_r2,,
u0005,J30791374-4058431,,,,,jwst_v1,,desi_train,truth_a0_sonnet_design_k1_r1|truth_a2_sonnet_design_k1_r1|truth_a1_sonnet_design_k1_r1|truth_a1_sonnet_design_k2_r1|truth_a1_sonnet_design_k2_r2|scrambled100_blind,,
u0006,J17710747+5286937,,,,,jwst_v1,,no,truth_a0_sonnet_holdout_k1_r1|truth_a2_sonnet_holdout_k1_r1|truth_a3_sonnet_holdout_k1_r1|truth_a1_sonnet_holdout_k1_r1|truth_a2_sonnet_holdout_k3_r1|truth_a2_sonnet_holdout_k3_r2|truth_a2_sonnet_holdout_k3_r3|truth_a1_opus_holdout_k1_r1|truth_a2_opus5_holdout_k1_r1|truth_a2_sonnet5_holdout_k1_r1|truth_a1_opus5_holdout_k1_r1,,
u0007,J20945435-1082161,,,,,jwst_v1,,no,scrambled100_blind,,
u0008,J803366+1819844,,,,,jwst_v1,,no,truth_a0_sonnet_holdout_k1_r1|truth_a2_sonnet_holdout_k1_r1|truth_a3_sonnet_holdout_k1_r1|truth_a1_sonnet_holdout_k1_r1|truth_a2_sonnet_holdout_k3_r1|truth_a2_sonnet_holdout_k3_r2|truth_a2_sonnet_holdout_k3_r3|truth_a1_opus_holdout_k1_r1|truth_a2_opus5_holdout_k1_r1|truth_a2_sonnet5_holdout_k1_r1|truth_a1_opus5_holdout_k1_r1,,
u0009,J9006236-2015944,,,,,jwst_v1,,no,scrambled100_blind,,
u0010,J928927+915106,,,,,jwst_v1,,no,truth_a0_sonnet_design_k1_r1|truth_a2_sonnet_design_k1_r1|truth_a1_sonnet_design_k1_r1,,
u0011,J32235757-764217,,,,,jwst_v1,,no,truth_a0_sonnet_design_k1_r1|truth_a2_sonnet_design_k1_r1|truth_a1_sonnet_design_k1_r1,,
u0012,J21000126+1448989,,,,,jwst_v1,,no,truth_a0_sonnet_holdout_k1_r1|truth_a2_sonnet_holdout_k1_r1|truth_a3_sonnet_holdout_k1_r1|truth_a1_sonnet_holdout_k1_r1|truth_a2_sonnet_holdout_k3_r1|truth_a2_sonnet_holdout_k3_r2|truth_a2_sonnet_holdout_k3_r3|truth_a1_opus_holdout_k1_r1|truth_a2_opus5_holdout_k1_r1|truth_a2_sonnet5_holdout_k1_r1|truth_a1_opus5_holdout_k1_r1,,
u0013,J14973771+199708,,,,,jwst_v1,,no,truth_a0_sonnet_holdout_k1_r1|truth_a2_sonnet_holdout_k1_r1|truth_a3_sonnet_holdout_k1_r1|truth_a1_sonnet_holdout_k1_r1|truth_a2_sonnet_holdout_k3_r1|truth_a2_sonnet_holdout_k3_r2|truth_a2_sonnet_holdout_k3_r3|truth_a1_opus_holdout_k1_r1|truth_a2_opus5_holdout_k1_r1|truth_a2_sonnet5_holdout_k1_r1|truth_a1_opus5_holdout_k1_r1,,
u0014,J2295773-1360329,,,,,jwst_v1,,desi_train,truth_a0_sonnet_design_k1_r1|truth_a2_sonnet_design_k1_r1|truth_a1_sonnet_design_k1_r1,,
u0015,J15009505+230050,,,,,jwst_v1,,no,truth_a0_sonnet_design_k1_r1|truth_a2_sonnet_design_k1_r1|truth_a1_sonnet_design_k1_r1,,
u0016,J34218891-4454040,,,,,jwst_v1,,no,truth_a0_sonnet_holdout_k1_r1|truth_a2_sonnet_holdout_k1_r1|truth_a3_sonnet_holdout_k1_r1|truth_a1_sonnet_holdout_k1_r1|truth_a2_sonnet_holdout_k3_r1|truth_a2_sonnet_holdout_k3_r2|truth_a2_sonnet_holdout_k3_r3|truth_a1_opus_holdout_k1_r1|truth_a2_opus5_holdout_k1_r1|truth_a2_sonnet5_holdout_k1_r1|truth_a1_opus5_holdout_k1_r1,,
u0017,J18918368+6235757,,,,,jwst_v1,,no,truth_a0_sonnet_holdout_k1_r1|truth_a2_sonnet_holdout_k1_r1|truth_a3_sonnet_holdout_k1_r1|truth_a1_sonnet_holdout_k1_r1|truth_a2_sonnet_holdout_k3_r1|truth_a2_sonnet_holdout_k3_r2|truth_a2_sonnet_holdout_k3_r3|truth_a1_opus_holdout_k1_r1|truth_a2_opus5_holdout_k1_r1|truth_a2_sonnet5_holdout_k1_r1|truth_a1_opus5_holdout_k1_r1,,
u0018,J21026355+287185,,,,,jwst_v1,,no,truth_a2_sonnet_design_k1_r1|truth_a1_sonnet_design_k1_r1,,
u0019,J2104758+067717,,,,,jwst_v1,,no,scrambled100_blind,,
u0020,J9192602-4479623,,,,,jwst_v1,,no,scrambled100_blind,,
u0021,J20960149-304690,,,,,jwst_v1,,no,scrambled100_blind,,
u0022,J14977486+224978,,,,,jwst_v1,,no,scrambled100_blind,,
u0023,J20865088+7724666,,,,,jwst_v1,,no,scrambled100_blind,,
u0024,J18908112+6221462,,,,,jwst_v1,,no,truth_a0_sonnet_design_k1_r1|truth_a2_sonnet_design_k1_r1|truth_a1_sonnet_design_k1_r1,,
u0025,J6403185-2403539,,,,,jwst_v1,,desi_train,truth_a2_sonnet_design_k1_r1|truth_a1_sonnet_design_k1_r1,,
u0026,J15032484+248405,,,,,jwst_v1,,no,scrambled100_blind,,
u0027,J6439169-1191885,,,,,jwst_v1,,no,scrambled100_blind,,
u0028,J16440195+5798696,,,,,jwst_v1,,no,truth_a0_sonnet_design_k1_r1|truth_a2_sonnet_design_k1_r1|truth_a1_sonnet_design_k1_r1,,
u0029,J8570140-2144889,,,,,jwst_v1,,no,scrambled100_blind,,
u0030,J21483295+5282544,,,,,jwst_v1,,no,scrambled100_blind,,
u0031,J15424410+3903685,,,,,jwst_v1,,no,scrambled100_blind,,
u0032,J34710108-218831,,,,,jwst_v1,,desi_train,truth_a0_sonnet_design_k1_r1|truth_a2_sonnet_design_k1_r1|truth_a1_sonnet_design_k1_r1,,
u0033,J21513251+5297278,,,,,jwst_v1,,no,truth_a0_sonnet_design_k1_r1|truth_a2_sonnet_design_k1_r1|truth_a1_sonnet_design_k1_r1|truth_a1_sonnet_design_k2_r1|truth_a1_sonnet_design_k2_r2,,
u0034,J35128930-4120369,,,,,jwst_v1,,no,truth_a0_sonnet_holdout_k1_r1|truth_a2_sonnet_holdout_k1_r1|truth_a3_sonnet_holdout_k1_r1|truth_a1_sonnet_holdout_k1_r1|truth_a2_sonnet_holdout_k3_r1|truth_a2_sonnet_holdout_k3_r2|truth_a2_sonnet_holdout_k3_r3|truth_a1_opus_holdout_k1_r1|truth_a2_opus5_holdout_k1_r1|truth_a2_sonnet5_holdout_k1_r1|truth_a1_opus5_holdout_k1_r1,,
u0035,J14997467+255549,,,,,jwst_v1,,no,truth_a0_sonnet_holdout_k1_r1|truth_a2_sonnet_holdout_k1_r1|truth_a3_sonnet_holdout_k1_r1|truth_a1_sonnet_holdout_k1_r1|truth_a2_sonnet_holdout_k3_r1|truth_a2_sonnet_holdout_k3_r2|truth_a2_sonnet_holdout_k3_r3|truth_a1_opus_holdout_k1_r1|truth_a2_opus5_holdout_k1_r1|truth_a2_sonnet5_holdout_k1_r1|truth_a1_opus5_holdout_k1_r1,,
u0036,J1637643+1340558,,,,,jwst_v1,,no,scrambled100_blind,,
u0037,J12411163+1923209,,,,,jwst_v1,,no,scrambled100_blind,,
u0038,J26831233+6515810,,,,,jwst_v1,,no,scrambled100_blind,,
u0039,J17772978-2808033,,,,,jwst_v1,,no,scrambled100_blind,,
u0040,J16305610+3001292,,,,,jwst_v1,,no,scrambled100_blind,,
u0041,J16897851+148442,,,,,jwst_v1,,no,truth_a0_sonnet_design_k1_r1|truth_a2_sonnet_design_k1_r1|truth_a1_sonnet_design_k1_r1,,
u0042,J18030075+2309921,,,,,jwst_v1,,no,truth_a0_sonnet_design_k1_r1|truth_a2_sonnet_design_k1_r1|truth_a1_sonnet_design_k1_r1|scrambled100_blind,,
u0043,J19047436+1159098,,,,,jwst_v1,,no,truth_a2_sonnet_design_k1_r1|truth_a1_sonnet_design_k1_r1,,
u0044,J15033701+227952,,,,,jwst_v1,,no,truth_a0_sonnet_design_k1_r1|truth_a2_sonnet_design_k1_r1|truth_a1_sonnet_design_k1_r1|truth_a1_sonnet_design_k2_r1|truth_a1_sonnet_design_k2_r2,,
u0045,J26876212+6510625,,,,,jwst_v1,,no,scrambled100_blind,,
u0046,J18931633+6219972,,,,,jwst_v1,,no,scrambled100_blind,,
u0047,J15039056+235982,,,,,jwst_v1,,no,truth_a0_sonnet_holdout_k1_r1|truth_a2_sonnet_holdout_k1_r1|truth_a3_sonnet_holdout_k1_r1|truth_a1_sonnet_holdout_k1_r1|truth_a2_sonnet_holdout_k3_r1|truth_a2_sonnet_holdout_k3_r2|truth_a2_sonnet_holdout_k3_r3|truth_a1_opus_holdout_k1_r1|truth_a2_opus5_holdout_k1_r1|truth_a2_sonnet5_holdout_k1_r1|truth_a1_opus5_holdout_k1_r1,,
u0048,J15071855+269043,,,,,jwst_v1,,no,,,
u0049,J3996375-158105,,,,,jwst_v1,,no,,,
u0050,J34708269-218827,,,,,jwst_v1,,desi_train,truth_a2_sonnet_design_k1_r1|truth_a1_sonnet_design_k1_r1,,
u0051,J15069997+222588,,,,,jwst_v1,,no,scrambled100_blind,,
u0052,J2238085-7354339,,,,,jwst_v1,,no,truth_a0_sonnet_holdout_k1_r1|truth_a2_sonnet_holdout_k1_r1|truth_a3_sonnet_holdout_k1_r1|truth_a1_sonnet_holdout_k1_r1|truth_a2_sonnet_holdout_k3_r1|truth_a2_sonnet_holdout_k3_r2|truth_a2_sonnet_holdout_k3_r3|truth_a1_opus_holdout_k1_r1|truth_a2_opus5_holdout_k1_r1|truth_a2_sonnet5_holdout_k1_r1|truth_a1_opus5_holdout_k1_r1,,
u0053,J15194704+2123478,,,,,jwst_v1,,no,truth_a0_sonnet_design_k1_r1|truth_a2_sonnet_design_k1_r1|truth_a1_sonnet_design_k1_r1,,
u0054,J33389992-3276033,,,,,jwst_v1,,no,scrambled100_blind,,
u0055,J3807110-4434755,,,,,jwst_v1,,no,scrambled100_blind,,
u0056,J30795372-4063256,,,,,jwst_v1,,no,truth_a0_sonnet_holdout_k1_r1|truth_a2_sonnet_holdout_k1_r1|truth_a3_sonnet_holdout_k1_r1|truth_a1_sonnet_holdout_k1_r1|truth_a2_sonnet_holdout_k3_r1|truth_a2_sonnet_holdout_k3_r2|truth_a2_sonnet_holdout_k3_r3|truth_a1_opus_holdout_k1_r1|truth_a2_opus5_holdout_k1_r1|truth_a2_sonnet5_holdout_k1_r1|truth_a1_opus5_holdout_k1_r1,,
u0057,J11068178-7349847,,,,,jwst_v1,,no,truth_a2_sonnet_design_k1_r1|truth_a1_sonnet_design_k1_r1,,
u0058,J2994382-883235,,,,,jwst_v1,,no,truth_a0_sonnet_design_k1_r1|truth_a2_sonnet_design_k1_r1|truth_a1_sonnet_design_k1_r1,,
u0059,J803198+1811354,,,,,jwst_v1,,no,truth_a2_sonnet_design_k1_r1|truth_a1_sonnet_design_k1_r1|truth_a1_sonnet_design_k2_r1|truth_a1_sonnet_design_k2_r2,,
u0060,J4205283+264369,,,,,jwst_v1,,no,scrambled100_blind,,
u0061,J15010748+230270,,,,,jwst_v1,,no,scrambled100_blind,,
u0062,J15067092+210603,,,,,jwst_v1,,no,scrambled100_blind,,
u0063,J15055009+250185,,,,,jwst_v1,,no,scrambled100_blind,,
u0064,J20948181-1096952,,,,,jwst_v1,,no,scrambled100_blind,,
u0065,J8730424-6207661,,,,,jwst_v1,,no,truth_a0_sonnet_holdout_k1_r1|truth_a2_sonnet_holdout_k1_r1|truth_a3_sonnet_holdout_k1_r1|truth_a1_sonnet_holdout_k1_r1|truth_a2_sonnet_holdout_k3_r1|truth_a2_sonnet_holdout_k3_r2|truth_a2_sonnet_holdout_k3_r3|truth_a1_opus_holdout_k1_r1|truth_a2_opus5_holdout_k1_r1|truth_a2_sonnet5_holdout_k1_r1|truth_a1_opus5_holdout_k1_r1,,
u0066,J15263251-1268419,,,,,jwst_v1,,no,,,
u0067,J15049363+206401,,,,,jwst_v1,,no,scrambled100_blind,,
u0068,J15261689-1266966,,,,,jwst_v1,,no,scrambled100_blind,,
u0069,J6403415-2406677,,,,,jwst_v1,,no,truth_a0_sonnet_holdout_k1_r1|truth_a2_sonnet_holdout_k1_r1|truth_a3_sonnet_holdout_k1_r1|truth_a1_sonnet_holdout_k1_r1|truth_a2_sonnet_holdout_k3_r1|truth_a2_sonnet_holdout_k3_r2|truth_a2_sonnet_holdout_k3_r3|truth_a1_opus_holdout_k1_r1|scrambled100_blind|truth_a2_opus5_holdout_k1_r1|truth_a2_sonnet5_holdout_k1_r1|truth_a1_opus5_holdout_k1_r1,,
u0070,J5282421-774282,,,,,jwst_v1,,no,scrambled100_blind,,
u0071,J8732838-6207334,,,,,jwst_v1,,no,scrambled100_blind,,
u0072,J15018209+211340,,,,,jwst_v1,,no,truth_a0_sonnet_holdout_k1_r1|truth_a2_sonnet_holdout_k1_r1|truth_a3_sonnet_holdout_k1_r1|truth_a1_sonnet_holdout_k1_r1|truth_a2_sonnet_holdout_k3_r1|truth_a2_sonnet_holdout_k3_r2|truth_a2_sonnet_holdout_k3_r3|truth_a1_opus_holdout_k1_r1|truth_a2_opus5_holdout_k1_r1|truth_a2_sonnet5_holdout_k1_r1|truth_a1_opus5_holdout_k1_r1,,
u0073,J14995729+243834,,,,,jwst_v1,,no,scrambled100_blind,,
u0074,J3996679-159719,,,,,jwst_v1,,desi_train,scrambled100_blind,,
u0075,J18031302+2310412,,,,,jwst_v1,,no,truth_a0_sonnet_holdout_k1_r1|truth_a2_sonnet_holdout_k1_r1|truth_a3_sonnet_holdout_k1_r1|truth_a1_sonnet_holdout_k1_r1|truth_a2_sonnet_holdout_k3_r1|truth_a2_sonnet_holdout_k3_r2|truth_a2_sonnet_holdout_k3_r3|truth_a1_opus_holdout_k1_r1|truth_a2_opus5_holdout_k1_r1|truth_a2_sonnet5_holdout_k1_r1|truth_a1_opus5_holdout_k1_r1,,
u0076,J21518078+5278672,,,,,jwst_v1,,no,scrambled100_blind,,
u0077,J9002960-2014057,,,,,jwst_v1,,no,scrambled100_blind,,
u0078,J32840780+1769774,,,,,jwst_v1,,no,scrambled100_blind,,
u0079,J16644236-1024898,,,,,jwst_v1,,no,scrambled100_blind,,
u0080,J15048493+226744,,,,,jwst_v1,,no,,,
u0081,J5186322-1343964,,,,,jwst_v1,,no,truth_a2_sonnet_design_k1_r1|truth_a1_sonnet_design_k1_r1|truth_a1_sonnet_design_k2_r1|truth_a1_sonnet_design_k2_r2,,
u0082,J34084513-960342,,,,,jwst_v1,,no,scrambled100_blind,,
u0083,J11084396-7342226,,,,,jwst_v1,,no,scrambled100_blind,,
u0084,J17769198-2805240,,,,,jwst_v1,,no,truth_a0_sonnet_design_k1_r1|truth_a2_sonnet_design_k1_r1|truth_a1_sonnet_design_k1_r1,,
u0085,J14991871+254823,,,,,jwst_v1,,no,truth_a2_sonnet_design_k1_r1|truth_a1_sonnet_design_k1_r1,,
u0086,J14980160+213082,,,,,jwst_v1,,no,truth_a0_sonnet_holdout_k1_r1|truth_a2_sonnet_holdout_k1_r1|truth_a3_sonnet_holdout_k1_r1|truth_a1_sonnet_holdout_k1_r1|truth_a2_sonnet_holdout_k3_r1|truth_a2_sonnet_holdout_k3_r2|truth_a2_sonnet_holdout_k3_r3|truth_a1_opus_holdout_k1_r1|truth_a2_opus5_holdout_k1_r1|truth_a2_sonnet5_holdout_k1_r1|truth_a1_opus5_holdout_k1_r1,,
u0087,J14991319+251221,,,,,jwst_v1,,no,truth_a0_sonnet_design_k1_r1|truth_a2_sonnet_design_k1_r1|truth_a1_sonnet_design_k1_r1|truth_a1_sonnet_design_k2_r1|truth_a1_sonnet_design_k2_r2,,
u0088,J14987954+204155,,,,,jwst_v1,,no,truth_a0_sonnet_holdout_k1_r1|truth_a2_sonnet_holdout_k1_r1|truth_a3_sonnet_holdout_k1_r1|truth_a1_sonnet_holdout_k1_r1|truth_a2_sonnet_holdout_k3_r1|truth_a2_sonnet_holdout_k3_r2|truth_a2_sonnet_holdout_k3_r3|truth_a1_opus_holdout_k1_r1|truth_a2_opus5_holdout_k1_r1|truth_a2_sonnet5_holdout_k1_r1|truth_a1_opus5_holdout_k1_r1,,
u0089,J18534294+1156810,,,,,jwst_v1,,no,truth_a0_sonnet_holdout_k1_r1|truth_a2_sonnet_holdout_k1_r1|truth_a3_sonnet_holdout_k1_r1|truth_a1_sonnet_holdout_k1_r1|truth_a2_sonnet_holdout_k3_r1|truth_a2_sonnet_holdout_k3_r2|truth_a2_sonnet_holdout_k3_r3|truth_a1_opus_holdout_k1_r1|truth_a2_opus5_holdout_k1_r1|truth_a2_sonnet5_holdout_k1_r1|truth_a1_opus5_holdout_k1_r1,,
u0090,J9003772-2015513,,,,,jwst_v1,,no,scrambled100_blind,,
u0091,J14993798+260626,,,,,jwst_v1,,no,truth_a0_sonnet_holdout_k1_r1|truth_a2_sonnet_holdout_k1_r1|truth_a3_sonnet_holdout_k1_r1|truth_a1_sonnet_holdout_k1_r1|truth_a2_sonnet_holdout_k3_r1|truth_a2_sonnet_holdout_k3_r2|truth_a2_sonnet_holdout_k3_r3|truth_a1_opus_holdout_k1_r1|truth_a2_opus5_holdout_k1_r1|truth_a2_sonnet5_holdout_k1_r1|truth_a1_opus5_holdout_k1_r1,,
u0092,J20148881+4807960,,,,,jwst_v1,,no,,,
u0093,J6928514+070232,,,,,jwst_v1,,no,scrambled100_blind,,
u0094,J3807769-4433463,,,,,jwst_v1,,no,truth_a0_sonnet_holdout_k1_r1|truth_a2_sonnet_holdout_k1_r1|truth_a3_sonnet_holdout_k1_r1|truth_a1_sonnet_holdout_k1_r1|truth_a2_sonnet_holdout_k3_r1|truth_a2_sonnet_holdout_k3_r2|truth_a2_sonnet_holdout_k3_r3|truth_a1_opus_holdout_k1_r1|truth_a2_opus5_holdout_k1_r1|truth_a2_sonnet5_holdout_k1_r1|truth_a1_opus5_holdout_k1_r1,,
u0095,J35128272-4120137,,,,,jwst_v1,,no,scrambled100_blind,,
u0096,J18939200+6216064,,,,,jwst_v1,,no,scrambled100_blind,,
u0097,J2995977-883239,,,,,jwst_v1,,no,,,
u0098,J8999381-2012203,,,,,jwst_v1,,no,scrambled100_blind,,
u0099,J32232919-763201,,,,,jwst_v1,,no,scrambled100_blind,,
u0100,J15067319+221999,,,,,jwst_v1,,no,scrambled100_blind,,
u0101,J10939809+3775146,,,,,jwst_v1,,desi_train,truth_a2_sonnet_design_k1_r1|truth_a1_sonnet_design_k1_r1,,
u0102,J33372744-1401097,,,,,jwst_v1,,no,scrambled100_blind,,
u0103,J30798663-4063616,,,,,jwst_v1,,no,truth_a0_sonnet_design_k1_r1|truth_a2_sonnet_design_k1_r1|truth_a1_sonnet_design_k1_r1,,
u0104,J17740281+2243662,,,,,jwst_v1,,no,truth_a0_sonnet_holdout_k1_r1|truth_a2_sonnet_holdout_k1_r1|truth_a3_sonnet_holdout_k1_r1|truth_a1_sonnet_holdout_k1_r1|truth_a2_sonnet_holdout_k3_r1|truth_a2_sonnet_holdout_k3_r2|truth_a2_sonnet_holdout_k3_r3|truth_a1_opus_holdout_k1_r1|truth_a2_opus5_holdout_k1_r1|truth_a2_sonnet5_holdout_k1_r1|truth_a1_opus5_holdout_k1_r1,,
u0105,J1747804-3079539,,,,,jwst_v1,,no,scrambled100_blind,,
u0106,J15004059+241551,,,,,jwst_v1,,no,truth_a0_sonnet_holdout_k1_r1|truth_a2_sonnet_holdout_k1_r1|truth_a3_sonnet_holdout_k1_r1|truth_a1_sonnet_holdout_k1_r1|truth_a2_sonnet_holdout_k3_r1|truth_a2_sonnet_holdout_k3_r2|truth_a2_sonnet_holdout_k3_r3|truth_a1_opus_holdout_k1_r1|truth_a2_opus5_holdout_k1_r1|truth_a2_sonnet5_holdout_k1_r1|truth_a1_opus5_holdout_k1_r1,,
u0107,J34707505-219476,,,,,jwst_v1,,desi_train,scrambled100_blind,,
u0108,J14920654+6969086,,,,,jwst_v1,,no,scrambled100_blind,,
u0109,J15199556+2122210,,,,,jwst_v1,,no,scrambled100_blind,,
u0110,J357894-3039410,,,,,jwst_v1,,no,truth_a0_sonnet_holdout_k1_r1|truth_a2_sonnet_holdout_k1_r1|truth_a3_sonnet_holdout_k1_r1|truth_a1_sonnet_holdout_k1_r1|truth_a2_sonnet_holdout_k3_r1|truth_a2_sonnet_holdout_k3_r2|truth_a2_sonnet_holdout_k3_r3|truth_a1_opus_holdout_k1_r1|truth_a2_opus5_holdout_k1_r1|truth_a2_sonnet5_holdout_k1_r1|truth_a1_opus5_holdout_k1_r1,,
u0111,J4429240-2347200,,,,,jwst_v1,,no,scrambled100_blind,,
u0112,J4312165-2100739,,,,,jwst_v1,,no,scrambled100_blind,,
u0113,J15037549+237083,,,,,jwst_v1,,no,truth_a0_sonnet_holdout_k1_r1|truth_a2_sonnet_holdout_k1_r1|truth_a3_sonnet_holdout_k1_r1|truth_a1_sonnet_holdout_k1_r1|truth_a2_sonnet_holdout_k3_r1|truth_a2_sonnet_holdout_k3_r2|truth_a2_sonnet_holdout_k3_r3|truth_a1_opus_holdout_k1_r1|truth_a2_opus5_holdout_k1_r1|truth_a2_sonnet5_holdout_k1_r1|truth_a1_opus5_holdout_k1_r1,,
u0114,J21007480+1455269,,,,,jwst_v1,,no,scrambled100_blind,,
u0115,J22963308-8151071,,,,,jwst_v1,,no,truth_a0_sonnet_design_k1_r1|truth_a2_sonnet_design_k1_r1|truth_a1_sonnet_design_k1_r1,,
u0116,J15009907+202286,,,,,jwst_v1,,no,scrambled100_blind,,
u0117,J15263530-1266462,,,,,jwst_v1,,no,,,
u0118,J4202043-352281,,,,,jwst_v1,,desi_train,truth_a2_sonnet_design_k1_r1|truth_a1_sonnet_design_k1_r1,,
u0119,J3419795-502846,,,,,jwst_v1,,no,scrambled100_blind,,
u0120,J5186803-1343778,,,,,jwst_v1,,no,truth_a0_sonnet_design_k1_r1|truth_a2_sonnet_design_k1_r1|truth_a1_sonnet_design_k1_r1|scrambled100_blind,,
u0121,J12391133+1822895,,,,,jwst_v1,,no,scrambled100_blind,,
u0122,J15037005+241731,,,,,jwst_v1,,no,truth_a0_sonnet_holdout_k1_r1|truth_a2_sonnet_holdout_k1_r1|truth_a3_sonnet_holdout_k1_r1|truth_a1_sonnet_holdout_k1_r1|truth_a2_sonnet_holdout_k3_r1|truth_a2_sonnet_holdout_k3_r2|truth_a2_sonnet_holdout_k3_r3|truth_a1_opus_holdout_k1_r1|truth_a2_opus5_holdout_k1_r1|truth_a2_sonnet5_holdout_k1_r1|truth_a1_opus5_holdout_k1_r1,,
u0123,J15021825+181565,,,,,jwst_v1,,no,integration_check_20260823|truth_a1_sonnet_design_r1|truth_a0_sonnet_design_r1|truth_a2_sonnet_design_r1|truth_a0_sonnet_design_k1_r1|truth_a2_sonnet_design_k1_r1|truth_a1_sonnet_design_k1_r1,,
u0124,J357850-3044809,,,,,jwst_v1,,no,scrambled100_blind,,
u0125,J19449788+4704593,,,,,jwst_v1,,no,truth_a0_sonnet_holdout_k1_r1|truth_a2_sonnet_holdout_k1_r1|truth_a3_sonnet_holdout_k1_r1|truth_a1_sonnet_holdout_k1_r1|truth_a2_sonnet_holdout_k3_r1|truth_a2_sonnet_holdout_k3_r2|truth_a2_sonnet_holdout_k3_r3|truth_a1_opus_holdout_k1_r1|truth_a2_opus5_holdout_k1_r1|truth_a2_sonnet5_holdout_k1_r1|truth_a1_opus5_holdout_k1_r1,,
u0126,J26842354+6529667,,,,,jwst_v1,,no,truth_a2_sonnet_design_k1_r1|truth_a1_sonnet_design_k1_r1,,
u0127,J15114238+4121210,,,,,jwst_v1,,no,truth_a2_sonnet_design_k1_r1|truth_a1_sonnet_design_k1_r1|truth_a1_sonnet_design_k2_r1|truth_a1_sonnet_design_k2_r2,,
u0128,J8575205-2143155,,,,,jwst_v1,,no,scrambled100_blind,,
u0129,J4006002-161474,,,,,jwst_v1,,no,scrambled100_blind,,
u0130,J2434723-845791,,,,,jwst_v1,,no,truth_a2_sonnet_design_k1_r1|truth_a1_sonnet_design_k1_r1,,
u0131,J35084320-3043955,,,,,jwst_v1,,no,scrambled100_blind,,
u0132,J15428066+3906060,,,,,jwst_v1,,no,truth_a0_sonnet_holdout_k1_r1|truth_a2_sonnet_holdout_k1_r1|truth_a3_sonnet_holdout_k1_r1|truth_a1_sonnet_holdout_k1_r1|truth_a2_sonnet_holdout_k3_r1|truth_a2_sonnet_holdout_k3_r2|truth_a2_sonnet_holdout_k3_r3|truth_a1_opus_holdout_k1_r1|truth_a2_opus5_holdout_k1_r1|truth_a2_sonnet5_holdout_k1_r1|truth_a1_opus5_holdout_k1_r1,,
u0133,J14997313+250891,,,,,jwst_v1,,no,,,
u0134,J15004969+221715,,,,,jwst_v1,,no,truth_a2_sonnet_design_k1_r1|truth_a1_sonnet_design_k1_r1|truth_a1_sonnet_design_k2_r1|truth_a1_sonnet_design_k2_r2,,
u0135,J15032014+201142,,,,,jwst_v1,,no,truth_a0_sonnet_holdout_k1_r1|truth_a2_sonnet_holdout_k1_r1|truth_a3_sonnet_holdout_k1_r1|truth_a1_sonnet_holdout_k1_r1|truth_a2_sonnet_holdout_k3_r1|truth_a2_sonnet_holdout_k3_r2|truth_a2_sonnet_holdout_k3_r3|truth_a1_opus_holdout_k1_r1|truth_a2_opus5_holdout_k1_r1|truth_a2_sonnet5_holdout_k1_r1|truth_a1_opus5_holdout_k1_r1,,
u0136,J20861957+7726170,,,,,jwst_v1,,no,scrambled100_blind,,
u0137,J16456132+2953030,,,,,jwst_v1,,no,scrambled100_blind,,
u0138,J3440482-522486,,,,,jwst_v1,,no,truth_a0_sonnet_design_k1_r1|truth_a2_sonnet_design_k1_r1|truth_a1_sonnet_design_k1_r1|truth_a1_sonnet_design_k2_r1|truth_a1_sonnet_design_k2_r2|scrambled100_blind,,
u0139,J18850875+1133833,,,,,jwst_v1,,no,scrambled100_blind,,
u0140,J15005258+233772,,,,,jwst_v1,,no,truth_a2_sonnet_design_k1_r1|truth_a1_sonnet_design_k1_r1,,
u0141,J15017971+211039,,,,,jwst_v1,,no,truth_a0_sonnet_holdout_k1_r1|truth_a2_sonnet_holdout_k1_r1|truth_a3_sonnet_holdout_k1_r1|truth_a1_sonnet_holdout_k1_r1|truth_a2_sonnet_holdout_k3_r1|truth_a2_sonnet_holdout_k3_r2|truth_a2_sonnet_holdout_k3_r3|truth_a1_opus_holdout_k1_r1|truth_a2_opus5_holdout_k1_r1|truth_a2_sonnet5_holdout_k1_r1|truth_a1_opus5_holdout_k1_r1,,
u0142,J26828794+6516364,,,,,jwst_v1,,no,truth_a0_sonnet_holdout_k1_r1|truth_a2_sonnet_holdout_k1_r1|truth_a3_sonnet_holdout_k1_r1|truth_a1_sonnet_holdout_k1_r1|truth_a2_sonnet_holdout_k3_r1|truth_a2_sonnet_holdout_k3_r2|truth_a2_sonnet_holdout_k3_r3|truth_a1_opus_holdout_k1_r1|truth_a2_opus5_holdout_k1_r1|truth_a2_sonnet5_holdout_k1_r1|truth_a1_opus5_holdout_k1_r1,,
u0143,J3996588-153959,,,,,jwst_v1,,no,truth_a0_sonnet_holdout_k1_r1|truth_a2_sonnet_holdout_k1_r1|truth_a3_sonnet_holdout_k1_r1|truth_a1_sonnet_holdout_k1_r1|truth_a2_sonnet_holdout_k3_r1|truth_a2_sonnet_holdout_k3_r2|truth_a2_sonnet_holdout_k3_r3|truth_a1_opus_holdout_k1_r1|truth_a2_opus5_holdout_k1_r1|truth_a2_sonnet5_holdout_k1_r1|truth_a1_opus5_holdout_k1_r1,,
u0144,J15013022+255026,,,,,jwst_v1,,no,truth_a0_sonnet_holdout_k1_r1|truth_a2_sonnet_holdout_k1_r1|truth_a3_sonnet_holdout_k1_r1|truth_a1_sonnet_holdout_k1_r1|truth_a2_sonnet_holdout_k3_r1|truth_a2_sonnet_holdout_k3_r2|truth_a2_sonnet_holdout_k3_r3|truth_a1_opus_holdout_k1_r1|truth_a2_opus5_holdout_k1_r1|truth_a2_sonnet5_holdout_k1_r1|truth_a1_opus5_holdout_k1_r1,,
u0145,J358439-3035450,,,,,jwst_v1,,no,,,
u0146,J34135498+2813722,,,,,jwst_v1,,no,scrambled100_blind,,
u0147,J8834469-3370264,,,,,jwst_v1,,no,,,
u0148,J21493235+5299840,,,,,jwst_v1,,no,,,
u0149,J15027845+184036,,,,,jwst_v1,,no,truth_a0_sonnet_holdout_k1_r1|truth_a2_sonnet_holdout_k1_r1|truth_a3_sonnet_holdout_k1_r1|truth_a1_sonnet_holdout_k1_r1|truth_a2_sonnet_holdout_k3_r1|truth_a2_sonnet_holdout_k3_r2|truth_a2_sonnet_holdout_k3_r3|truth_a1_opus_holdout_k1_r1|truth_a2_opus5_holdout_k1_r1|truth_a2_sonnet5_holdout_k1_r1|truth_a1_opus5_holdout_k1_r1,,
u0150,J927569+915263,,,,,jwst_v1,,no,truth_a0_sonnet_design_k1_r1|truth_a2_sonnet_design_k1_r1|truth_a1_sonnet_design_k1_r1|truth_a1_sonnet_design_k2_r1|truth_a1_sonnet_design_k2_r2,,
u0151,J23069956+2559453,,,,,jwst_v1,,no,scrambled100_blind,,
u0152,J15029814+254087,,,,,jwst_v1,,no,scrambled100_blind,,
u0153,J5186648-1343587,,,,,jwst_v1,,no,truth_a0_sonnet_design_k1_r1|truth_a2_sonnet_design_k1_r1|truth_a1_sonnet_design_k1_r1|scrambled100_blind,,
u0154,J14996187+200380,,,,,jwst_v1,,no,truth_a2_sonnet_design_k1_r1|truth_a1_sonnet_design_k1_r1|truth_a1_sonnet_design_k2_r1|truth_a1_sonnet_design_k2_r2,,
u0155,J15027379+184082,,,,,jwst_v1,,no,truth_a0_sonnet_holdout_k1_r1|truth_a2_sonnet_holdout_k1_r1|truth_a3_sonnet_holdout_k1_r1|truth_a1_sonnet_holdout_k1_r1|truth_a2_sonnet_holdout_k3_r1|truth_a2_sonnet_holdout_k3_r2|truth_a2_sonnet_holdout_k3_r3|truth_a1_opus_holdout_k1_r1|truth_a2_opus5_holdout_k1_r1|truth_a2_sonnet5_holdout_k1_r1|truth_a1_opus5_holdout_k1_r1,,
u0156,J20940271-1094685,,,,,jwst_v1,,no,truth_a0_sonnet_holdout_k1_r1|truth_a2_sonnet_holdout_k1_r1|truth_a3_sonnet_holdout_k1_r1|truth_a1_sonnet_holdout_k1_r1|truth_a2_sonnet_holdout_k3_r1|truth_a2_sonnet_holdout_k3_r2|truth_a2_sonnet_holdout_k3_r3|truth_a1_opus_holdout_k1_r1|truth_a2_opus5_holdout_k1_r1|truth_a2_sonnet5_holdout_k1_r1|truth_a1_opus5_holdout_k1_r1,,
u0157,J21369661+5478431,,,,,jwst_v1,,no,truth_a2_sonnet_design_k1_r1|truth_a1_sonnet_design_k1_r1,,
u0158,J32839345+1770589,,,,,jwst_v1,,no,truth_a2_sonnet_design_k1_r1|truth_a1_sonnet_design_k1_r1|truth_a1_sonnet_design_k2_r1|truth_a1_sonnet_design_k2_r2,,
u0159,J5414235-4704895,,,,,jwst_v1,,no,scrambled100_blind,,
u0160,J24396184-613690,,,,,jwst_v1,,no,,,
u0161,J8831663-3370788,,,,,jwst_v1,,no,truth_a0_sonnet_holdout_k1_r1|truth_a2_sonnet_holdout_k1_r1|truth_a3_sonnet_holdout_k1_r1|truth_a1_sonnet_holdout_k1_r1|truth_a2_sonnet_holdout_k3_r1|truth_a2_sonnet_holdout_k3_r2|truth_a2_sonnet_holdout_k3_r3|truth_a1_opus_holdout_k1_r1|truth_a2_opus5_holdout_k1_r1|truth_a2_sonnet5_holdout_k1_r1|truth_a1_opus5_holdout_k1_r1,,
u0162,J20150004+4811209,,,,,jwst_v1,,no,truth_a2_sonnet_design_k1_r1|truth_a1_sonnet_design_k1_r1,,
u0163,J21060768-456160,,,,,jwst_v1,,no,truth_a0_sonnet_design_k1_r1|truth_a2_sonnet_design_k1_r1|truth_a1_sonnet_design_k1_r1,,
u0164,J17771210-2809562,,,,,jwst_v1,,no,scrambled100_blind,,
u0165,J15005804+238042,,,,,jwst_v1,,no,truth_a0_sonnet_holdout_k1_r1|truth_a2_sonnet_holdout_k1_r1|truth_a3_sonnet_holdout_k1_r1|truth_a1_sonnet_holdout_k1_r1|truth_a2_sonnet_holdout_k3_r1|truth_a2_sonnet_holdout_k3_r2|truth_a2_sonnet_holdout_k3_r3|truth_a1_opus_holdout_k1_r1|truth_a2_opus5_holdout_k1_r1|truth_a2_sonnet5_holdout_k1_r1|truth_a1_opus5_holdout_k1_r1,,
u0166,J805311+1812371,,,,,jwst_v1,,no,truth_a0_sonnet_holdout_k1_r1|truth_a2_sonnet_holdout_k1_r1|truth_a3_sonnet_holdout_k1_r1|truth_a1_sonnet_holdout_k1_r1|truth_a2_sonnet_holdout_k3_r1|truth_a2_sonnet_holdout_k3_r2|truth_a2_sonnet_holdout_k3_r3|truth_a1_opus_holdout_k1_r1|truth_a2_opus5_holdout_k1_r1|truth_a2_sonnet5_holdout_k1_r1|truth_a1_opus5_holdout_k1_r1,,
u0167,J26292001+2286748,,,,,jwst_v1,,desi_train,truth_a0_sonnet_holdout_k1_r1|truth_a2_sonnet_holdout_k1_r1|truth_a3_sonnet_holdout_k1_r1|truth_a1_sonnet_holdout_k1_r1|truth_a2_sonnet_holdout_k3_r1|truth_a2_sonnet_holdout_k3_r2|truth_a2_sonnet_holdout_k3_r3|truth_a1_opus_holdout_k1_r1|truth_a2_opus5_holdout_k1_r1|truth_a2_sonnet5_holdout_k1_r1|truth_a1_opus5_holdout_k1_r1,,
u0168,J9940487-4849482,,,,,jwst_v1,,no,truth_a0_sonnet_design_k1_r1|truth_a2_sonnet_design_k1_r1|truth_a1_sonnet_design_k1_r1,,
u0169,J21006317+1456150,,,,,jwst_v1,,no,scrambled100_blind,,
u0170,J18675054+1172962,,,,,jwst_v1,,no,,,
u0171,J2451719-2192351,,,,,jwst_v1,,no,truth_a0_sonnet_holdout_k1_r1|truth_a2_sonnet_holdout_k1_r1|truth_a3_sonnet_holdout_k1_r1|truth_a1_sonnet_holdout_k1_r1|truth_a2_sonnet_holdout_k3_r1|truth_a2_sonnet_holdout_k3_r2|truth_a2_sonnet_holdout_k3_r3|truth_a1_opus_holdout_k1_r1|truth_a2_opus5_holdout_k1_r1|truth_a2_sonnet5_holdout_k1_r1|truth_a1_opus5_holdout_k1_r1,,
u0172,J10194892+7024985,,,,,jwst_v1,,no,truth_a0_sonnet_holdout_k1_r1|truth_a2_sonnet_holdout_k1_r1|truth_a3_sonnet_holdout_k1_r1|truth_a1_sonnet_holdout_k1_r1|truth_a2_sonnet_holdout_k3_r1|truth_a2_sonnet_holdout_k3_r2|truth_a2_sonnet_holdout_k3_r3|truth_a1_opus_holdout_k1_r1|truth_a2_opus5_holdout_k1_r1|truth_a2_sonnet5_holdout_k1_r1|truth_a1_opus5_holdout_k1_r1,,
u0173,J6402662-2407015,,,,,jwst_v1,,no,truth_a0_sonnet_holdout_k1_r1|truth_a2_sonnet_holdout_k1_r1|truth_a3_sonnet_holdout_k1_r1|truth_a1_sonnet_holdout_k1_r1|truth_a2_sonnet_holdout_k3_r1|truth_a2_sonnet_holdout_k3_r2|truth_a2_sonnet_holdout_k3_r3|truth_a1_opus_holdout_k1_r1|truth_a2_opus5_holdout_k1_r1|truth_a2_sonnet5_holdout_k1_r1|truth_a1_opus5_holdout_k1_r1,,
u0174,J1655664+080458,,,,,jwst_v1,,no,truth_a0_sonnet_holdout_k1_r1|truth_a2_sonnet_holdout_k1_r1|truth_a3_sonnet_holdout_k1_r1|truth_a1_sonnet_holdout_k1_r1|truth_a2_sonnet_holdout_k3_r1|truth_a2_sonnet_holdout_k3_r2|truth_a2_sonnet_holdout_k3_r3|truth_a1_opus_holdout_k1_r1|truth_a2_opus5_holdout_k1_r1|truth_a2_sonnet5_holdout_k1_r1|truth_a1_opus5_holdout_k1_r1,,
u0175,J14996269+221023,,,,,jwst_v1,,no,truth_a0_sonnet_holdout_k1_r1|truth_a2_sonnet_holdout_k1_r1|truth_a3_sonnet_holdout_k1_r1|truth_a1_sonnet_holdout_k1_r1|truth_a2_sonnet_holdout_k3_r1|truth_a2_sonnet_holdout_k3_r2|truth_a2_sonnet_holdout_k3_r3|truth_a1_opus_holdout_k1_r1|truth_a2_opus5_holdout_k1_r1|truth_a2_sonnet5_holdout_k1_r1|truth_a1_opus5_holdout_k1_r1,,
u0176,J4637336-3182658,,,,,jwst_v1,,no,scrambled100_blind,,
u0177,J4139573-5304843,,,,,jwst_v1,,no,,,
u0178,J15019832+198630,,,,,jwst_v1,,no,truth_a2_sonnet_design_k1_r1|truth_a1_sonnet_design_k1_r1,,
u0179,J15013008+243766,,,,,jwst_v1,,no,truth_a0_sonnet_design_k1_r1|truth_a2_sonnet_design_k1_r1|truth_a1_sonnet_design_k1_r1,,
u0180,J14981996+233941,,,,,jwst_v1,,no,truth_a2_sonnet_design_k1_r1|truth_a1_sonnet_design_k1_r1|truth_a1_sonnet_design_k2_r1|truth_a1_sonnet_design_k2_r2,,
u0181,J15001911+259543,,,,,jwst_v1,,no,truth_a0_sonnet_design_k1_r1|truth_a2_sonnet_design_k1_r1|truth_a1_sonnet_design_k1_r1,,
u0182,J31173025-1285736,,,,,jwst_v1,,no,truth_a2_sonnet_design_k1_r1|truth_a1_sonnet_design_k1_r1,,
u0183,J710586-7562357,,,,,jwst_v1,,no,scrambled100_blind,,
u0184,J18716454+1177116,,,,,jwst_v1,,no,truth_a2_sonnet_design_k1_r1|truth_a1_sonnet_design_k1_r1,,
u0185,J2235243-7358297,,,,,jwst_v1,,no,scrambled100_blind,,
u0186,J8731758-6207720,,,,,jwst_v1,,no,truth_a2_sonnet_design_k1_r1|truth_a1_sonnet_design_k1_r1,,
u0187,J3470183+013617,,,,,jwst_v1,,no,scrambled100_blind,,
u0188,J14987471+223116,,,,,jwst_v1,,no,truth_a0_sonnet_holdout_k1_r1|truth_a2_sonnet_holdout_k1_r1|truth_a3_sonnet_holdout_k1_r1|truth_a1_sonnet_holdout_k1_r1|truth_a2_sonnet_holdout_k3_r1|truth_a2_sonnet_holdout_k3_r2|truth_a2_sonnet_holdout_k3_r3|truth_a1_opus_holdout_k1_r1|truth_a2_opus5_holdout_k1_r1|truth_a2_sonnet5_holdout_k1_r1|truth_a1_opus5_holdout_k1_r1,,
u0189,J18937456+6221686,,,,,jwst_v1,,no,truth_a0_sonnet_design_k1_r1|truth_a2_sonnet_design_k1_r1|truth_a1_sonnet_design_k1_r1|scrambled100_blind,,
u0190,J15021038+179129,,,,,jwst_v1,,no,truth_a0_sonnet_holdout_k1_r1|truth_a2_sonnet_holdout_k1_r1|truth_a3_sonnet_holdout_k1_r1|truth_a1_sonnet_holdout_k1_r1|truth_a2_sonnet_holdout_k3_r1|truth_a2_sonnet_holdout_k3_r2|truth_a2_sonnet_holdout_k3_r3|truth_a1_opus_holdout_k1_r1|truth_a2_opus5_holdout_k1_r1|truth_a2_sonnet5_holdout_k1_r1|truth_a1_opus5_holdout_k1_r1,,
u0191,J8831331-3369558,,,,,jwst_v1,,no,truth_a0_sonnet_holdout_k1_r1|truth_a2_sonnet_holdout_k1_r1|truth_a3_sonnet_holdout_k1_r1|truth_a1_sonnet_holdout_k1_r1|truth_a2_sonnet_holdout_k3_r1|truth_a2_sonnet_holdout_k3_r2|truth_a2_sonnet_holdout_k3_r3|truth_a1_opus_holdout_k1_r1|truth_a2_opus5_holdout_k1_r1|truth_a2_sonnet5_holdout_k1_r1|truth_a1_opus5_holdout_k1_r1,,
u0192,J20954380-1094330,,,,,jwst_v1,,no,truth_a0_sonnet_design_k1_r1|truth_a2_sonnet_design_k1_r1|truth_a1_sonnet_design_k1_r1|scrambled100_blind,,
u0193,J24497103+5551791,,,,,jwst_v1,,no,truth_a0_sonnet_design_k1_r1|truth_a2_sonnet_design_k1_r1|truth_a1_sonnet_design_k1_r1,,
u0194,J17833025+793252,,,,,jwst_v1,,no,truth_a2_sonnet_design_k1_r1|truth_a1_sonnet_design_k1_r1|truth_a1_sonnet_design_k2_r1|truth_a1_sonnet_design_k2_r2,,
u0195,J15031125+251191,,,,,jwst_v1,,no,truth_a2_sonnet_design_k1_r1|truth_a1_sonnet_design_k1_r1,,
u0196,J4784995-5841089,,,,,jwst_v1,,no,scrambled100_blind,,
u0197,J18928393+6223963,,,,,jwst_v1,,no,truth_a0_sonnet_design_k1_r1|truth_a2_sonnet_design_k1_r1|truth_a1_sonnet_design_k1_r1,,
u0198,J2225968-7355728,,,,,jwst_v1,,no,,,
u0199,J34161184-5841254,,,,,jwst_v1,,no,truth_a0_sonnet_holdout_k1_r1|truth_a2_sonnet_holdout_k1_r1|truth_a3_sonnet_holdout_k1_r1|truth_a1_sonnet_holdout_k1_r1|truth_a2_sonnet_holdout_k3_r1|truth_a2_sonnet_holdout_k3_r2|truth_a2_sonnet_holdout_k3_r3|truth_a1_opus_holdout_k1_r1|truth_a2_opus5_holdout_k1_r1|truth_a2_sonnet5_holdout_k1_r1|truth_a1_opus5_holdout_k1_r1,,
u0200,J26816024+6505016,,,,,jwst_v1,,no,scrambled100_blind,,
u0201,J6507435-5508786,,,,,jwst_v1,,no,truth_a0_sonnet_holdout_k1_r1|truth_a2_sonnet_holdout_k1_r1|truth_a3_sonnet_holdout_k1_r1|truth_a1_sonnet_holdout_k1_r1|truth_a2_sonnet_holdout_k3_r1|truth_a2_sonnet_holdout_k3_r2|truth_a2_sonnet_holdout_k3_r3|truth_a1_opus_holdout_k1_r1|truth_a2_opus5_holdout_k1_r1|truth_a2_sonnet5_holdout_k1_r1|truth_a1_opus5_holdout_k1_r1,,
u0202,J18309657+2753443,,,,,jwst_v1,,no,truth_a0_sonnet_holdout_k1_r1|truth_a2_sonnet_holdout_k1_r1|truth_a3_sonnet_holdout_k1_r1|truth_a1_sonnet_holdout_k1_r1|truth_a2_sonnet_holdout_k3_r1|truth_a2_sonnet_holdout_k3_r2|truth_a2_sonnet_holdout_k3_r3|truth_a1_opus_holdout_k1_r1|truth_a2_opus5_holdout_k1_r1|truth_a2_sonnet5_holdout_k1_r1|truth_a1_opus5_holdout_k1_r1,,
u0203,J24394722-614504,,,,,jwst_v1,,no,truth_a0_sonnet_design_k1_r1|truth_a2_sonnet_design_k1_r1|truth_a1_sonnet_design_k1_r1|truth_a1_sonnet_design_k2_r1|truth_a1_sonnet_design_k2_r2,,
u0204,J2451534-2191925,,,,,jwst_v1,,desi_train,scrambled100_blind,,
u0205,J34708849-217825,,,,,jwst_v1,,desi_train,scrambled100_blind,,
u0206,J20148636+4809579,,,,,jwst_v1,,no,scrambled100_blind,,
u0207,J11072970-7345689,,,,,jwst_v1,,no,truth_a0_sonnet_holdout_k1_r1|truth_a2_sonnet_holdout_k1_r1|truth_a3_sonnet_holdout_k1_r1|truth_a1_sonnet_holdout_k1_r1|truth_a2_sonnet_holdout_k3_r1|truth_a2_sonnet_holdout_k3_r2|truth_a2_sonnet_holdout_k3_r3|truth_a1_opus_holdout_k1_r1|truth_a2_opus5_holdout_k1_r1|truth_a2_sonnet5_holdout_k1_r1|truth_a1_opus5_holdout_k1_r1,,
u0208,J6149425-4926794,,,,,jwst_v1,,no,truth_a0_sonnet_holdout_k1_r1|truth_a2_sonnet_holdout_k1_r1|truth_a3_sonnet_holdout_k1_r1|truth_a1_sonnet_holdout_k1_r1|truth_a2_sonnet_holdout_k3_r1|truth_a2_sonnet_holdout_k3_r2|truth_a2_sonnet_holdout_k3_r3|truth_a1_opus_holdout_k1_r1|truth_a2_opus5_holdout_k1_r1|truth_a2_sonnet5_holdout_k1_r1|truth_a1_opus5_holdout_k1_r1,,
u0209,J23749412-7819092,,,,,jwst_v1,,no,truth_a0_sonnet_holdout_k1_r1|truth_a2_sonnet_holdout_k1_r1|truth_a3_sonnet_holdout_k1_r1|truth_a1_sonnet_holdout_k1_r1|truth_a2_sonnet_holdout_k3_r1|truth_a2_sonnet_holdout_k3_r2|truth_a2_sonnet_holdout_k3_r3|truth_a1_opus_holdout_k1_r1|truth_a2_opus5_holdout_k1_r1|truth_a2_sonnet5_holdout_k1_r1|truth_a1_opus5_holdout_k1_r1,,
u0210,J18895415+499333,,,,,jwst_v1,,no,scrambled100_blind,,
u0211,J18942061+6225477,,,,,jwst_v1,,no,truth_a0_sonnet_design_k1_r1|truth_a2_sonnet_design_k1_r1|truth_a1_sonnet_design_k1_r1,,
u0212,J18929636+6214276,,,,,jwst_v1,,no,truth_a2_sonnet_design_k1_r1|truth_a1_sonnet_design_k1_r1,,
u0213,J15005718+220591,,,,,jwst_v1,,no,truth_a0_sonnet_holdout_k1_r1|truth_a2_sonnet_holdout_k1_r1|truth_a3_sonnet_holdout_k1_r1|truth_a1_sonnet_holdout_k1_r1|truth_a2_sonnet_holdout_k3_r1|truth_a2_sonnet_holdout_k3_r2|truth_a2_sonnet_holdout_k3_r3|truth_a1_opus_holdout_k1_r1|truth_a2_opus5_holdout_k1_r1|truth_a2_sonnet5_holdout_k1_r1|truth_a1_opus5_holdout_k1_r1,,
u0214,J14984222+230342,,,,,jwst_v1,,no,truth_a2_sonnet_design_k1_r1|truth_a1_sonnet_design_k1_r1,,
u0215,J076153-3300005,,,,,jwst_v1,,no,truth_a1_sonnet_design_r1|truth_a0_sonnet_design_r1|truth_a2_sonnet_design_r1|truth_a0_sonnet_design_k1_r1|truth_a2_sonnet_design_k1_r1|truth_a1_sonnet_design_k1_r1,,
u0216,J18805344+1121596,,,,,jwst_v1,,no,truth_a0_sonnet_design_k1_r1|truth_a2_sonnet_design_k1_r1|truth_a1_sonnet_design_k1_r1|scrambled100_blind,,
u0217,J16193787+1252943,,,,,jwst_v1,,no,scrambled100_blind,,
u0218,J2501506-591919,,,,,jwst_v1,,no,truth_a0_sonnet_design_k1_r1|truth_a2_sonnet_design_k1_r1|truth_a1_sonnet_design_k1_r1,,
u0219,J18818168+1282960,,,,,jwst_v1,,no,scrambled100_blind,,
u0220,J15017908+203681,,,,,jwst_v1,,no,truth_a0_sonnet_holdout_k1_r1|truth_a2_sonnet_holdout_k1_r1|truth_a3_sonnet_holdout_k1_r1|truth_a1_sonnet_holdout_k1_r1|truth_a2_sonnet_holdout_k3_r1|truth_a2_sonnet_holdout_k3_r2|truth_a2_sonnet_holdout_k3_r3|truth_a1_opus_holdout_k1_r1|truth_a2_opus5_holdout_k1_r1|truth_a2_sonnet5_holdout_k1_r1|truth_a1_opus5_holdout_k1_r1,,
u0221,J3996317-156579,,,,,jwst_v1,,desi_train,truth_a0_sonnet_holdout_k1_r1|truth_a2_sonnet_holdout_k1_r1|truth_a3_sonnet_holdout_k1_r1|truth_a1_sonnet_holdout_k1_r1|truth_a2_sonnet_holdout_k3_r1|truth_a2_sonnet_holdout_k3_r2|truth_a2_sonnet_holdout_k3_r3|truth_a1_opus_holdout_k1_r1|truth_a2_opus5_holdout_k1_r1|truth_a2_sonnet5_holdout_k1_r1|truth_a1_opus5_holdout_k1_r1,,
u0222,J20381042+4099544,,,,,jwst_v1,,no,truth_a2_sonnet_design_k1_r1|truth_a1_sonnet_design_k1_r1,,
u0223,J1086629-2060614,,,,,jwst_v1,,no,,,
u0224,J31352710-005281,,,,,jwst_v1,,no,scrambled100_blind,,
u0225,J462970+1644463,,,,,jwst_v1,,no,truth_a0_sonnet_holdout_k1_r1|truth_a2_sonnet_holdout_k1_r1|truth_a3_sonnet_holdout_k1_r1|truth_a1_sonnet_holdout_k1_r1|truth_a2_sonnet_holdout_k3_r1|truth_a2_sonnet_holdout_k3_r2|truth_a2_sonnet_holdout_k3_r3|truth_a1_opus_holdout_k1_r1|truth_a2_opus5_holdout_k1_r1|truth_a2_sonnet5_holdout_k1_r1|truth_a1_opus5_holdout_k1_r1,,
u0226,J15057245+223798,,,,,jwst_v1,,no,scrambled100_blind,,
u0227,J15019655+249201,,,,,jwst_v1,,no,truth_a0_sonnet_holdout_k1_r1|truth_a2_sonnet_holdout_k1_r1|truth_a3_sonnet_holdout_k1_r1|truth_a1_sonnet_holdout_k1_r1|truth_a2_sonnet_holdout_k3_r1|truth_a2_sonnet_holdout_k3_r2|truth_a2_sonnet_holdout_k3_r3|truth_a1_opus_holdout_k1_r1|truth_a2_opus5_holdout_k1_r1|truth_a2_sonnet5_holdout_k1_r1|truth_a1_opus5_holdout_k1_r1,,
u0228,J21500508+5297323,,,,,jwst_v1,,no,,,
u0229,J26807645+6520932,,,,,jwst_v1,,no,scrambled100_blind,,
u0230,J20853843+7726394,,,,,jwst_v1,,no,truth_a0_sonnet_holdout_k1_r1|truth_a2_sonnet_holdout_k1_r1|truth_a3_sonnet_holdout_k1_r1|truth_a1_sonnet_holdout_k1_r1|truth_a2_sonnet_holdout_k3_r1|truth_a2_sonnet_holdout_k3_r2|truth_a2_sonnet_holdout_k3_r3|truth_a1_opus_holdout_k1_r1|truth_a2_opus5_holdout_k1_r1|truth_a2_sonnet5_holdout_k1_r1|truth_a1_opus5_holdout_k1_r1,,
u0231,J8149689-2410706,,,,,jwst_v1,,no,scrambled100_blind,,
u0232,J4138784-5303843,,,,,jwst_v1,,no,,,
u0233,J17174762+4246955,,,,,jwst_v1,,no,scrambled100_blind,,
u0234,J26885147+6527676,,,,,jwst_v1,,no,,,
u0235,J15028871+191005,,,,,jwst_v1,,no,truth_a0_sonnet_holdout_k1_r1|truth_a2_sonnet_holdout_k1_r1|truth_a3_sonnet_holdout_k1_r1|truth_a1_sonnet_holdout_k1_r1|truth_a2_sonnet_holdout_k3_r1|truth_a2_sonnet_holdout_k3_r2|truth_a2_sonnet_holdout_k3_r3|truth_a1_opus_holdout_k1_r1|truth_a2_opus5_holdout_k1_r1|truth_a2_sonnet5_holdout_k1_r1|truth_a1_opus5_holdout_k1_r1,,
u0236,J805529+1810939,,,,,jwst_v1,,no,truth_a0_sonnet_holdout_k1_r1|truth_a2_sonnet_holdout_k1_r1|truth_a3_sonnet_holdout_k1_r1|truth_a1_sonnet_holdout_k1_r1|truth_a2_sonnet_holdout_k3_r1|truth_a2_sonnet_holdout_k3_r2|truth_a2_sonnet_holdout_k3_r3|truth_a1_opus_holdout_k1_r1|truth_a2_opus5_holdout_k1_r1|truth_a2_sonnet5_holdout_k1_r1|truth_a1_opus5_holdout_k1_r1,,
u0237,J12404503+1918861,,,,,jwst_v1,,no,,,
u0238,J7298151+010446,,,,,jwst_v1,,no,truth_a2_sonnet_design_k1_r1|truth_a1_sonnet_design_k1_r1,,
u0239,J3996912-158493,,,,,jwst_v1,,desi_train,truth_a0_sonnet_holdout_k1_r1|truth_a2_sonnet_holdout_k1_r1|truth_a3_sonnet_holdout_k1_r1|truth_a1_sonnet_holdout_k1_r1|truth_a2_sonnet_holdout_k3_r1|truth_a2_sonnet_holdout_k3_r2|truth_a2_sonnet_holdout_k3_r3|truth_a1_opus_holdout_k1_r1|truth_a2_opus5_holdout_k1_r1|truth_a2_sonnet5_holdout_k1_r1|truth_a1_opus5_holdout_k1_r1,,
u0240,J4310830-518328,,,,,jwst_v1,,no,scrambled100_blind,,
u0241,J3806901-4434926,,,,,jwst_v1,,no,truth_a2_sonnet_design_k1_r1|truth_a1_sonnet_design_k1_r1,,
u0242,J15041998+210898,,,,,jwst_v1,,no,truth_a0_sonnet_holdout_k1_r1|truth_a2_sonnet_holdout_k1_r1|truth_a3_sonnet_holdout_k1_r1|truth_a1_sonnet_holdout_k1_r1|truth_a2_sonnet_holdout_k3_r1|truth_a2_sonnet_holdout_k3_r2|truth_a2_sonnet_holdout_k3_r3|truth_a1_opus_holdout_k1_r1|truth_a2_opus5_holdout_k1_r1|truth_a2_sonnet5_holdout_k1_r1|truth_a1_opus5_holdout_k1_r1,,
u0243,J34709033-218772,,,,,jwst_v1,,no,truth_a2_sonnet_design_k1_r1|truth_a1_sonnet_design_k1_r1|truth_a1_sonnet_design_k2_r1|truth_a1_sonnet_design_k2_r2,,
u0244,J15002207+263143,,,,,jwst_v1,,no,truth_a0_sonnet_holdout_k1_r1|truth_a2_sonnet_holdout_k1_r1|truth_a3_sonnet_holdout_k1_r1|truth_a1_sonnet_holdout_k1_r1|truth_a2_sonnet_holdout_k3_r1|truth_a2_sonnet_holdout_k3_r2|truth_a2_sonnet_holdout_k3_r3|truth_a1_opus_holdout_k1_r1|truth_a2_opus5_holdout_k1_r1|truth_a2_sonnet5_holdout_k1_r1|truth_a1_opus5_holdout_k1_r1,,
u0245,J14989229+226437,,,,,jwst_v1,,no,truth_a0_sonnet_design_k1_r1|truth_a2_sonnet_design_k1_r1|truth_a1_sonnet_design_k1_r1,,
u0246,J26006978+3560730,,,,,jwst_v1,,no,truth_a2_sonnet_design_k1_r1|truth_a1_sonnet_design_k1_r1,,
u0247,J15021106+190577,,,,,jwst_v1,,no,truth_a2_sonnet_design_k1_r1|truth_a1_sonnet_design_k1_r1|truth_a1_sonnet_design_k2_r1|truth_a1_sonnet_design_k2_r2,,
u0248,J5376680-1946429,,,,,jwst_v1,,no,truth_a2_sonnet_design_k1_r1|truth_a1_sonnet_design_k1_r1,,
u0249,J18095026+476116,,,,,jwst_v1,,no,truth_a0_sonnet_design_k1_r1|truth_a2_sonnet_design_k1_r1|truth_a1_sonnet_design_k1_r1,,
u0250,J24396818-613860,,,,,jwst_v1,,no,truth_a0_sonnet_holdout_k1_r1|truth_a2_sonnet_holdout_k1_r1|truth_a3_sonnet_holdout_k1_r1|truth_a1_sonnet_holdout_k1_r1|truth_a2_sonnet_holdout_k3_r1|truth_a2_sonnet_holdout_k3_r2|truth_a2_sonnet_holdout_k3_r3|truth_a1_opus_holdout_k1_r1|truth_a2_opus5_holdout_k1_r1|truth_a2_sonnet5_holdout_k1_r1|truth_a1_opus5_holdout_k1_r1,,
