candidate_id,ra_deg,dec_deg,proposal,field_class,layout,mag_r,sw_obs,lw_obs,sw_filter,lw_filter,nearest_cat_sep_arcsec,half
J10165239-6262492,101.65239392248,-62.62492291121669,5594,cluster,color,18.340935,jw05594-o129_t131_nircam_clear-f150w2,jw05594-o129_t131_nircam_clear-f322w2,F150W2,F322W2,3218.798,design
J10190879+7025705,101.90878757467996,70.25705226134278,1433,cluster,color,20.883224,jw01433-o020_t001_nircam_clear-f200w,jw01433-o020_t001_nircam_clear-f480m,F200W,F480M,22.177,holdout
J10457022-5594237,104.5702226814692,-55.94237218380331,4598,cluster,color,18.80703,jw04598-o001_t001_nircam_clear-f150w,jw04598-o001_t001_nircam_clear-f277w,F150W,F277W,6.04,holdout
J10462825-5596100,104.6282513630676,-55.96100158048926,4598,cluster,color,20.452301,jw04598-o001_t001_nircam_clear-f150w,jw04598-o001_t001_nircam_clear-f277w,F150W,F277W,24.419,holdout
J10465872-5595715,104.6587163694155,-55.95714579436181,4598,cluster,color,17.844795,jw04598-o001_t001_nircam_clear-f150w,jw04598-o001_t001_nircam_clear-f277w,F150W,F277W,13.746,holdout
J10466148-5596794,104.6614790947342,-55.96793623226382,4598,cluster,color,19.604847,jw04598-o001_t001_nircam_clear-f150w,jw04598-o001_t001_nircam_clear-f277w,F150W,F277W,32.202,design
J10467718-5596405,104.677176559814,-55.96405407495486,4598,cluster,color,19.559727,jw04598-o001_t001_nircam_clear-f150w,jw04598-o001_t001_nircam_clear-f277w,F150W,F277W,45.036,design
J11077070-7349692,110.7706995967835,-73.4969245628284,4043,cluster,color,20.137693,jw04043-o001_t001_nircam_clear-f115w,jw04043-o001_t001_nircam_clear-f444w,F115W,F444W,133.143,design
J11083554-7343054,110.8355391705355,-73.4305437688886,2736,cluster,color,19.272736,jw02736-o001_t001_nircam_clear-f150w,jw02736-o001_t001_nircam_clear-f277w,F150W,F277W,25.938,holdout
J12022374+3605209,120.22373677969532,36.05208805226036,5594,cluster,color,20.618174,jw05594-o025_t027_nircam_clear-f150w2,jw05594-o025_t027_nircam_clear-f322w2,F150W2,F322W2,32.698,holdout
J12022533+3605598,120.22532983946093,36.05598215358814,5594,cluster,color,19.027487,jw05594-o025_t027_nircam_clear-f150w2,jw05594-o025_t027_nircam_clear-f322w2,F150W2,F322W2,25.465,holdout
J12022720+3605500,120.22719696034858,36.0549985402738,5594,cluster,color,20.721333,jw05594-o025_t027_nircam_clear-f150w2,jw05594-o025_t027_nircam_clear-f322w2,F150W2,F322W2,20.142,holdout
J1210998-5273662,12.10997531005652,-52.73662278397516,5594,cluster,color,17.65154,jw05594-o141_t143_nircam_clear-f150w2,jw05594-o141_t143_nircam_clear-f322w2,F150W2,F322W2,700.534,holdout
J12133343+2003403,121.3334326490796,20.03403369893391,1063,blank,color,19.449747,jw01063-o160_t025_nircam_clear-f115w,jw01063-o160_t025_nircam_clear-f277w,F115W,F277W,397.582,holdout
J13513883+2089332,135.1388343681415,20.89332488296698,5594,cluster,color,18.455547,jw05594-o013_t015_nircam_clear-f150w2,jw05594-o013_t015_nircam_clear-f322w2,F150W2,F322W2,241.793,design
J13516366+2090337,135.1636608728522,20.90337076846302,5594,cluster,color,20.15388,jw05594-o013_t015_nircam_clear-f150w2,jw05594-o013_t015_nircam_clear-f322w2,F150W2,F322W2,328.8,holdout
J13516783+2090911,135.1678300941722,20.90911190866538,5594,cluster,color,18.64023,jw05594-o013_t015_nircam_clear-f150w2,jw05594-o013_t015_nircam_clear-f322w2,F150W2,F322W2,352.648,design
J13972220-8105171,139.7222038699893,-81.05171490917412,4903,cluster,color,19.367296,jw04903-o006_t002_nircam_clear-f115w,jw04903-o006_t002_nircam_clear-f277w,F115W,F277W,44.9,holdout
J14100024+789328,141.000242092062,7.893283662656462,2078,blank,color,18.727335,jw02078-o015_t019_nircam_clear-f200w,jw02078-o015_t019_nircam_clear-f356w,F200W,F356W,1904.659,holdout
J1451508+3024035,14.51507798015341,30.24034923404384,6434,blank,gray_sw_only,20.073212,jw06434-c1108_t000_nircam_clear-f200w,,F200W,,3515.861,holdout
J14520858+770413,145.2085796793069,7.70412700057248,3433,cluster,color,20.200184,jw03433-o006_t011_nircam_clear-f200w,jw03433-o006_t011_nircam_clear-f277w,F200W,F277W,130.671,design
J14521594+770083,145.2159445939148,7.70083475869839,3433,cluster,color,20.213589,jw03433-o006_t011_nircam_clear-f200w,jw03433-o006_t011_nircam_clear-f277w,F200W,F277W,135.337,design
J14896639+6964001,148.96638702487215,69.6400058830295,5145,blank,color,20.05588,jw05145-o019_t001_nircam_clear-f200w,jw05145-o019_t001_nircam_clear-f444w,F200W,F444W,1210.825,holdout
J14970259+203297,149.7025855714771,2.032970369311984,1727,cosmos,color,19.160532,jw01727-o116_t008_nircam_clear-f150w,jw01727-o116_t008_nircam_clear-f277w,F150W,F277W,76.043,holdout
J14973171+212434,149.7317124269093,2.124336016073532,1727,cosmos,color,19.968718,jw01727-o115_t007_nircam_clear-f150w,jw01727-o115_t007_nircam_clear-f277w,F150W,F277W,42.496,design
J14973252+195282,149.7325231049708,1.95281706224445,1727,cosmos,color,20.32782,jw01727-o118_t016_nircam_clear-f150w,jw01727-o118_t016_nircam_clear-f277w,F150W,F277W,72.145,holdout
J14975814+219076,149.7581442572968,2.190761411431744,1727,cosmos,color,17.263767,jw01727-o078_t006_nircam_clear-f150w,jw01727-o078_t006_nircam_clear-f277w,F150W,F277W,24.945,holdout
J14976245+218007,149.7624452656261,2.180071692986532,1727,cosmos,color,20.019386,jw01727-o078_t006_nircam_clear-f150w,jw01727-o078_t006_nircam_clear-f277w,F150W,F277W,40.079,design
J14977611+214060,149.7761098531749,2.140603238921176,1727,cosmos,color,19.956602,jw01727-o080_t014_nircam_clear-f150w,jw01727-o080_t014_nircam_clear-f277w,F150W,F277W,94.664,holdout
J14978855+213196,149.78855209902,2.131964923158809,1727,cosmos,color,19.86508,jw01727-o080_t014_nircam_clear-f150w,jw01727-o080_t014_nircam_clear-f277w,F150W,F277W,43.589,design
J14981112+225248,149.8111249628898,2.25248139462584,1727,cosmos,color,19.182505,jw01727-o079_t013_nircam_clear-f150w,jw01727-o079_t013_nircam_clear-f277w,F150W,F277W,70.958,design
J14981361+225470,149.8136095510436,2.254704704502855,1727,cosmos,color,20.388775,jw01727-o079_t013_nircam_clear-f150w,jw01727-o079_t013_nircam_clear-f277w,F150W,F277W,79.998,holdout
J1498187+2816303,14.9818681551572,28.16303094919299,6434,blank,color,18.624023,jw06434-c1103_t000_nircam_clear-f200w,jw06434-c1103_t000_nircam_clear-f356w,F200W,F356W,4518.976,holdout
J14981885+216231,149.8188477724439,2.162313205848541,1727,cosmos,color,18.41427,jw01727-o167_t022_nircam_clear-f150w,jw01727-o154_t022_nircam_clear-f277w,F150W,F277W,86.243,design
J14982608+213517,149.8260825551721,2.135172310639601,1727,cosmos,color,18.086842,jw01727-o167_t022_nircam_clear-f150w,jw01727-o154_t022_nircam_clear-f277w,F150W,F277W,89.445,holdout
J14982665+197229,149.8266473108643,1.972285059815104,1727,cosmos,color,20.710148,jw01727-o124_t040_nircam_clear-f150w,jw01727-o124_t040_nircam_clear-f277w,F150W,F277W,40.575,holdout
J14983520+227535,149.8351994381726,2.275351490452039,1727,cosmos,color,19.750208,jw01727-o079_t013_nircam_clear-f150w,jw01727-o079_t013_nircam_clear-f277w,F150W,F277W,40.844,design
J14983878+193009,149.8387757258655,1.930088564541005,1727,cosmos,color,20.201519,jw01727-o124_t040_nircam_clear-f150w,jw01727-o124_t040_nircam_clear-f277w,F150W,F277W,104.237,holdout
J14984085+216705,149.8408522608635,2.167045080984421,1727,cosmos,color,20.200027,jw01727-o167_t022_nircam_clear-f150w,jw01727-o154_t022_nircam_clear-f277w,F150W,F277W,78.509,holdout
J14984240+230058,149.8423987719129,2.300581463980873,1727,cosmos,color,18.167583,jw01727-o079_t013_nircam_clear-f150w,jw01727-o079_t013_nircam_clear-f277w,F150W,F277W,10.084,holdout
J14984340+214760,149.8434026291868,2.147604256749717,1727,cosmos,color,19.287003,jw01727-o167_t022_nircam_clear-f150w,jw01727-o154_t022_nircam_clear-f277w,F150W,F277W,34.232,holdout
J14984710+228738,149.8471005989674,2.287377687600501,1727,cosmos,color,20.233942,jw01727-o079_t013_nircam_clear-f150w,jw01727-o079_t013_nircam_clear-f277w,F150W,F277W,42.304,design
J14984732+220417,149.8473191901302,2.204168640761027,1727,cosmos,color,19.676783,jw01727-o167_t022_nircam_clear-f150w,jw01727-o154_t022_nircam_clear-f277w,F150W,F277W,90.754,design
J14985077+226112,149.8507676102732,2.261121567991752,1727,cosmos,color,20.518845,jw01727-o081_t021_nircam_clear-f150w,jw01727-o081_t021_nircam_clear-f277w,F150W,F277W,53.631,holdout
J14985991+214875,149.8599081362148,2.148750209869094,1727,cosmos,color,17.460266,jw01727-o084_t030_nircam_clear-f150w,jw01727-o084_t030_nircam_clear-f277w,F150W,F277W,25.394,design
J14986666+227442,149.8666553880481,2.274415337738866,1727,cosmos,color,19.132954,jw01727-o081_t021_nircam_clear-f150w,jw01727-o081_t021_nircam_clear-f277w,F150W,F277W,69.471,holdout
J14986686+205175,149.8668582414039,2.051750210838554,1727,cosmos,color,20.35671,jw01727-o123_t039_nircam_clear-f150w,jw01727-o123_t039_nircam_clear-f277w,F150W,F277W,15.78,design
J14987021+233510,149.8702105163908,2.335099139871736,1727,cosmos,color,20.131172,jw01727-o042_t012_nircam_clear-f150w,jw01727-o042_t012_nircam_clear-f277w,F150W,F277W,33.886,design
J14987287+226147,149.8728711907963,2.261467091134952,1727,cosmos,color,19.552795,jw01727-o081_t021_nircam_clear-f150w,jw01727-o081_t021_nircam_clear-f277w,F150W,F277W,104.915,design
J14987321+252754,149.8732143048148,2.527539589303911,1727,cosmos,color,19.982359,jw01727-o158_t002_nircam_clear-f150w,jw01727-o158_t002_nircam_clear-f277w,F150W,F277W,82.098,holdout
J14988080+222858,149.8808002427615,2.228579699375302,1727,cosmos,color,20.236343,jw01727-o155_t029_nircam_clear-f150w,jw01727-o157_t029_nircam_clear-f277w,F150W,F277W,21.586,holdout
J14988264+244832,149.882637074026,2.44831819429719,1727,cosmos,color,18.229279,jw01727-o041_t011_nircam_clear-f150w,jw01727-o041_t011_nircam_clear-f277w,F150W,F277W,90.742,design
J14988278+213247,149.882775133458,2.132469564755038,1727,cosmos,color,20.377872,jw01727-o086_t038_nircam_clear-f150w,jw01727-o086_t038_nircam_clear-f277w,F150W,F277W,41.686,holdout
J14990021+189664,149.9002100673891,1.896643143694443,1727,cosmos,color,16.745296,jw01727-o128_t056_nircam_clear-f150w,jw01727-o128_t056_nircam_clear-f277w,F150W,F277W,104.639,holdout
J14990055+189878,149.9005524096822,1.898782731433911,1727,cosmos,color,20.131657,jw01727-o128_t056_nircam_clear-f150w,jw01727-o128_t056_nircam_clear-f277w,F150W,F277W,106.115,holdout
J14990337+243896,149.9033701883425,2.438960300223301,1727,cosmos,color,20.054544,jw01727-o041_t011_nircam_clear-f150w,jw01727-o041_t011_nircam_clear-f277w,F150W,F277W,64.135,holdout
J14990528+219896,149.9052791424438,2.198958279416955,1727,cosmos,color,20.352062,jw01727-o085_t037_nircam_clear-f150w,jw01727-o085_t037_nircam_clear-f277w,F150W,F277W,86.043,holdout
J14990594+244729,149.9059373458015,2.447293821540228,1727,cosmos,color,19.878748,jw01727-o041_t011_nircam_clear-f150w,jw01727-o041_t011_nircam_clear-f277w,F150W,F277W,53.97,holdout
J14991009+190700,149.9100887120301,1.907004666104146,1727,cosmos,color,20.91652,jw01727-o128_t056_nircam_clear-f150w,jw01727-o128_t056_nircam_clear-f277w,F150W,F277W,132.512,holdout
J14991013+214969,149.9101256505312,2.149687195870414,1727,cosmos,color,18.456802,jw01727-o086_t038_nircam_clear-f150w,jw01727-o086_t038_nircam_clear-f277w,F150W,F277W,77.132,design
J14991344+235137,149.9134404406213,2.351369095419455,1727,cosmos,color,20.559464,jw01727-o044_t020_nircam_clear-f150w,jw01727-o044_t020_nircam_clear-f277w,F150W,F277W,35.924,design
J14991450+209996,149.9145002245963,2.099958115660124,1727,cosmos,color,19.823774,jw01727-o088_t046_nircam_clear-f150w,jw01727-o088_t046_nircam_clear-f277w,F150W,F277W,37.382,design
J14992085+203121,149.9208547697883,2.031205195726554,1727,cosmos,color,19.271902,jw01727-o127_t055_nircam_clear-f150w,jw01727-o127_t055_nircam_clear-f277w,F150W,F277W,68.355,design
J14993830+257757,149.9382962664086,2.577569704538573,1727,cosmos,color,17.04935,jw01727-o004_t010_nircam_clear-f150w,jw01727-o004_t010_nircam_clear-f277w,F150W,F277W,38.864,holdout
J14993908+263097,149.9390778302564,2.630971910857665,1727,cosmos,color,19.938797,jw01727-o001_t001_nircam_clear-f150w,jw01727-o001_t001_nircam_clear-f277w,F150W,F277W,35.792,holdout
J14994298+260066,149.9429765832136,2.600663364316361,1727,cosmos,color,19.395145,jw01727-o003_t009_nircam_clear-f150w,jw01727-o003_t009_nircam_clear-f277w,F150W,F277W,27.018,holdout
J14994519+248568,149.9451941899308,2.485675316221953,1727,cosmos,color,20.594738,jw01727-o006_t018_nircam_clear-f150w,jw01727-o006_t018_nircam_clear-f277w,F150W,F277W,23.485,design
J14994839+193216,149.9483946518299,1.932157960836161,1727,cosmos,color,19.559334,jw01727-o130_t064_nircam_clear-f150w,jw01727-o130_t064_nircam_clear-f277w,F150W,F277W,19.432,design
J14995663+224591,149.9566343082401,2.24590589644762,1727,cosmos,color,20.793348,jw01727-o085_t037_nircam_clear-f150w,jw01727-o085_t037_nircam_clear-f277w,F150W,F277W,56.173,holdout
J14996767+261863,149.9676686594262,2.618633380698035,1727,cosmos,color,19.354433,jw01727-o003_t009_nircam_clear-f150w,jw01727-o003_t009_nircam_clear-f277w,F150W,F277W,17.416,holdout
J14996770+209525,149.9676992902101,2.095254911893142,1727,cosmos,color,20.141426,jw01727-o090_t054_nircam_clear-f150w,jw01727-o090_t054_nircam_clear-f277w,F150W,F277W,36.628,holdout
J14997011+229135,149.9701097915699,2.291345119382942,1727,cosmos,color,19.529072,jw01727-o048_t036_nircam_clear-f150w,jw01727-o048_t036_nircam_clear-f277w,F150W,F277W,40.717,design
J14997046+193062,149.9704614799516,1.93061513239809,1727,cosmos,color,19.667105,jw01727-o132_t072_nircam_clear-f150w,jw01727-o132_t072_nircam_clear-f277w,F150W,F277W,44.898,design
J14997157+259501,149.9715685929738,2.595009922355654,1727,cosmos,color,20.129238,jw01727-o005_t017_nircam_clear-f150w,jw01727-o005_t017_nircam_clear-f277w,F150W,F277W,62.372,holdout
J14997523+257803,149.9752341879716,2.578026560067999,1727,cosmos,color,18.211224,jw01727-o005_t017_nircam_clear-f150w,jw01727-o005_t017_nircam_clear-f277w,F150W,F277W,52.721,design
J14997784+264114,149.9778386792819,2.641144602356764,1727,cosmos,color,20.697487,jw01727-o003_t009_nircam_clear-f150w,jw01727-o003_t009_nircam_clear-f277w,F150W,F277W,52.556,design
J14997870+245651,149.9786981585218,2.456505610212961,1727,cosmos,color,18.987736,jw01727-o045_t027_nircam_clear-f150w,jw01727-o045_t027_nircam_clear-f277w,F150W,F277W,99.016,holdout
J14998627+241542,149.9862704887293,2.415417666660038,1727,cosmos,color,20.109814,jw01727-o047_t035_nircam_clear-f150w,jw01727-o047_t035_nircam_clear-f277w,F150W,F277W,44.398,design
J14998771+249559,149.9877127908761,2.49558537933852,1727,cosmos,color,20.219744,jw01727-o008_t026_nircam_clear-f150w,jw01727-o008_t026_nircam_clear-f277w,F150W,F277W,43.381,holdout
J14999361+225854,149.9936111580678,2.258543554949024,1727,cosmos,color,20.747782,jw01727-o050_t044_nircam_clear-f150w,jw01727-o050_t044_nircam_clear-f277w,F150W,F277W,56.607,design
J14999589+191290,149.995891236779,1.912902245350935,1727,cosmos,color,18.720016,jw01727-o134_t080_nircam_clear-f150w,jw01727-o134_t080_nircam_clear-f277w,F150W,F277W,64.845,holdout
J14999601+247326,149.9960076544223,2.473261539701591,1727,cosmos,color,18.71551,jw01727-o008_t026_nircam_clear-f150w,jw01727-o008_t026_nircam_clear-f277w,F150W,F277W,56.91,holdout
J14999665+259245,149.996652285886,2.59244631569015,1727,cosmos,color,19.015982,jw01727-o005_t017_nircam_clear-f150w,jw01727-o005_t017_nircam_clear-f277w,F150W,F277W,12.951,holdout
J14999692+249620,149.9969201013255,2.496201917703266,1727,cosmos,color,19.946537,jw01727-o008_t026_nircam_clear-f150w,jw01727-o008_t026_nircam_clear-f277w,F150W,F277W,62.92,design
J15000072+216107,150.0007233378562,2.161071245565164,1727,cosmos,color,20.588802,jw01727-o089_t053_nircam_clear-f150w,jw01727-o089_t053_nircam_clear-f277w,F150W,F277W,22.119,design
J15000086+191067,150.000857345158,1.910669395980312,1727,cosmos,color,20.692324,jw01727-o134_t080_nircam_clear-f150w,jw01727-o134_t080_nircam_clear-f277w,F150W,F277W,84.316,design
J15000331+240754,150.0033101311021,2.407535048876055,1727,cosmos,color,19.20595,jw01727-o047_t035_nircam_clear-f150w,jw01727-o047_t035_nircam_clear-f277w,F150W,F277W,59.88,design
J15000332+191727,150.0033198194514,1.917265644735639,1727,cosmos,color,18.48981,jw01727-o134_t080_nircam_clear-f150w,jw01727-o134_t080_nircam_clear-f277w,F150W,F277W,84.005,design
J15000432+225070,150.0043202120102,2.250700084791008,1727,cosmos,color,18.841412,jw01727-o162_t052_nircam_clear-f150w,jw01727-o162_t052_nircam_clear-f277w,F150W,F277W,9.04,holdout
J15000506+214101,150.0050564771688,2.141011606332023,1727,cosmos,color,20.780005,jw01727-o092_t062_nircam_clear-f150w,jw01727-o092_t062_nircam_clear-f277w,F150W,F277W,32.376,holdout
J15000891+230762,150.00890857019,2.307623297440623,1727,cosmos,color,20.208271,jw01727-o050_t044_nircam_clear-f150w,jw01727-o050_t044_nircam_clear-f277w,F150W,F277W,93.288,holdout
J15000905+227496,150.0090450488475,2.274964200158805,1727,cosmos,color,20.109709,jw01727-o162_t052_nircam_clear-f150w,jw05893-o010_t010_nircam_clear-f356w,F150W,F356W,94.852,holdout
J15001125+215662,150.0112504141083,2.156619507094796,1727,cosmos,color,20.701748,jw01727-o091_t061_nircam_clear-f150w,jw01727-o091_t061_nircam_clear-f277w,F150W,F277W,8.804,design
J15001548+244074,150.0154797361419,2.440737316340347,1727,cosmos,color,20.601643,jw01727-o047_t035_nircam_clear-f150w,jw01727-o047_t035_nircam_clear-f277w,F150W,F277W,19.615,design
J15001815+243074,150.0181499784716,2.430740430283597,1727,cosmos,color,17.407978,jw01727-o047_t035_nircam_clear-f150w,jw01727-o047_t035_nircam_clear-f277w,F150W,F277W,50.73,design
J15002139+203715,150.0213873263837,2.037152334945396,1727,cosmos,color,20.97245,jw01727-o131_t071_nircam_clear-f150w,jw01727-o131_t071_nircam_clear-f277w,F150W,F277W,102.618,holdout
J15002264+250804,150.022644493591,2.508043311162618,1727,cosmos,color,20.537872,jw01727-o010_t034_nircam_clear-f150w,jw01727-o010_t034_nircam_clear-f277w,F150W,F277W,120.522,holdout
J15002769+241017,150.0276928647571,2.410172613007187,1727,cosmos,color,19.42204,jw01727-o049_t043_nircam_clear-f150w,jw01727-o049_t043_nircam_clear-f277w,F150W,F277W,49.317,design
J15002774+237388,150.0277358426142,2.373877636613189,1727,cosmos,color,17.374928,jw01727-o049_t043_nircam_clear-f150w,jw01727-o049_t043_nircam_clear-f277w,F150W,F277W,69.049,holdout
J15002786+184090,150.0278603317689,1.840896808053142,1727,cosmos,color,19.23633,jw01727-o136_t088_nircam_clear-f150w,jw01727-o136_t088_nircam_clear-f277w,F150W,F277W,133.616,design
J15003334+244894,150.0333441883284,2.448935469175391,1727,cosmos,color,18.87704,jw01727-o012_t042_nircam_clear-f150w,jw01727-o012_t042_nircam_clear-f277w,F150W,F277W,53.3,design
J15003576+226164,150.0357620114859,2.261643320861558,1727,cosmos,color,20.346138,jw01727-o162_t052_nircam_clear-f150w,jw01727-o162_t052_nircam_clear-f277w,F150W,F277W,116.752,holdout
J15003725+244542,150.0372539981247,2.445420961533534,1727,cosmos,color,19.52161,jw01727-o012_t042_nircam_clear-f150w,jw01727-o012_t042_nircam_clear-f277w,F150W,F277W,45.834,holdout
J15003928+242850,150.0392790545849,2.428499508997853,1727,cosmos,color,19.48179,jw01727-o049_t043_nircam_clear-f150w,jw01727-o049_t043_nircam_clear-f277w,F150W,F277W,22.372,design
J15004294+191457,150.042941745567,1.914568505958485,1727,cosmos,color,19.122803,jw01727-o136_t088_nircam_clear-f150w,jw01727-o136_t088_nircam_clear-f277w,F150W,F277W,132.392,design
J15004366+254934,150.043656935905,2.549335118877108,1727,cosmos,color,20.398962,jw01727-o009_t033_nircam_clear-f150w,jw01727-o009_t033_nircam_clear-f277w,F150W,F277W,59.753,design
J15004401+226637,150.0440080195558,2.266372617496303,1727,cosmos,color,20.08817,jw01727-o054_t060_nircam_clear-f150w,jw01727-o054_t060_nircam_clear-f277w,F150W,F277W,121.159,design
J15004880+251632,150.04880083915,2.516317879935355,1727,cosmos,color,20.132475,jw01727-o010_t034_nircam_clear-f150w,jw01727-o010_t034_nircam_clear-f277w,F150W,F277W,72.035,design
J15006760+258633,150.0675987548056,2.586325137158513,1727,cosmos,color,19.319786,jw01727-o009_t033_nircam_clear-f150w,jw01727-o009_t033_nircam_clear-f277w,F150W,F277W,63.174,holdout
J15007584+220335,150.0758396754738,2.203352856696267,1727,cosmos,color,17.538916,jw01727-o093_t069_nircam_clear-f150w,jw01837-o003_t003_nircam_clear-f277w,F150W,F277W,60.023,design
J15008614+253138,150.0861405142442,2.531380279779448,1727,cosmos,color,20.794537,jw01727-o011_t041_nircam_clear-f150w,jw01727-o011_t041_nircam_clear-f277w,F150W,F277W,59.516,holdout
J15009112+248272,150.0911223990346,2.482720293518642,1727,cosmos,color,20.74013,jw01727-o014_t050_nircam_clear-f150w,jw01727-o014_t050_nircam_clear-f277w,F150W,F277W,87.371,design
J15009157+193091,150.0915740170636,1.930909846120583,1727,cosmos,color,18.664263,jw01727-o137_t095_nircam_clear-f150w,jw01727-o137_t095_nircam_clear-f277w,F150W,F277W,139.293,design
J15009204+190690,150.0920428490376,1.906903839767832,1727,cosmos,color,20.982695,jw01727-o138_t096_nircam_clear-f150w,jw01727-o138_t096_nircam_clear-f277w,F150W,F277W,57.731,design
J15009426+213932,150.0942646108919,2.139320788328195,1727,cosmos,color,18.436941,jw01727-o156_t077_nircam_clear-f150w,jw01727-o156_t077_nircam_clear-f277w,F150W,F277W,55.461,design
J15009508+219374,150.0950792827728,2.193738908660982,1727,cosmos,color,19.994589,jw01727-o156_t077_nircam_clear-f150w,jw01837-o003_t003_nircam_clear-f277w,F150W,F277W,34.545,design
J15010031+245649,150.1003135160075,2.456488481450111,1727,cosmos,color,19.923317,jw01727-o014_t050_nircam_clear-f150w,jw01837-o004_t004_nircam_clear-f277w,F150W,F277W,114.986,design
J15010092+257270,150.1009168956143,2.57269782339558,1727,cosmos,color,20.513052,jw01727-o011_t041_nircam_clear-f150w,jw01727-o011_t041_nircam_clear-f277w,F150W,F277W,79.759,design
J15010739+198576,150.1073854412899,1.985756814381851,1727,cosmos,color,19.400818,jw01727-o137_t095_nircam_clear-f150w,jw01727-o137_t095_nircam_clear-f277w,F150W,F277W,74.541,design
J15011758+255892,150.1175798016885,2.558924886476844,1727,cosmos,color,20.523087,jw01727-o013_t049_nircam_clear-f150w,jw01727-o013_t049_nircam_clear-f277w,F150W,F277W,55.158,holdout
J15012035+205020,150.1203506732118,2.05020021932702,1727,cosmos,color,20.184742,jw01727-o100_t094_nircam_clear-f150w,jw01727-o100_t094_nircam_clear-f277w,F150W,F277W,59.474,holdout
J15013236+185399,150.1323567642748,1.853986442174444,1727,cosmos,color,19.645689,jw01727-o142_t112_nircam_clear-f150w,jw01727-o142_t112_nircam_clear-f277w,F150W,F277W,40.736,holdout
J15013486+205615,150.134859015268,2.056147228712318,1727,cosmos,color,19.258862,jw01727-o100_t094_nircam_clear-f150w,jw01727-o100_t094_nircam_clear-f277w,F150W,F277W,45.437,design
J15014324+260270,150.1432350080999,2.60270423327258,1727,cosmos,color,19.454046,jw01727-o013_t049_nircam_clear-f150w,jw01727-o013_t049_nircam_clear-f277w,F150W,F277W,92.463,design
J15015821+189096,150.1582092504898,1.890962866952931,1727,cosmos,color,19.55975,jw01727-o141_t111_nircam_clear-f150w,jw01727-o141_t111_nircam_clear-f277w,F150W,F277W,70.65,design
J15016855+178503,150.1685517836465,1.785027758930714,1727,cosmos,color,19.74579,jw01727-o144_t120_nircam_clear-f150w,jw01727-o144_t120_nircam_clear-f277w,F150W,F277W,74.431,design
J15017052+182964,150.1705248184255,1.82964255473709,1727,cosmos,color,20.543991,jw01727-o144_t120_nircam_clear-f150w,jw01727-o144_t120_nircam_clear-f277w,F150W,F277W,69.224,design
J15017886+200904,150.1788601329395,2.009043698309506,1727,cosmos,color,18.315342,jw01727-o102_t102_nircam_clear-f150w,jw01727-o102_t102_nircam_clear-f277w,F150W,F277W,76.738,holdout
J15019508+177351,150.1950796845636,1.773509500352509,1727,cosmos,color,19.49839,jw01727-o146_t128_nircam_clear-f150w,jw01727-o146_t128_nircam_clear-f277w,F150W,F277W,52.204,holdout
J15019947+214799,150.1994684085828,2.147985449944611,1727,cosmos,color,20.837774,jw01727-o101_t101_nircam_clear-f150w,jw01727-o101_t101_nircam_clear-f277w,F150W,F277W,131.985,holdout
J15020999+233033,150.2099883732107,2.330334133183101,1727,cosmos,color,20.360092,jw01727-o059_t083_nircam_clear-f150w,jw01727-o059_t083_nircam_clear-f277w,F150W,F277W,15.857,holdout
J15021036+181648,150.2103566777988,1.816479972830119,1727,cosmos,color,20.688498,jw01727-o146_t128_nircam_clear-f150w,jw01727-o146_t128_nircam_clear-f277w,F150W,F277W,28.571,holdout
J15021143+206291,150.2114348026915,2.062911083953135,1727,cosmos,color,19.548637,jw01727-o104_t110_nircam_clear-f150w,jw01727-o104_t110_nircam_clear-f277w,F150W,F277W,10.553,holdout
J15021176+206835,150.2117561386652,2.068345137657415,1727,cosmos,color,19.276964,jw01727-o104_t110_nircam_clear-f150w,jw01727-o104_t110_nircam_clear-f277w,F150W,F277W,8.137,holdout
J15021434+238041,150.2143392920632,2.380408373679443,1727,cosmos,color,19.013071,jw01727-o161_t082_nircam_clear-f150w,jw01727-o161_t082_nircam_clear-f277w,F150W,F277W,83.599,design
J15021591+259018,150.2159125445341,2.590179031638645,4265,blank,color,20.886158,jw04265-o003_t001_nircam_clear-f200w,jw04265-o003_t001_nircam_clear-f356w,F200W,F356W,185.704,design
J15021912+240750,150.2191174582856,2.407504446431797,1727,cosmos,color,17.085804,jw01727-o161_t082_nircam_clear-f150w,jw01727-o161_t082_nircam_clear-f277w,F150W,F277W,114.875,holdout
J15022286+228385,150.222858412939,2.283846592179569,1727,cosmos,color,20.335663,jw01727-o061_t091_nircam_clear-f150w,jw01727-o061_t091_nircam_clear-f277w,F150W,F277W,144.117,design
J15022668+233120,150.2266832979719,2.331200226194484,1727,cosmos,color,20.504087,jw01727-o061_t091_nircam_clear-f150w,jw01727-o061_t091_nircam_clear-f277w,F150W,F277W,31.925,holdout
J15023235+220569,150.2323521514595,2.205689158606405,1727,cosmos,color,20.254074,jw01727-o064_t100_nircam_clear-f150w,jw01727-o064_t100_nircam_clear-f277w,F150W,F277W,15.069,design
J15023349+185115,150.2334945054441,1.851148547619187,1727,cosmos,color,20.504112,jw01727-o146_t128_nircam_clear-f150w,jw01727-o146_t128_nircam_clear-f277w,F150W,F277W,29.716,design
J15023508+219868,150.2350797510226,2.198684461316488,1727,cosmos,color,20.438425,jw01727-o064_t100_nircam_clear-f150w,jw01727-o064_t100_nircam_clear-f277w,F150W,F277W,31.023,holdout
J15023990+256277,150.2398959925857,2.562769577309794,1727,cosmos,color,17.16645,jw01727-o160_t073_nircam_clear-f150w,jw01727-o019_t073_nircam_clear-f277w,F150W,F277W,72.106,holdout
J15024474+236434,150.2447437563339,2.364338729979391,1727,cosmos,color,20.08831,jw01727-o061_t091_nircam_clear-f150w,jw01727-o061_t091_nircam_clear-f277w,F150W,F277W,54.905,design
J15024530+184805,150.2453021971214,1.848049317756036,1727,cosmos,color,17.524603,jw01727-o148_t136_nircam_clear-f150w,jw01727-o148_t136_nircam_clear-f277w,F150W,F277W,14.21,design
J15024531+206026,150.2453070010537,2.060257792503338,1727,cosmos,color,20.563982,jw01727-o105_t117_nircam_clear-f150w,jw01727-o105_t117_nircam_clear-f277w,F150W,F277W,53.889,holdout
J15024826+251319,150.248258133034,2.513186662363179,1727,cosmos,color,19.967161,jw01727-o160_t073_nircam_clear-f150w,jw01727-o160_t073_nircam_clear-f444w,F150W,F444W,132.983,design
J15025376+189703,150.2537646414142,1.897032824579,1727,cosmos,color,20.339586,jw01727-o145_t127_nircam_clear-f150w,jw01727-o145_t127_nircam_clear-f277w,F150W,F277W,31.457,holdout
J15025386+227732,150.2538604993477,2.277317079517172,1727,cosmos,color,18.877562,jw01727-o063_t099_nircam_clear-f150w,jw01727-o063_t099_nircam_clear-f277w,F150W,F277W,49.725,design
J15025415+193037,150.2541463395863,1.930373550062945,1727,cosmos,color,20.537209,jw01727-o145_t127_nircam_clear-f150w,jw01727-o145_t127_nircam_clear-f277w,F150W,F277W,59.484,holdout
J15026559+192591,150.2655890994439,1.925906229098768,1727,cosmos,color,18.11004,jw01727-o145_t127_nircam_clear-f150w,jw01727-o145_t127_nircam_clear-f277w,F150W,F277W,23.641,holdout
J15026619+228717,150.2661920590186,2.287169111759068,1727,cosmos,color,17.32532,jw01727-o063_t099_nircam_clear-f150w,jw01727-o063_t099_nircam_clear-f277w,F150W,F277W,63.266,design
J15027737+204678,150.2773669360517,2.046780374241636,1727,cosmos,color,19.69055,jw01727-o108_t126_nircam_clear-f150w,jw01727-o108_t126_nircam_clear-f277w,F150W,F277W,69.162,design
J15028212+201630,150.2821182012172,2.016296018160589,1727,cosmos,color,19.901342,jw01727-o108_t126_nircam_clear-f150w,jw01727-o108_t126_nircam_clear-f277w,F150W,F277W,59.954,holdout
J15028463+227882,150.2846348040771,2.278815072262499,1727,cosmos,color,16.544561,jw01727-o065_t107_nircam_clear-f150w,jw01727-o065_t107_nircam_clear-f277w,F150W,F277W,76.914,design
J15028800+227695,150.2879978756222,2.276947877163261,1727,cosmos,color,17.182384,jw01727-o065_t107_nircam_clear-f150w,jw01727-o065_t107_nircam_clear-f277w,F150W,F277W,85.684,holdout
J15028876+239133,150.2887575088791,2.39132984097737,1727,cosmos,color,18.8265,jw01727-o026_t098_nircam_clear-f150w,jw01727-o026_t098_nircam_clear-f277w,F150W,F277W,44.759,design
J15029132+241079,150.2913160118244,2.41079259082383,1727,cosmos,color,19.9862,jw01727-o026_t098_nircam_clear-f150w,jw01727-o026_t098_nircam_clear-f277w,F150W,F277W,77.276,holdout
J15029192+245172,150.2919178977434,2.451717536285566,1727,cosmos,color,19.2901,jw01727-o024_t090_nircam_clear-f150w,jw01727-o024_t090_nircam_clear-f277w,F150W,F277W,46.393,holdout
J15029465+248871,150.2946468362663,2.488705542286888,1727,cosmos,color,20.854986,jw01727-o023_t089_nircam_clear-f150w,jw01727-o023_t089_nircam_clear-f277w,F150W,F277W,18.38,design
J15030429+233435,150.3042918768226,2.334347619982081,1727,cosmos,color,19.36822,jw01727-o065_t107_nircam_clear-f150w,jw01727-o065_t107_nircam_clear-f277w,F150W,F277W,87.252,design
J15030823+213392,150.3082290648723,2.133924931301893,1727,cosmos,color,20.007477,jw01727-o107_t125_nircam_clear-f150w,jw01727-o107_t125_nircam_clear-f277w,F150W,F277W,148.396,holdout
J15031057+243121,150.310566728284,2.431213774908657,1727,cosmos,color,20.682096,jw01727-o026_t098_nircam_clear-f150w,jw01727-o026_t098_nircam_clear-f277w,F150W,F277W,23.736,holdout
J15031078+252823,150.3107759561397,2.528233723465312,1727,cosmos,color,20.433613,jw01727-o023_t089_nircam_clear-f150w,jw01727-o023_t089_nircam_clear-f277w,F150W,F277W,20.885,design
J15031246+209254,150.3124587337582,2.092538676761448,1727,cosmos,color,18.883656,jw01727-o107_t125_nircam_clear-f150w,jw01727-o107_t125_nircam_clear-f277w,F150W,F277W,77.614,holdout
J15031280+200903,150.3128013192584,2.009028039862431,1727,cosmos,color,18.406229,jw01727-o110_t134_nircam_clear-f150w,jw01727-o110_t134_nircam_clear-f277w,F150W,F277W,17.385,design
J15031714+252191,150.3171417705544,2.521907567761369,1727,cosmos,color,20.757072,jw01727-o023_t089_nircam_clear-f150w,jw01727-o023_t089_nircam_clear-f277w,F150W,F277W,13.396,design
J15032015+222358,150.3201453574514,2.223581742456385,1727,cosmos,color,20.888927,jw01727-o164_t116_nircam_clear-f150w,jw01727-o164_t116_nircam_clear-f277w,F150W,F277W,200.741,design
J15032370+221079,150.3237029978364,2.21079219221594,1727,cosmos,color,19.878574,jw01727-o164_t116_nircam_clear-f150w,jw01727-o164_t116_nircam_clear-f277w,F150W,F277W,182.426,holdout
J15032903+249185,150.3290301310051,2.491849351073212,1727,cosmos,color,19.813751,jw01727-o025_t097_nircam_clear-f150w,jw01727-o025_t097_nircam_clear-f277w,F150W,F277W,96.45,holdout
J15033062+242443,150.3306213873944,2.424429059282816,1727,cosmos,color,20.36811,jw01727-o026_t098_nircam_clear-f150w,jw01727-o026_t098_nircam_clear-f277w,F150W,F277W,32.512,design
J15033658+232223,150.3365845897091,2.322225476506166,1727,cosmos,color,19.039139,jw01727-o065_t107_nircam_clear-f150w,jw01727-o065_t107_nircam_clear-f277w,F150W,F277W,57.345,holdout
J15033735+241243,150.3373468943281,2.412433301055482,1727,cosmos,color,18.827324,jw01727-o028_t106_nircam_clear-f150w,jw01727-o028_t106_nircam_clear-f277w,F150W,F277W,15.136,design
J15033790+250887,150.3378997688893,2.508867248047593,1727,cosmos,color,19.818447,jw01727-o025_t097_nircam_clear-f150w,jw01727-o025_t097_nircam_clear-f277w,F150W,F277W,96.414,design
J15034829+240466,150.3482869960238,2.404663627221811,1727,cosmos,color,18.097855,jw01727-o028_t106_nircam_clear-f150w,jw01727-o028_t106_nircam_clear-f277w,F150W,F277W,43.569,holdout
J15035452+199269,150.3545202278301,1.992689752172167,1727,cosmos,color,20.069328,jw01727-o112_t142_nircam_clear-f150w,jw01727-o112_t142_nircam_clear-f277w,F150W,F277W,45.146,holdout
J15035707+224418,150.3570748516422,2.24417798765097,1727,cosmos,color,20.064478,jw01727-o069_t123_nircam_clear-f150w,jw01727-o069_t123_nircam_clear-f277w,F150W,F277W,107.193,holdout
J15036067+198798,150.3606689547383,1.987983152477597,1727,cosmos,color,17.344408,jw01727-o112_t142_nircam_clear-f150w,jw01727-o112_t142_nircam_clear-f277w,F150W,F277W,46.24,design
J15037164+191384,150.3716409345765,1.913843615744695,1727,cosmos,color,20.31123,jw01727-o114_t150_nircam_clear-f150w,jw01727-o114_t150_nircam_clear-f277w,F150W,F277W,121.23,holdout
J15037418+217704,150.3741791321928,2.177037843062986,1727,cosmos,color,19.551327,jw01727-o072_t132_nircam_clear-f150w,jw01727-o072_t132_nircam_clear-f277w,F150W,F277W,139.935,holdout
J15037538+244169,150.3753795969355,2.441687331133882,1727,cosmos,color,20.278513,jw01727-o027_t105_nircam_clear-f150w,jw01727-o027_t105_nircam_clear-f277w,F150W,F277W,40.118,design
J15037978+249019,150.3797782179418,2.490187999971611,1727,cosmos,color,18.33528,jw01727-o027_t105_nircam_clear-f150w,jw01727-o027_t105_nircam_clear-f277w,F150W,F277W,81.582,holdout
J15038166+223462,150.3816550302047,2.23461926904375,1727,cosmos,color,18.591946,jw01727-o165_t131_nircam_clear-f150w,jw05893-o016_t016_nircam_clear-f356w,F150W,F356W,52.929,design
J15038208+191201,150.3820784110562,1.912013279567915,1727,cosmos,color,20.777407,jw01727-o114_t150_nircam_clear-f150w,jw01727-o114_t150_nircam_clear-f277w,F150W,F277W,155.325,design
J15038453+194464,150.3845342664891,1.944641700722011,1727,cosmos,color,19.07577,jw01727-o114_t150_nircam_clear-f150w,jw01727-o114_t150_nircam_clear-f277w,F150W,F277W,68.882,holdout
J15038569+198996,150.3856911937483,1.989958445500546,1727,cosmos,color,20.778614,jw01727-o114_t150_nircam_clear-f150w,jw01727-o114_t150_nircam_clear-f277w,F150W,F277W,96.539,holdout
J15039154+206131,150.3915435020002,2.061305037898375,1727,cosmos,color,19.1793,jw01727-o111_t141_nircam_clear-f150w,jw01727-o111_t141_nircam_clear-f277w,F150W,F277W,20.355,holdout
J15039169+231652,150.3916899199596,2.316521572737812,1727,cosmos,color,19.4679,jw01727-o032_t122_nircam_clear-f150w,jw01727-o032_t122_nircam_clear-f277w,F150W,F277W,51.858,design
J15039470+206832,150.394700555355,2.068317071449354,1727,cosmos,color,19.099083,jw01727-o111_t141_nircam_clear-f150w,jw01727-o111_t141_nircam_clear-f277w,F150W,F277W,38.864,design
J15039518+200815,150.3951818232428,2.008147081961283,1727,cosmos,color,20.404942,jw01727-o113_t149_nircam_clear-f150w,jw01727-o113_t149_nircam_clear-f277w,F150W,F277W,80.078,design
J15040032+211637,150.4003175636925,2.116366293938728,1727,cosmos,color,18.724934,jw01727-o074_t140_nircam_clear-f150w,jw01727-o074_t140_nircam_clear-f277w,F150W,F277W,75.602,holdout
J15040193+244503,150.4019273653229,2.445031865114629,1727,cosmos,color,16.458456,jw01727-o029_t113_nircam_clear-f150w,jw01727-o029_t113_nircam_clear-f277w,F150W,F277W,59.311,holdout
J15040299+237880,150.4029851783574,2.378804189351795,1727,cosmos,color,19.4354,jw01727-o032_t122_nircam_clear-f150w,jw01727-o032_t122_nircam_clear-f277w,F150W,F277W,31.825,holdout
J15040993+238226,150.4099289148516,2.382258505576777,1727,cosmos,color,20.163788,jw01727-o032_t122_nircam_clear-f150w,jw01727-o032_t122_nircam_clear-f277w,F150W,F277W,30.351,holdout
J15041007+245339,150.4100664043561,2.453393915351374,1727,cosmos,color,17.778498,jw01727-o029_t113_nircam_clear-f150w,jw01727-o029_t113_nircam_clear-f277w,F150W,F277W,54.932,holdout
J15042176+241477,150.42176010903,2.414767449824542,1727,cosmos,color,20.579702,jw01727-o031_t121_nircam_clear-f150w,jw01727-o031_t121_nircam_clear-f277w,F150W,F277W,135.634,design
J15042265+240722,150.4226545472316,2.407215928954309,1727,cosmos,color,18.29868,jw01727-o031_t121_nircam_clear-f150w,jw01727-o031_t121_nircam_clear-f277w,F150W,F277W,117.002,design
J15042277+241724,150.4227711906089,2.4172380502667,1727,cosmos,color,18.450783,jw01727-o031_t121_nircam_clear-f150w,jw01727-o031_t121_nircam_clear-f277w,F150W,F277W,138.952,design
J15042536+212919,150.4253619845096,2.129188816432356,1727,cosmos,color,20.06308,jw01727-o076_t148_nircam_clear-f150w,jw01727-o076_t148_nircam_clear-f277w,F150W,F277W,75.313,holdout
J15045062+241999,150.4506238907781,2.419994904138239,1727,cosmos,color,20.867704,jw01727-o033_t129_nircam_clear-f150w,jw01727-o033_t129_nircam_clear-f277w,F150W,F277W,72.243,design
J15045900+217094,150.4589993843115,2.170941871590612,1727,cosmos,color,20.225327,jw01727-o076_t148_nircam_clear-f150w,jw01727-o076_t148_nircam_clear-f277w,F150W,F277W,93.172,design
J15047387+237589,150.4738663546536,2.375887349905735,1727,cosmos,color,17.21634,jw01727-o036_t138_nircam_clear-f150w,jw01727-o036_t138_nircam_clear-f277w,F150W,F277W,81.204,design
J15053436+238213,150.5343629272878,2.382134864744621,1727,cosmos,color,19.12869,jw01727-o037_t145_nircam_clear-f150w,jw01727-o037_t145_nircam_clear-f277w,F150W,F277W,57.426,design
J15053909+243871,150.5390933606934,2.438705810155251,1727,cosmos,color,20.43855,jw01727-o037_t145_nircam_clear-f150w,jw01727-o037_t145_nircam_clear-f277w,F150W,F277W,154.491,holdout
J15056095+211113,150.5609499313847,2.111133457004026,1635,blank,color,18.877398,jw01635-o026_t007_nircam_clear-f150w2,jw01635-o026_t007_nircam_clear-f444w,F150W2,F444W,221.65,design
J1505653+2807180,15.05652953225906,28.07179933518349,1243,blank,color,19.286604,jw01243-o001_t001_nircam_clear-f200w,jw01243-o001_t001_nircam_clear-f356w,F200W,F356W,4323.884,design
J15424724+3904547,154.24723681066456,39.0454744872888,5594,cluster,color,18.863317,jw05594-o004_t006_nircam_clear-f150w2,jw05594-o004_t006_nircam_clear-f322w2,F150W2,F322W2,478.8,design
J15424914+3903022,154.24913587369488,39.03021807040276,5594,cluster,color,19.064571,jw05594-o004_t006_nircam_clear-f150w2,jw05594-o004_t006_nircam_clear-f322w2,F150W2,F322W2,461.129,design
J15728190+2639074,157.2818977338769,26.39073960041899,6675,cluster,gray_lw_only,19.798998,,jw06675-o006_t007_nircam_clear-f444w,,F444W,51.91,holdout
J16115660+3384869,161.1565960579954,33.848688042031604,1176,cluster,color,19.694048,jw01176-o281_t025_nircam_clear-f150w,jw01176-o281_t025_nircam_clear-f277w,F150W,F277W,2774.406,holdout
J16437127+5799513,164.37126798554112,57.99513349242541,5594,cluster,color,20.826271,jw05594-o091_t093_nircam_clear-f150w2,jw05594-o091_t093_nircam_clear-f322w2,F150W2,F322W2,17.613,design
J16645992-1025916,166.4599164450945,-10.25915504851884,5594,cluster,color,20.58481,jw05594-o072_t074_nircam_clear-f150w2,jw05594-o072_t074_nircam_clear-f322w2,F150W2,F322W2,2059.851,holdout
J17177791+4246398,171.77791102621936,42.46397954550942,1176,cluster,color,17.880411,jw01176-o251_t013_nircam_clear-f150w,jw01176-o251_t013_nircam_clear-f277w,F150W,F277W,79.593,holdout
J17182440+4247148,171.82440495940392,42.471477147036495,4744,cluster,color,19.348907,jw04744-o005_t002_nircam_clear-f150w,jw04744-o005_t002_nircam_clear-f277w,F150W,F277W,17.31,holdout
J17183353+4248564,171.8335337566149,42.485637438640715,4744,cluster,color,19.068089,jw04744-o005_t002_nircam_clear-f150w,jw04744-o005_t002_nircam_clear-f277w,F150W,F277W,24.431,design
J17738849+2238664,177.3884874718112,22.38664390882784,5890,cluster,color,17.394947,jw05890-o003_t003_nircam_clear-f150w,jw01208-o008_t004_nircam_clear-f277w,F150W,F277W,15.321,design
J17739683+2241745,177.3968285916543,22.41744895967046,5890,cluster,color,20.896702,jw05890-o003_t003_nircam_clear-f150w,jw01208-o008_t004_nircam_clear-f277w,F150W,F277W,12.236,design
J17741117+2235421,177.4111654148181,22.35420660699186,1176,cluster,color,18.49055,jw01176-o231_t011_nircam_clear-f150w,jw01176-o231_t011_nircam_clear-f277w,F150W,F277W,8.569,design
J17771018-2807261,177.7101756348372,-28.0726070438147,6882,cluster,color,19.774244,jw06882-o030_t031_nircam_clear-f150w,jw06882-o030_t031_nircam_clear-f277w,F150W,F277W,11.54,design
J17773035-2807155,177.7303542435811,-28.07154649667858,6882,cluster,gray_lw_only,19.81216,jw06882-o030_t031_nircam_clear-f150w,jw05594-o049_t051_nircam_clear-f322w2,F150W,F322W2,13.965,design
J17832181+791864,178.3218052533549,7.918638954514019,6675,cluster,gray_lw_only,20.641262,,jw06675-o001_t002_nircam_clear-f444w,,F444W,58.189,design
J17832394+793591,178.3239395025789,7.935905878967502,6675,cluster,gray_lw_only,20.6164,,jw06675-o001_t002_nircam_clear-f444w,,F444W,25.468,design
J17832474+792844,178.3247438385497,7.928435621492105,6675,cluster,gray_lw_only,20.780188,,jw06675-o001_t002_nircam_clear-f444w,,F444W,24.343,design
J17832744+794424,178.3274357826616,7.944238430269248,6675,cluster,gray_lw_only,19.466986,,jw06675-o001_t002_nircam_clear-f444w,,F444W,43.392,holdout
J17832857+791584,178.3285660384246,7.91584240164087,6675,cluster,gray_lw_only,19.342287,,jw06675-o001_t002_nircam_clear-f444w,,F444W,60.25,design
J17833172+794079,178.3317207817242,7.940789372930221,6675,cluster,gray_lw_only,20.301767,,jw06675-o001_t002_nircam_clear-f444w,,F444W,30.33,design
J17833472+793279,178.3347167380149,7.93278696908057,6675,cluster,gray_lw_only,19.724245,,jw06675-o001_t002_nircam_clear-f444w,,F444W,16.138,holdout
J18030926+2311805,180.3092642031698,23.11805100500546,5594,cluster,color,19.204885,jw05594-o019_t021_nircam_clear-f150w2,jw05594-o019_t021_nircam_clear-f322w2,F150W2,F322W2,810.882,holdout
J18031643+2310548,180.3164338650421,23.10547926108753,5594,cluster,color,20.955051,jw05594-o019_t021_nircam_clear-f150w2,jw05594-o019_t021_nircam_clear-f322w2,F150W2,F322W2,795.199,holdout
J18156523-880609,181.5652338751575,-8.80609293990326,6882,cluster,color,19.244543,jw06882-o031_t032_nircam_clear-f150w,jw06882-o031_t032_nircam_clear-f277w,F150W,F277W,5.882,design
J18307996+2755490,183.0799564061078,27.55490303016307,1176,cluster,color,18.812857,jw01176-o271_t015_nircam_clear-f150w,jw01176-o271_t015_nircam_clear-f277w,F150W,F277W,34.992,design
J18637708+1253803,186.3770790485921,12.53803086663394,5398,blank,gray_sw_only,19.935646,jw05398-c1150_t000_nircam_clear-f200w,,F200W,,1648.352,holdout
J18754718+1369736,187.5471751769547,13.69735926696155,7763,blank,color,18.974339,jw07763-o007_t007_nircam_clear-f150w,jw07763-o007_t007_nircam_clear-f277w,F150W,F277W,2502.991,holdout
J18773188+1230425,187.7318786278085,12.3042511256813,7763,blank,gray_sw_only,20.754196,jw07763-o034_t034_nircam_clear-f150w,,F150W,,2167.964,design
J18775408+1232162,187.7540764391564,12.32162088819181,7763,blank,color,20.450441,jw07763-o034_t034_nircam_clear-f150w,jw07763-o034_t034_nircam_clear-f277w,F150W,F277W,2073.253,design
J19066646+264375,190.6664609015432,2.643753176006014,3055,blank,color,19.74259,jw03055-o014_t014_nircam_clear-f150w,jw03055-o014_t014_nircam_clear-f277w,F150W,F277W,139.934,design
J19450872+4704838,194.50871819731532,47.04837540941435,5594,cluster,color,17.699348,jw05594-o036_t038_nircam_clear-f150w2,jw05594-o036_t038_nircam_clear-f322w2,F150W2,F322W2,1818.827,holdout
J19651804+394694,196.5180358222636,3.946938310644536,4092,blank,color,18.566614,jw04092-o002_t002_nircam_clear-f115w,jw04092-o002_t002_nircam_clear-f335m,F115W,F335M,1779.393,design
J19776313-318483,197.7631347110766,-3.184826755605835,6882,cluster,color,19.478016,jw06882-o032_t033_nircam_clear-f150w,jw06882-o032_t033_nircam_clear-f277w,F150W,F277W,18.719,design
J19786421-133401,197.8642050890775,-1.334007058216268,5782,cluster,color,18.327759,jw05782-o001_t001_nircam_clear-f150w,jw05782-o001_t001_nircam_clear-f277w,F150W,F277W,6.71,holdout
J19786644-138569,197.8664446493213,-1.385689960736113,5782,cluster,color,18.082735,jw05782-o001_t001_nircam_clear-f150w,jw05782-o001_t001_nircam_clear-f277w,F150W,F277W,88.181,design
J19786762-134539,197.8676197162541,-1.345385978349015,5782,cluster,color,17.902388,jw05782-o001_t001_nircam_clear-f150w,jw05782-o001_t001_nircam_clear-f277w,F150W,F277W,7.545,holdout
J19786985-133179,197.8698479859127,-1.33179268104565,5782,cluster,color,20.934044,jw05782-o001_t001_nircam_clear-f150w,jw05782-o001_t001_nircam_clear-f277w,F150W,F277W,8.139,design
J19788340-132341,197.8833999040781,-1.323411443854259,5782,cluster,color,18.511421,jw05782-o001_t001_nircam_clear-f150w,jw05782-o001_t001_nircam_clear-f277w,F150W,F277W,7.536,holdout
J19788382-136056,197.8838158264723,-1.360564273938927,5782,cluster,color,18.14956,jw05782-o001_t001_nircam_clear-f150w,jw05782-o001_t001_nircam_clear-f277w,F150W,F277W,8.874,holdout
J19789700-131503,197.8970025258673,-1.315033603850908,5782,cluster,color,20.473728,jw05782-o001_t001_nircam_clear-f150w,jw05782-o001_t001_nircam_clear-f277w,F150W,F277W,29.467,holdout
J20137194-1169361,201.371938051118,-11.69361210469312,5398,blank,color,18.388943,jw05398-c1165_t000_nircam_clear-f115w,jw05398-c1164_t000_nircam_clear-f444w,F115W,F444W,2974.265,design
J20381475+4099553,203.8147461300248,40.99553450560061,5594,cluster,color,18.590452,jw05594-o010_t012_nircam_clear-f150w2,jw05594-o010_t012_nircam_clear-f322w2,F150W2,F322W2,117.833,design
J20989131+6252676,209.8913129897888,62.52675961899001,3433,cluster,color,20.832388,jw03433-o005_t010_nircam_clear-f200w,jw03433-o005_t010_nircam_clear-f277w,F200W,F277W,112.845,holdout
J20994672+6250747,209.94671856691576,62.50747333493725,3433,cluster,color,20.922766,jw03433-o005_t010_nircam_clear-f200w,jw03433-o005_t010_nircam_clear-f277w,F200W,F277W,23.137,holdout
J20996068+6251811,209.9606801743056,62.518111586522785,3433,cluster,color,17.491434,jw03433-o005_t010_nircam_clear-f200w,jw03433-o005_t010_nircam_clear-f277w,F200W,F277W,17.323,design
J20997471+6251502,209.97470607045108,62.51502457878269,3433,cluster,color,19.248384,jw03433-o005_t010_nircam_clear-f200w,jw03433-o005_t010_nircam_clear-f277w,F200W,F277W,12.089,holdout
J20998800+6250300,209.98799593519968,62.50299599981686,3433,cluster,color,20.981852,jw03433-o005_t010_nircam_clear-f200w,jw03433-o005_t010_nircam_clear-f277w,F200W,F277W,56.058,design
J21025496+286266,210.2549611194418,2.862662146776654,5594,cluster,color,19.577446,jw05594-o015_t017_nircam_clear-f150w2,jw05594-o015_t017_nircam_clear-f322w2,F150W2,F322W2,37.427,design
J21026192+286910,210.2619227394302,2.869096392319204,5594,cluster,color,18.89254,jw05594-o015_t017_nircam_clear-f150w2,jw05594-o015_t017_nircam_clear-f322w2,F150W2,F322W2,6.612,design
J21062425-454519,210.6242534605825,-4.545185630463721,9032,blank,gray_sw_only,20.849472,jw09032-o006_t005_nircam_clear-f200w,jw01059-o119_t012_nircam_f444w-maskbar,F200W,F444W,2410.291,design
J21595369+2410851,215.953687701231,24.10851054113182,1208,cluster,color,20.874098,jw01208-o010_t005_nircam_clear-f150w,jw01208-o010_t005_nircam_clear-f277w,F150W,F277W,73.499,design
J2230462-7356702,22.30461541108133,-73.56702224422544,2662,blank,color,18.097971,jw02662-o001_t001_nircam_clear-f150w,jw02662-o001_t001_nircam_clear-f277w,F150W,F277W,2341.349,design
J2244764-7355900,22.44764150481459,-73.55899808776967,2662,blank,color,18.54209,jw02662-o001_t001_nircam_clear-f150w,jw02662-o001_t001_nircam_clear-f277w,F150W,F277W,2424.743,design
J2293359-1358888,22.93359234600207,-13.58887711916972,6882,cluster,color,20.218813,jw06882-o007_t007_nircam_clear-f150w,jw06882-o007_t007_nircam_clear-f277w,F150W,F277W,140.673,holdout
J22957563-8151656,229.5756266931355,-81.51656089026343,5594,cluster,color,20.545431,jw05594-o074_t076_nircam_clear-f150w2,jw05594-o074_t076_nircam_clear-f322w2,F150W2,F322W2,42.468,holdout
J2296284-1360772,22.96284371685291,-13.60772330843137,6882,cluster,color,20.629646,jw06882-o007_t007_nircam_clear-f150w,jw06882-o007_t007_nircam_clear-f277w,F150W,F277W,18.425,design
J2297755-1361783,22.97755279684445,-13.61782805755071,6882,cluster,color,20.354572,jw06882-o007_t007_nircam_clear-f150w,jw06882-o007_t007_nircam_clear-f277w,F150W,F277W,32.04,design
J23750859-7818481,237.5085930810553,-78.18481007783488,2555,cluster,color,20.159147,jw02555-o003_t009_nircam_clear-f150w,jw02555-o003_t009_nircam_clear-f277w,F150W,F277W,9.173,design
J24394458-615181,243.9445836129908,-6.151805217645197,5594,cluster,color,19.144417,jw05594-o003_t005_nircam_clear-f150w2,jw05594-o003_t005_nircam_clear-f322w2,F150W2,F322W2,22.452,holdout
J24396549-613061,243.9654885012148,-6.130608132566937,5594,cluster,color,19.66745,jw05594-o003_t005_nircam_clear-f150w2,jw05594-o003_t005_nircam_clear-f322w2,F150W2,F322W2,53.153,holdout
J24535312+3816912,245.35312325612108,38.16911902401109,5594,cluster,color,18.549557,jw05594-o071_t073_nircam_clear-f150w2,jw05594-o071_t073_nircam_clear-f322w2,F150W2,F322W2,29.819,design
J24535925+3815145,245.35925132154856,38.151447152386794,5594,cluster,color,20.862553,jw05594-o071_t073_nircam_clear-f150w2,jw05594-o071_t073_nircam_clear-f322w2,F150W2,F322W2,77.277,holdout
J2499094-592509,24.99094250867687,-5.925086441632845,5594,cluster,gray_lw_only,19.436512,,jw05594-o066_t068_nircam_clear-f322w2,,F322W2,43.379,holdout
J2500200-591829,25.00199881575293,-5.918289553553474,5594,cluster,color,20.541727,jw05594-o066_t068_nircam_clear-f150w2,jw05594-o066_t068_nircam_clear-f322w2,F150W2,F322W2,15.27,holdout
J26291130+2285701,262.9113035967438,22.85700807226772,5594,cluster,color,20.774551,jw05594-o048_t050_nircam_clear-f150w2,jw05594-o048_t050_nircam_clear-f322w2,F150W2,F322W2,37.331,design
J26452875+6010501,264.52874935761736,60.105013768159495,5594,cluster,color,17.58152,jw05594-o035_t037_nircam_clear-f150w2,jw05594-o035_t037_nircam_clear-f322w2,F150W2,F322W2,7163.528,design
J26842894+6500621,268.42893579040674,65.00621454181095,9263,blank,color,19.658337,jw09263-o001_t001_nircam_clear-f150w,jw09263-o001_t001_nircam_clear-f356w,F150W,F356W,180.811,holdout
J26872359+6526720,268.723591437384,65.26720179512606,9263,blank,color,20.57051,jw09263-o001_t001_nircam_clear-f150w,jw09263-o001_t001_nircam_clear-f356w,F150W,F356W,371.349,holdout
J26878429+6512698,268.7842876144367,65.12697808327512,9263,blank,color,19.526644,jw09263-o001_t001_nircam_clear-f150w,jw09263-o001_t001_nircam_clear-f356w,F150W,F356W,147.954,holdout
J26881943+6508340,268.8194275667113,65.08340042697932,5105,blank,color,20.140213,jw05105-o014_t001_nircam_clear-f150w,jw05105-o014_t001_nircam_clear-f444w,F150W,F444W,45.517,holdout
J2712616+603310,27.12615599250939,6.033104995184802,1243,blank,color,20.656116,jw01243-o006_t006_nircam_clear-f200w,jw01243-o006_t006_nircam_clear-f356w,F200W,F356W,4172.68,holdout
J2715947+603919,27.15947165654974,6.039191737162925,1243,blank,color,18.394312,jw01243-o006_t006_nircam_clear-f200w,jw01243-o006_t006_nircam_clear-f356w,F200W,F356W,4111.726,design
J2781430-5991827,27.8143015968688,-59.91827213467413,5594,cluster,color,20.947144,jw05594-o140_t142_nircam_clear-f150w2,jw05594-o140_t142_nircam_clear-f322w2,F150W2,F322W2,2914.32,design
J2994026-883918,29.94026061641539,-8.839178996780184,6882,cluster,color,20.16568,jw06882-o061_t009_nircam_clear-f150w,jw06882-o061_t009_nircam_clear-f277w,F150W,F277W,92.712,holdout
J2994467-883826,29.94466507322863,-8.838263961085302,6882,cluster,color,20.690742,jw06882-o061_t009_nircam_clear-f150w,jw06882-o061_t009_nircam_clear-f277w,F150W,F277W,81.6,holdout
J30795315-4061637,307.9531530682403,-40.61636865509059,6882,cluster,color,19.298693,jw06882-o039_t042_nircam_clear-f150w,jw06882-o039_t042_nircam_clear-f277w,F150W,F277W,28.687,holdout
J30855626-5961162,308.556259399199,-59.6116235017946,5594,cluster,color,20.825201,jw05594-o111_t188_nircam_clear-f150w2,jw05594-o111_t188_nircam_clear-f322w2,F150W2,F322W2,4807.913,design
J31540786-6139596,315.4078583835303,-61.39596031207892,5594,cluster,color,20.59134,jw05594-o104_t106_nircam_clear-f150w2,jw05594-o104_t106_nircam_clear-f322w2,F150W2,F322W2,1833.065,design
J31974642-5092611,319.7464192887431,-50.92611413160146,5594,cluster,color,20.99951,jw05594-o096_t098_nircam_clear-f150w2,jw05594-o096_t098_nircam_clear-f322w2,F150W2,F322W2,2727.597,holdout
J32239251+014889,322.3925106371316,0.1488864502011941,6882,cluster,color,19.07211,jw06882-o046_t045_nircam_clear-f150w,jw06882-o046_t045_nircam_clear-f444w,F150W,F444W,195.089,design
J32274389-4029641,322.7438921122539,-40.29641083944821,6882,cluster,color,18.422754,jw06882-o041_t044_nircam_clear-f150w,jw06882-o041_t044_nircam_clear-f277w,F150W,F277W,94.133,design
J32504288-2360261,325.0428775869354,-23.60261318719497,6882,cluster,color,18.952847,jw06882-o042_t046_nircam_clear-f150w,jw06882-o042_t046_nircam_clear-f277w,F150W,F277W,163.408,holdout
J32506550-2364801,325.0654968305518,-23.64801295060604,6882,cluster,color,18.725336,jw06882-o042_t046_nircam_clear-f150w,jw06882-o042_t046_nircam_clear-f277w,F150W,F277W,17.08,design
J33293430-381061,332.9343002415612,-3.810609677990973,5594,cluster,gray_lw_only,18.979218,,jw05594-o052_t054_nircam_clear-f322w2,,F322W2,52.605,holdout
J33294095-384652,332.9409488221209,-3.846518576500275,6882,cluster,color,19.089075,jw06882-o043_t047_nircam_clear-f150w,jw06882-o043_t047_nircam_clear-f277w,F150W,F277W,35.349,holdout
J33374238-1401069,333.7423805068804,-14.01069238446861,6882,cluster,color,16.943323,jw06882-o044_t048_nircam_clear-f150w,jw06882-o044_t048_nircam_clear-f277w,F150W,F277W,94.852,holdout
J33553245+2776222,335.5324475482801,27.76222063617834,6675,cluster,gray_lw_only,20.689674,,jw06675-o008_t009_nircam_clear-f444w,,F444W,6.343,design
J33553554+2777264,335.5355421627263,27.77263835901839,6675,cluster,gray_lw_only,19.675972,,jw06675-o008_t009_nircam_clear-f444w,,F444W,41.545,holdout
J34082780-959445,340.8277999231915,-9.594453572074697,5594,cluster,color,19.858591,jw05594-o063_t065_nircam_clear-f150w2,jw05594-o063_t065_nircam_clear-f322w2,F150W2,F322W2,11.078,design
J34083525-960110,340.8352453066425,-9.601097533929313,5594,cluster,color,20.517632,jw05594-o063_t065_nircam_clear-f150w2,jw05594-o063_t065_nircam_clear-f322w2,F150W2,F322W2,38.632,holdout
J34085055-957178,340.8505476596125,-9.571779412730743,5594,cluster,color,19.93809,jw05594-o063_t065_nircam_clear-f150w2,jw05594-o063_t065_nircam_clear-f322w2,F150W2,F322W2,29.681,holdout
J34134730+2815703,341.3472971732261,28.15702620744424,5594,cluster,color,20.46216,jw05594-o041_t043_nircam_clear-f150w2,jw05594-o041_t043_nircam_clear-f322w2,F150W2,F322W2,1203.525,holdout
J34134778+2813701,341.3477796851674,28.13700614021116,5594,cluster,color,20.142834,jw05594-o041_t043_nircam_clear-f150w2,jw05594-o041_t043_nircam_clear-f322w2,F150W2,F322W2,1170.113,holdout
J3419143-502424,34.19143128999409,-5.024235401531134,6434,blank,color,20.502235,jw06434-c1030_t000_nircam_clear-f200w,jw06434-c1030_t000_nircam_clear-f444w,F200W,F444W,627.511,holdout
J34218541-4451866,342.1854124152076,-44.51865746755221,3293,cluster,color,20.07431,jw03293-o001_t001_nircam_clear-f150w,jw03293-o001_t001_nircam_clear-f277w,F150W,F277W,7.402,design
J3436447-518695,34.36447337135264,-5.186948422213249,1837,blank,color,19.082998,jw01837-c1001_t000_nircam_clear-f150w,jw01837-c1001_t000_nircam_clear-f277w,F150W,F277W,81.608,holdout
J3439929-506933,34.39929374111341,-5.069331652296274,5324,blank,color,20.145832,jw05324-o020_t020_nircam_clear-f150w,jw06368-o025_t052_nircam_clear-f277w,F150W,F277W,343.321,design
J3450491-496615,34.50491287537453,-4.966148697694444,6480,blank,gray_sw_only,20.980618,jw06480-o001_t001_nircam_clear-f070w,,F070W,,569.039,holdout
J346106-3033846,3.461062573323333,-30.33846145420936,1324,cluster,gray_lw_only,20.750349,,jw01324-o006_t002_nircam_clear-f277w,,F277W,116.621,holdout
J346358-3033553,3.463578538066433,-30.33553254788269,1324,cluster,gray_lw_only,17.94381,,jw01324-o006_t002_nircam_clear-f277w,,F277W,124.18,holdout
J348227-3033188,3.48227457822033,-30.33187741107636,1324,cluster,color,20.874392,jw01324-o006_t002_nircam_clear-f150w,jw01324-o006_t002_nircam_clear-f277w,F150W,F277W,113.385,design
J35125231-4120052,351.2523134782135,-41.20052245948542,6882,cluster,color,19.614418,jw06882-o035_t062_nircam_clear-f150w,jw06882-o035_t062_nircam_clear-f277w,F150W,F277W,116.64,holdout
J35126172-4117963,351.2617243002964,-41.17963053262872,6882,cluster,color,19.637747,jw06882-o035_t062_nircam_clear-f150w,jw06882-o035_t062_nircam_clear-f277w,F150W,F277W,89.797,design
J35130795-4119766,351.307950650655,-41.19765907746329,6882,cluster,color,19.499037,jw06882-o035_t062_nircam_clear-f150w,jw06882-o035_t062_nircam_clear-f277w,F150W,F277W,21.934,design
J35130905-4119242,351.3090477083267,-41.19241549753117,6882,cluster,color,20.657337,jw06882-o035_t062_nircam_clear-f150w,jw06882-o035_t062_nircam_clear-f277w,F150W,F277W,34.112,holdout
J353435-3033214,3.534353997730008,-30.33213757625251,1176,cluster,color,19.135073,jw01176-o221_t010_nircam_clear-f150w,jw01176-o221_t010_nircam_clear-f277w,F150W,F277W,77.833,design
J353502-3038287,3.535016754828224,-30.3828661677443,2561,cluster,color,20.88001,jw02561-o001_t003_nircam_clear-f150w,jw02561-o001_t003_nircam_clear-f277w,F150W,F277W,30.813,holdout
J354843-3037348,3.54842894795089,-30.3734789137782,2561,cluster,color,20.858137,jw02561-o001_t003_nircam_clear-f150w,jw02561-o001_t003_nircam_clear-f277w,F150W,F277W,12.305,design
J356177-3043180,3.561771915959373,-30.43180469827267,3516,cluster,color,20.754877,jw03516-o001_t001_nircam_clear-f090w,jw03538-o001_t001_nircam_clear-f300m,F090W,F300M,23.791,design
J358086-3053296,3.58086453759669,-30.53295805023893,2561,cluster,gray_lw_only,20.20576,,jw02561-o006_t007_nircam_clear-f277w,,F277W,357.936,design
J35830404+2204845,358.3040395841121,22.04844816815682,7119,blank,color,19.796408,jw07119-o001_t001_nircam_clear-f150w,jw07119-o001_t001_nircam_clear-f277w,F150W,F277W,1342.328,design
J358649-3036735,3.586491625887688,-30.36735496278946,2561,cluster,color,19.360102,jw02561-o001_t003_nircam_clear-f150w,jw02561-o001_t003_nircam_clear-f277w,F150W,F277W,38.615,holdout
J359233-3034786,3.592326799567693,-30.34785768968933,2561,cluster,color,19.950594,jw02561-o001_t003_nircam_clear-f150w,jw02561-o001_t003_nircam_clear-f277w,F150W,F277W,20.469,holdout
J3644671+318345,36.44670886057831,3.183450205206482,3325,blank,color,20.07283,jw03325-o012_t007_nircam_clear-f070w,jw03325-o012_t007_nircam_clear-f444w,F070W,F444W,1467.189,holdout
J365031-3042229,3.65030760466143,-30.42229072712839,2756,cluster,color,20.81492,jw02756-o003_t001_nircam_clear-f150w,jw02756-o003_t001_nircam_clear-f277w,F150W,F277W,47.664,design
J3805492-4440113,38.05492402108304,-44.40112695737225,6882,cluster,color,19.21104,jw06882-o010_t010_nircam_clear-f150w,jw06882-o010_t010_nircam_clear-f277w,F150W,F277W,197.188,holdout
J3809127-4434442,38.09127204002051,-44.34442221055326,6882,cluster,color,20.40111,jw06882-o010_t010_nircam_clear-f150w,jw06882-o010_t010_nircam_clear-f277w,F150W,F277W,40.286,design
J3809318-4435246,38.09317968511976,-44.35245599825957,6882,cluster,color,19.705599,jw06882-o010_t010_nircam_clear-f150w,jw06882-o010_t010_nircam_clear-f277w,F150W,F277W,44.438,holdout
J3868725-5852076,38.6872532956918,-58.52076385312191,5594,cluster,color,19.188566,jw05594-o057_t059_nircam_clear-f150w2,jw05594-o057_t059_nircam_clear-f322w2,F150W2,F322W2,1033.849,design
J3996953-159313,39.96953300379134,-1.593130250607704,5890,cluster,color,19.641243,jw05890-o001_t001_nircam_clear-f150w,jw01208-o002_t001_nircam_clear-f277w,F150W,F277W,13.586,design
J3998844-162036,39.98844005988401,-1.620361530810613,5890,cluster,color,19.259321,jw05890-o001_t001_nircam_clear-f150w,jw01208-o002_t001_nircam_clear-f277w,F150W,F277W,108.906,holdout
J4001010-159844,40.01009572879962,-1.59844053745512,3538,cluster,color,20.540735,jw03538-o017_t002_nircam_clear-f210m,jw03538-o015_t002_nircam_clear-f410m,F210M,F410M,104.61,design
J4132208-5302079,41.32207553350784,-53.02079146036539,5594,cluster,color,20.221188,jw05594-o028_t030_nircam_clear-f150w2,jw05594-o028_t030_nircam_clear-f322w2,F150W2,F322W2,74.318,design
J4132913-5302499,41.32912804102126,-53.02499147296098,5594,cluster,color,20.527311,jw05594-o028_t030_nircam_clear-f150w2,jw05594-o028_t030_nircam_clear-f322w2,F150W2,F322W2,54.701,holdout
J4136642-5302087,41.36641834356884,-53.02086591241458,5594,cluster,color,19.720032,jw05594-o028_t030_nircam_clear-f150w2,jw05594-o028_t030_nircam_clear-f322w2,F150W2,F322W2,41.36,holdout
J4137775-5302746,41.37775277670568,-53.02745829680575,6882,cluster,color,19.302435,jw06882-o011_t011_nircam_clear-f150w,jw06882-o011_t011_nircam_clear-f277w,F150W,F277W,36.501,design
J4140028-5304771,41.40028054044227,-53.04771209441174,6882,cluster,color,19.1174,jw06882-o011_t011_nircam_clear-f150w,jw06882-o011_t011_nircam_clear-f277w,F150W,F277W,52.931,holdout
J4312673-2101336,43.12673452023678,-21.0133604081063,5594,cluster,color,20.444513,jw05594-o107_t109_nircam_clear-f150w2,jw05594-o107_t109_nircam_clear-f322w2,F150W2,F322W2,28.775,design
J4355416-5896262,43.55416376889258,-58.96262295211928,5594,cluster,color,19.597364,jw05594-o060_t062_nircam_clear-f150w2,jw05594-o060_t062_nircam_clear-f322w2,F150W2,F322W2,1326.438,design
J4355654-5895280,43.55653722747429,-58.95280328505751,5594,cluster,color,20.663614,jw05594-o060_t062_nircam_clear-f150w2,jw05594-o060_t062_nircam_clear-f322w2,F150W2,F322W2,1317.895,holdout
J4356255-5894733,43.56255262578757,-58.94732836239645,5594,cluster,color,20.653683,jw05594-o060_t062_nircam_clear-f150w2,jw05594-o060_t062_nircam_clear-f322w2,F150W2,F322W2,1304.85,design
J463478+1641766,4.634784677601023,16.41766425154253,6882,cluster,color,20.424164,jw06882-o001_t001_nircam_clear-f150w,jw06882-o001_t001_nircam_clear-f277w,F150W,F277W,5615.672,design
J465012+1637693,4.650116856428032,16.37692518194835,6882,cluster,color,20.581303,jw06882-o001_t001_nircam_clear-f150w,jw06882-o001_t001_nircam_clear-f277w,F150W,F277W,5560.807,holdout
J466009+1637185,4.660085817912108,16.37185324478622,6882,cluster,gray_lw_only,19.843533,,jw06882-o001_t001_nircam_clear-f277w,,F277W,5569.117,design
J466343+1639744,4.663425482601669,16.39743662411713,6882,cluster,color,20.517408,jw06882-o001_t001_nircam_clear-f150w,jw06882-o001_t001_nircam_clear-f277w,F150W,F277W,5551.434,holdout
J473538-4086871,4.735375844375919,-40.86870507997791,5594,cluster,color,19.798285,jw05594-o073_t075_nircam_clear-f150w2,jw05594-o073_t075_nircam_clear-f322w2,F150W2,F322W2,1931.237,design
J474845-4087377,4.74845400837626,-40.87376698953715,5594,cluster,color,20.60206,jw05594-o073_t075_nircam_clear-f150w2,jw05594-o073_t075_nircam_clear-f322w2,F150W2,F322W2,1905.216,holdout
J5243714-217875,52.43714488545222,-2.17875418146764,6882,cluster,color,20.822702,jw06882-o017_t017_nircam_clear-f150w,jw06882-o017_t017_nircam_clear-f277w,F150W,F277W,42.716,design
J5313613-2782910,53.13612893321802,-27.82910457251597,1180,blank,color,18.758717,jw01180-o009_t008_nircam_clear-f150w,jw01180-o219_t219_nircam_clear-f277w,F150W,F277W,70.259,design
J5317651-2771065,53.17651454898736,-27.71064599641933,1176,cluster,color,20.906263,jw01176-o131_t016_nircam_clear-f150w,jw01176-o131_t016_nircam_clear-f277w,F150W,F277W,329.478,holdout
J5318769-2772550,53.1876881402424,-27.72549627591805,1176,cluster,color,19.283098,jw01176-o131_t016_nircam_clear-f150w,jw01176-o131_t016_nircam_clear-f277w,F150W,F277W,324.182,design
J5324867-2784183,53.24867424494835,-27.84183078628272,1283,blank,color,19.912098,jw01283-o007_t001_nircam_clear-f150w,jw01283-o002_t001_nircam_clear-f277w,F150W,F277W,185.328,holdout
J5328406-2785654,53.28405935950865,-27.85654093980263,2079,blank,color,18.385784,jw02079-o001_t001_nircam_clear-f150w,jw02079-o001_t001_nircam_clear-f277w,F150W,F277W,220.808,design
J5376335-1946021,53.76335278522096,-19.46020616776366,6675,cluster,gray_lw_only,18.901701,,jw06675-o002_t003_nircam_clear-f444w,,F444W,18.161,holdout
J5376360-1946836,53.76359719346527,-19.46835813462012,6675,cluster,gray_lw_only,20.101114,,jw06675-o002_t003_nircam_clear-f444w,,F444W,6.097,holdout
J5377489-1947618,53.77489271751344,-19.47618172148798,6675,cluster,gray_lw_only,20.336445,,jw06675-o002_t003_nircam_clear-f444w,,F444W,48.862,design
J5378386-1946893,53.7838572282735,-19.46892813556542,6675,cluster,gray_lw_only,20.010902,,jw06675-o002_t003_nircam_clear-f444w,,F444W,52.032,design
J5971918-2993167,59.71918140757231,-29.93166684674412,6882,cluster,color,20.75869,jw06882-o018_t018_nircam_clear-f150w,jw06882-o018_t018_nircam_clear-f277w,F150W,F277W,95.934,holdout
J5973691-2991571,59.73690509636513,-29.9157115545034,6882,cluster,color,19.362719,jw06882-o018_t018_nircam_clear-f150w,jw06882-o018_t018_nircam_clear-f277w,F150W,F277W,76.498,design
J6146773-4925583,61.46772584185153,-49.25582892504322,5594,cluster,color,19.866598,jw05594-o027_t029_nircam_clear-f150w2,jw05594-o027_t029_nircam_clear-f322w2,F150W2,F322W2,72.974,design
J6148425-4926918,61.48424821268924,-49.26918449149932,5594,cluster,color,19.973244,jw05594-o027_t029_nircam_clear-f150w2,jw05594-o027_t029_nircam_clear-f322w2,F150W2,F322W2,26.082,holdout
J6150973-4927409,61.50973483110687,-49.27408532501924,5594,cluster,color,20.97572,jw05594-o027_t029_nircam_clear-f150w2,jw05594-o027_t029_nircam_clear-f322w2,F150W2,F322W2,45.821,holdout
J6397111-2414198,63.97110891687281,-24.14197551957486,6434,blank,color,20.16516,jw06434-c1018_t000_nircam_clear-f090w,jw06434-c1018_t000_nircam_clear-f444w,F090W,F444W,225.828,holdout
J6405781-2407390,64.0578080495055,-24.07390195383175,5890,cluster,color,20.782972,jw05890-o002_t002_nircam_clear-f150w,jw01208-o004_t002_nircam_clear-f277w,F150W,F277W,22.545,design
J6436132-1185622,64.36132100187584,-11.85622164445115,1208,cluster,color,18.942059,jw01208-o026_t003_nircam_clear-f150w,jw01208-o026_t003_nircam_clear-f277w,F150W,F277W,133.556,holdout
J6740113-289378,67.4011338351651,-2.893784619549923,6882,cluster,color,20.525576,jw06882-o020_t020_nircam_clear-f150w,jw06882-o020_t020_nircam_clear-f277w,F150W,F277W,17.738,design
J6929477+073773,69.29476693661512,0.737733008318682,6207,cluster,color,19.698202,jw06207-o001_t001_nircam_clear-f200w,jw06207-o001_t001_nircam_clear-f277w,F200W,F277W,1099.596,design
J694390+2627532,6.943903826635428,26.27532082102167,5594,cluster,color,19.00657,jw05594-o039_t041_nircam_clear-f150w2,jw05594-o039_t041_nircam_clear-f322w2,F150W2,F322W2,2236.636,design
J7076877-6164171,70.76877099487962,-61.64170538443696,5594,cluster,color,19.683542,jw05594-o160_t163_nircam_clear-f150w2,jw05594-o160_t163_nircam_clear-f322w2,F150W2,F322W2,2988.37,design
J7296228+010919,72.96228421721709,0.1091924342140463,6882,cluster,color,20.391314,jw06882-o019_t019_nircam_clear-f150w,jw06882-o019_t019_nircam_clear-f277w,F150W,F277W,37.464,holdout
J7296296-6935436,72.96295603397363,-69.35435770437378,1235,blank,color,12.341254,jw01235-o002_t006_nircam_clear-f200w,jw01235-o002_t006_nircam_clear-f277w,F200W,F277W,12681.339,design
J7297133-6937170,72.97133118374485,-69.37169614511605,1235,blank,color,15.250276,jw01235-o002_t006_nircam_clear-f200w,jw01235-o002_t006_nircam_clear-f277w,F200W,F277W,12744.553,holdout
J7354526-302673,73.54525882299717,-3.026733219508939,5058,cluster,color,20.881615,jw05058-o004_t001_nircam_clear-f150w,jw05058-o001_t001_nircam_clear-f277w,F150W,F277W,10.088,design
J7355034-300033,73.55033739834332,-3.000327618297469,5058,cluster,color,20.96609,jw05058-o004_t001_nircam_clear-f150w,jw05058-o001_t001_nircam_clear-f277w,F150W,F277W,5.114,design
J7356430-1028118,73.5642967556173,-10.28117986360026,6882,cluster,color,20.224821,jw06882-o021_t021_nircam_clear-f150w,jw06882-o021_t021_nircam_clear-f277w,F150W,F277W,167.097,holdout
J802897+1810048,8.028968076720068,18.10047855153479,6882,cluster,color,20.6714,jw06882-o003_t003_nircam_clear-f150w,jw06882-o003_t003_nircam_clear-f277w,F150W,F277W,47.55,holdout
J803699+201708,8.036991735723355,2.017083689301141,1022,blank,color,20.714813,jw01022-o009_t001_nircam_clear-f150w,jw01022-o009_t001_nircam_clear-f277w,F150W,F277W,572.792,design
J804700+1811523,8.046996178848152,18.11522929066815,6882,cluster,color,20.651873,jw06882-o003_t003_nircam_clear-f150w,jw06882-o003_t003_nircam_clear-f277w,F150W,F277W,28.239,holdout
J804769+1814094,8.047690308834408,18.14093771657493,6882,cluster,color,18.773823,jw06882-o003_t003_nircam_clear-f150w,jw06882-o003_t003_nircam_clear-f277w,F150W,F277W,38.321,design
J804801+1813123,8.048006157582916,18.13123061146315,6882,cluster,color,18.972267,jw06882-o003_t003_nircam_clear-f150w,jw06882-o003_t003_nircam_clear-f277w,F150W,F277W,54.582,design
J806086+1813290,8.060860457679043,18.13290236941103,6882,cluster,color,19.774197,jw06882-o003_t003_nircam_clear-f150w,jw06882-o003_t003_nircam_clear-f277w,F150W,F277W,90.969,design
J806401+1814734,8.064010586981825,18.14733503203635,6882,cluster,color,19.90502,jw06882-o003_t003_nircam_clear-f150w,jw06882-o003_t003_nircam_clear-f277w,F150W,F277W,91.746,holdout
J8569263-2143082,85.69263320774331,-21.43081966189783,6675,cluster,gray_lw_only,20.063063,,jw06675-o003_t004_nircam_clear-f444w,,F444W,9.497,holdout
J8570749-2142357,85.70748805606112,-21.42356943847532,6675,cluster,gray_lw_only,20.939013,,jw06675-o003_t004_nircam_clear-f444w,,F444W,36.917,design
J859500+243201,8.594996886209083,2.432011540919833,5594,cluster,color,20.047863,jw05594-o044_t046_nircam_clear-f150w2,jw05594-o044_t046_nircam_clear-f322w2,F150W2,F322W2,71.338,holdout
J8666584-5375505,86.66584292820423,-53.75504871358589,5594,cluster,color,17.668451,jw05594-o150_t153_nircam_clear-f150w2,jw05594-o150_t153_nircam_clear-f322w2,F150W2,F322W2,2776.836,holdout
J8730044-6209360,87.3004379134483,-62.09360338432579,5594,cluster,color,20.425856,jw05594-o045_t047_nircam_clear-f150w2,jw05594-o045_t047_nircam_clear-f322w2,F150W2,F322W2,21.407,holdout
J8731668-6207344,87.31668495777572,-62.07344012427006,5594,cluster,color,20.947878,jw05594-o045_t047_nircam_clear-f150w2,jw05594-o045_t047_nircam_clear-f322w2,F150W2,F322W2,50.645,holdout
J8734971-6208053,87.3497121737563,-62.08052816077716,5594,cluster,color,20.947615,jw05594-o045_t047_nircam_clear-f150w2,jw05594-o045_t047_nircam_clear-f322w2,F150W2,F322W2,36.462,design
J881166-2023687,8.811658095643486,-20.23686708269695,6882,cluster,color,20.295166,jw06882-o004_t004_nircam_clear-f150w,jw06882-o004_t004_nircam_clear-f277w,F150W,F277W,168.458,holdout
J8826506-3369017,88.26506023796831,-33.69017159330593,6882,cluster,color,19.424465,jw06882-o023_t023_nircam_clear-f150w,jw06882-o023_t023_nircam_clear-f277w,F150W,F277W,204.662,holdout
J8832857-3370823,88.32856847698588,-33.70823359816635,6882,cluster,color,19.578953,jw06882-o023_t023_nircam_clear-f150w,jw06882-o023_t023_nircam_clear-f277w,F150W,F277W,6.823,holdout
J8834008-3368573,88.34008183834125,-33.68573412847822,5594,cluster,color,19.748785,jw05594-o055_t057_nircam_clear-f150w2,jw05594-o055_t057_nircam_clear-f322w2,F150W2,F322W2,81.965,design
J886041-2024869,8.860412091984958,-20.2486857812017,6882,cluster,color,19.944645,jw06882-o004_t004_nircam_clear-f150w,jw06882-o004_t004_nircam_clear-f277w,F150W,F277W,32.033,design
J9005029-4390718,90.05029317953344,-43.90718072372125,5594,cluster,color,20.55748,jw05594-o040_t042_nircam_clear-f150w2,jw05594-o040_t042_nircam_clear-f322w2,F150W2,F322W2,52.615,design
J9005506-4389393,90.05506346545792,-43.89392502585731,5594,cluster,color,20.301678,jw05594-o040_t042_nircam_clear-f150w2,jw05594-o040_t042_nircam_clear-f322w2,F150W2,F322W2,44.654,holdout
J9005771-4388634,90.05771213127176,-43.88633916160988,5594,cluster,color,20.873983,jw05594-o040_t042_nircam_clear-f150w2,jw05594-o040_t042_nircam_clear-f322w2,F150W2,F322W2,50.403,holdout
J9009866-2012117,90.0986605528366,-20.12116579203328,6882,cluster,color,19.27016,jw06882-o024_t024_nircam_clear-f150w,jw06882-o024_t024_nircam_clear-f277w,F150W,F277W,217.026,holdout
J927121+915963,9.271214559549096,9.159625808559746,6882,cluster,color,19.829239,jw06882-o005_t005_nircam_clear-f150w,jw06882-o005_t005_nircam_clear-f277w,F150W,F277W,29.943,holdout
J927964+916705,9.279636828642774,9.167053508541542,6882,cluster,color,19.156792,jw06882-o005_t005_nircam_clear-f150w,jw06882-o005_t005_nircam_clear-f277w,F150W,F277W,33.212,holdout
J9395385-5771281,93.95385211884442,-57.712805842748,6882,cluster,color,20.011122,jw06882-o056_t056_nircam_clear-f150w,jw06882-o056_t056_nircam_clear-f444w,F150W,F444W,227.828,design
J9968089-5398857,99.68089011258218,-53.98856998217566,5594,cluster,color,18.085415,jw05594-o009_t011_nircam_clear-f150w2,jw05594-o009_t011_nircam_clear-f322w2,F150W2,F322W2,8108.443,design
J9969222-5397414,99.6922241580126,-53.97414033170942,5594,cluster,color,19.897442,jw05594-o009_t011_nircam_clear-f150w2,jw05594-o009_t011_nircam_clear-f322w2,F150W2,F322W2,8162.244,holdout
J9969294-5397094,99.69294157392056,-53.97094334110269,5594,cluster,color,17.880772,jw05594-o009_t011_nircam_clear-f150w2,jw05594-o009_t011_nircam_clear-f322w2,F150W2,F322W2,8171.505,design
