campaign,name,ra_deg,dec_deg,outcome,detail,candidate_provenance,source_ref
foundry_iv_muse,DESI J003.6745-13.5042,3.6745,-13.5042,confirmed_lens,Lens 1: z=0.43119+-0.00013 (Qz=1); Lens 2: z=0.42944+-0.00044 (Qz=1); Source: z=0.90999+-0.00023 (Qz=1); VLT/MUSE,"DESI Legacy Imaging Surveys ResNet lens candidate (Huang et al. 2020, 2021; Storfer et al. 2024 series; paper does not give per-target catalog/grade)",arXiv:2509.18078 Table 2
foundry_iv_muse,DESI J031.7781-27.4454,31.7781,-27.4454,confirmed_lens,Lens: z=0.35451+-0.00016 (Qz=1); Source: z=1.67711+-0.00005 (Qz=1); VLT/MUSE,"DESI Legacy Imaging Surveys ResNet lens candidate (Huang et al. 2020, 2021; Storfer et al. 2024 series; paper does not give per-target catalog/grade)",arXiv:2509.18078 Table 2
foundry_iv_muse,DESI J033.8095-29.1570,33.8095,-29.157,confirmed_lens,"Lens: z=0.9 (Qz=3, visual-line-match/low-SNR); Source: z=1.85757+-0.00011 (Qz=1); VLT/MUSE","DESI Legacy Imaging Surveys ResNet lens candidate (Huang et al. 2020, 2021; Storfer et al. 2024 series; paper does not give per-target catalog/grade)",arXiv:2509.18078 Table 2
foundry_iv_muse,DESI J043.6663-04.3068,43.6663,-4.3068,confirmed_lens,Lens 1: z=0.34477+-0.00016 (Qz=1); Lens 2: z=0.34356+-0.00014 (Qz=1); Source: z=2.4493+-0.0002 (Qz=1); VLT/MUSE,"DESI Legacy Imaging Surveys ResNet lens candidate (Huang et al. 2020, 2021; Storfer et al. 2024 series; paper does not give per-target catalog/grade)",arXiv:2509.18078 Table 2
foundry_iv_muse,DESI J053.6251-13.1869,53.6251,-13.1869,confirmed_lens,Lens: z=0.3866+-0.00032 (Qz=1); Source A: z=2.30117+-0.00019 (Qz=1); Source B: z=2.30137+-0.00045 (Qz=1); VLT/MUSE,"DESI Legacy Imaging Surveys ResNet lens candidate (Huang et al. 2020, 2021; Storfer et al. 2024 series; paper does not give per-target catalog/grade)",arXiv:2509.18078 Table 2
foundry_iv_muse,DESI J055.0894-25.5581,55.0894,-25.5581,confirmed_lens,Lens: z=0.65708+-0.00018 (Qz=1); Source: z=2.6802+-0.0005 (Qz=2); VLT/MUSE,"DESI Legacy Imaging Surveys ResNet lens candidate (Huang et al. 2020, 2021; Storfer et al. 2024 series; paper does not give per-target catalog/grade)",arXiv:2509.18078 Table 2
foundry_iv_muse,DESI J057.2077-10.2959,57.2077,-10.2959,confirmed_lens,Lens: z=0.74493+-0.00013 (Qz=1); Source: z=1.60376+-0.00014 (Qz=1); VLT/MUSE,"DESI Legacy Imaging Surveys ResNet lens candidate (Huang et al. 2020, 2021; Storfer et al. 2024 series; paper does not give per-target catalog/grade)",arXiv:2509.18078 Table 2
foundry_iv_muse,DESI J060.5238-22.0990,60.5238,-22.099,confirmed_lens,Lens 1: z=0.4669+-0.0005 (Qz=1); Lens 2: z=0.46506+-0.00013 (Qz=1); Source: z=0.81998+-0.00028 (Qz=1); VLT/MUSE,"DESI Legacy Imaging Surveys ResNet lens candidate (Huang et al. 2020, 2021; Storfer et al. 2024 series; paper does not give per-target catalog/grade)",arXiv:2509.18078 Table 2
foundry_iv_muse,DESI J065.6453-28.0646,65.6453,-28.0646,confirmed_lens,Lens: z=0.62107+-0.00018 (Qz=1); Source: z=1.17482+-0.00018 (Qz=1); VLT/MUSE,"DESI Legacy Imaging Surveys ResNet lens candidate (Huang et al. 2020, 2021; Storfer et al. 2024 series; paper does not give per-target catalog/grade)",arXiv:2509.18078 Table 2
foundry_iv_muse,DESI J070.4130-09.7774,70.413,-9.7774,confirmed_lens,Lens 1: z=0.45467+-0.00015 (Qz=1); Lens 2: z=0.45707+-0.00014 (Qz=1); Lens 3: z=0.35942+-0.00013 (Qz=1); Source: z=1.80133+-0.00012 (Qz=1); VLT/MUSE,"DESI Legacy Imaging Surveys ResNet lens candidate (Huang et al. 2020, 2021; Storfer et al. 2024 series; paper does not give per-target catalog/grade)",arXiv:2509.18078 Table 2
foundry_iv_muse,DESI J073.5286-10.2227,73.5286,-10.2227,confirmed_lens,Lens: z=0.24820+-0.00016 (Qz=1); Source: z=1.04384+-0.00009 (Qz=1); VLT/MUSE,"DESI Legacy Imaging Surveys ResNet lens candidate (Huang et al. 2020, 2021; Storfer et al. 2024 series; paper does not give per-target catalog/grade)",arXiv:2509.18078 Table 2
foundry_iv_muse,DESI J073.9027-25.5132,73.9027,-25.5132,confirmed_lens,Lens: z=0.3795+-0.00017 (Qz=1); Source A: z=2.8230+-0.0003 (Qz=1); Source B: z=0.70821+-0.00017 (Qz=1); VLT/MUSE,"DESI Legacy Imaging Surveys ResNet lens candidate (Huang et al. 2020, 2021; Storfer et al. 2024 series; paper does not give per-target catalog/grade)",arXiv:2509.18078 Table 2
foundry_iv_muse,DESI J074.9646-30.7233,74.9646,-30.7233,confirmed_lens,Lens: z=0.44137+-0.00016 (Qz=1); Source: z=1.44884+-0.00002 (Qz=1); VLT/MUSE,"DESI Legacy Imaging Surveys ResNet lens candidate (Huang et al. 2020, 2021; Storfer et al. 2024 series; paper does not give per-target catalog/grade)",arXiv:2509.18078 Table 2
foundry_iv_muse,DESI J075.2793-24.4176,75.2793,-24.4176,confirmed_lens,Lens: z=0.32059+-0.00013 (Qz=1); Source: z=2.8290+-0.0004 (Qz=1); VLT/MUSE,"DESI Legacy Imaging Surveys ResNet lens candidate (Huang et al. 2020, 2021; Storfer et al. 2024 series; paper does not give per-target catalog/grade)",arXiv:2509.18078 Table 2
foundry_iv_muse,DESI J086.3072-26.5877,86.3072,-26.5877,confirmed_lens,"Lens 1: z=0.27534+-0.00018 (Qz=1); Lens 2: z=0.27426+-0.00021 (Qz=1); Source A: z=2.17441+-0.00037 (Qz=2, combined-spectrum); Source B: z=2.17441+-0.00037 (Qz=1, combined-spectrum); Source C: z=2.17441+-0.00037 (Qz=1, combined-spectrum); VLT/MUSE","DESI Legacy Imaging Surveys ResNet lens candidate (Huang et al. 2020, 2021; Storfer et al. 2024 series; paper does not give per-target catalog/grade)",arXiv:2509.18078 Table 2
foundry_iv_muse,DESI J087.1525-36.2427,87.1525,-36.2427,confirmed_lens,Lens: z=0.3011+-0.00018 (Qz=1); Source A: z=0.84611+-0.00005 (Qz=1); Source B: z=0.84661+-0.00006 (Qz=1); VLT/MUSE,"DESI Legacy Imaging Surveys ResNet lens candidate (Huang et al. 2020, 2021; Storfer et al. 2024 series; paper does not give per-target catalog/grade)",arXiv:2509.18078 Table 2
foundry_iv_muse,DESI J090.9854-35.9683,90.9854,-35.9683,confirmed_lens,Lens 1: z=0.4883+-0.00019 (Qz=1); Lens 2: z=0.48835+-0.00016 (Qz=1); Source A: z=1.43211+-0.00012 (Qz=1); Source B: z=1.43192+-0.00017 (Qz=1); Source C: z=1.43209+-0.00008 (Qz=1); Source D: z=1.43225+-0.00012 (Qz=1); VLT/MUSE,"DESI Legacy Imaging Surveys ResNet lens candidate (Huang et al. 2020, 2021; Storfer et al. 2024 series; paper does not give per-target catalog/grade)",arXiv:2509.18078 Table 2
foundry_iv_muse,DESI J122.0852+10.5284,122.0852,10.5284,confirmed_lens,Lens: z=0.47529+-0.00007 (Qz=1); Source A: z=1.23669+-0.00004 (Qz=1); Source B: z=1.45292+-0.0001 (Qz=1); VLT/MUSE,"DESI Legacy Imaging Surveys ResNet lens candidate (Huang et al. 2020, 2021; Storfer et al. 2024 series; paper does not give per-target catalog/grade)",arXiv:2509.18078 Table 2
foundry_iv_muse,DESI J154.6975-01.3588,154.6975,-1.3588,confirmed_lens,Lens: z=0.38827+-0.00007 (Qz=1); Source A: z=1.431+-0.00012 (Qz=1); Source B: z=1.43056+-0.00007 (Qz=1); VLT/MUSE,"DESI Legacy Imaging Surveys ResNet lens candidate (Huang et al. 2020, 2021; Storfer et al. 2024 series; paper does not give per-target catalog/grade)",arXiv:2509.18078 Table 2
foundry_iv_muse,DESI J157.4222+20.4043,157.4222,20.4043,confirmed_lens,Lens 1: z=0.39203+-0.00008 (Qz=1); Lens 2: z=0.39098+-0.00009 (Qz=1); Source: z=1.30729+-0.00015 (Qz=1); VLT/MUSE,"DESI Legacy Imaging Surveys ResNet lens candidate (Huang et al. 2020, 2021; Storfer et al. 2024 series; paper does not give per-target catalog/grade)",arXiv:2509.18078 Table 2
foundry_iv_muse,DESI J157.6135-06.6858,157.6135,-6.6858,confirmed_lens,Lens 1: z=0.46717+-0.00013 (Qz=1); Source: z=1.5806+-0.0001 (Qz=1); VLT/MUSE,"DESI Legacy Imaging Surveys ResNet lens candidate (Huang et al. 2020, 2021; Storfer et al. 2024 series; paper does not give per-target catalog/grade)",arXiv:2509.18078 Table 2
foundry_iv_muse,DESI J160.1719+18.8480,160.1719,18.848,confirmed_lens,Lens: z=0.31331+-0.00013 (Qz=1); Source A: z=0.88096+-0.00019 (Qz=1); Source B1: z=0.87779+-0.00026 (Qz=1); Source B2: z=0.8778+-0.00024 (Qz=2); Source C: z=0.87566+-0.00013 (Qz=2); VLT/MUSE,"DESI Legacy Imaging Surveys ResNet lens candidate (Huang et al. 2020, 2021; Storfer et al. 2024 series; paper does not give per-target catalog/grade)",arXiv:2509.18078 Table 2
foundry_iv_muse,DESI J161.1162+31.2340,161.1162,31.234,confirmed_lens,Lens 1: z=0.69819+-0.00027 (Qz=1); Lens 2: z=0.70127+-0.0008 (Qz=1); Member: z=0.69957+-0.0001 (Qz=1); Source: z=1.51637+-0.00014 (Qz=1); VLT/MUSE,"DESI Legacy Imaging Surveys ResNet lens candidate (Huang et al. 2020, 2021; Storfer et al. 2024 series; paper does not give per-target catalog/grade)",arXiv:2509.18078 Table 2
foundry_iv_muse,DESI J161.4114-08.8358,161.4114,-8.8358,confirmed_lens,"Lens: z=0.82754+-0.00018 (Qz=1); Source: z=2.079+-0.002 (Qz=3, noisy); VLT/MUSE","DESI Legacy Imaging Surveys ResNet lens candidate (Huang et al. 2020, 2021; Storfer et al. 2024 series; paper does not give per-target catalog/grade)",arXiv:2509.18078 Table 2
foundry_iv_muse,DESI J166.9974+04.1560,166.9974,4.156,confirmed_lens,Lens 1: z=0.35153+-0.00017 (Qz=1); Lens 2: z=0.35271+-0.00016 (Qz=1); Source: z=1.28023+-0.00013 (Qz=1); VLT/MUSE,"DESI Legacy Imaging Surveys ResNet lens candidate (Huang et al. 2020, 2021; Storfer et al. 2024 series; paper does not give per-target catalog/grade)",arXiv:2509.18078 Table 2
foundry_iv_muse,DESI J168.7680+16.7604,168.768,16.7604,confirmed_lens,Lens: z=0.53714+-0.0002 (Qz=1); Foreground: z=0.53503+-0.00016 (Qz=1); Source A: z=1.71573+-0.00012 (Qz=1); Source B: z=3.46264+-0.00004 (Qz=1); VLT/MUSE,"DESI Legacy Imaging Surveys ResNet lens candidate (Huang et al. 2020, 2021; Storfer et al. 2024 series; paper does not give per-target catalog/grade)",arXiv:2509.18078 Table 2
foundry_iv_muse,DESI J174.5481+14.7863,174.5481,14.7863,confirmed_lens,Lens: z=0.56486+-0.00019 (Qz=1); Source: z=2.41864+-0.00065 (Qz=1); VLT/MUSE,"DESI Legacy Imaging Surveys ResNet lens candidate (Huang et al. 2020, 2021; Storfer et al. 2024 series; paper does not give per-target catalog/grade)",arXiv:2509.18078 Table 2
foundry_iv_muse,DESI J186.4036-07.4200,186.4036,-7.42,confirmed_lens,Lens: z=0.40484+-0.00037 (Qz=1); Source A: z=1.08376+-0.00004 (Qz=1); Source B: z=1.1001+-0.00004 (Qz=1); VLT/MUSE,"DESI Legacy Imaging Surveys ResNet lens candidate (Huang et al. 2020, 2021; Storfer et al. 2024 series; paper does not give per-target catalog/grade)",arXiv:2509.18078 Table 2
foundry_iv_muse,DESI J190.7935+21.3334,190.7935,21.3334,confirmed_lens,Lens: z=0.34832+-0.00006 (Qz=1); Source: z=1.48152+-0.00005 (Qz=1); VLT/MUSE,"DESI Legacy Imaging Surveys ResNet lens candidate (Huang et al. 2020, 2021; Storfer et al. 2024 series; paper does not give per-target catalog/grade)",arXiv:2509.18078 Table 2
foundry_iv_muse,DESI J196.4575+22.9256,196.4575,22.9256,confirmed_lens,"Lens: z=0.39426+-0.00017 (Qz=1); Source: z=0.713 (Qz=3, visual-line-match/low-SNR; noisy); VLT/MUSE","DESI Legacy Imaging Surveys ResNet lens candidate (Huang et al. 2020, 2021; Storfer et al. 2024 series; paper does not give per-target catalog/grade)",arXiv:2509.18078 Table 2
foundry_iv_muse,DESI J197.5704+14.7474,197.5704,14.7474,confirmed_lens,Lens: z=0.26144+-0.00007 (Qz=1); Source: z=0.85834+-0.00015 (Qz=1); VLT/MUSE,"DESI Legacy Imaging Surveys ResNet lens candidate (Huang et al. 2020, 2021; Storfer et al. 2024 series; paper does not give per-target catalog/grade)",arXiv:2509.18078 Table 2
foundry_iv_muse,DESI J200.7678+03.7216,200.7678,3.7216,confirmed_lens,Lens 1: z=0.35402+-0.00015 (Qz=1); Lens 2: z=0.35262+-0.00018 (Qz=1); Source A: z=1.01586+-0.00017 (Qz=1); Source B: z=1.015+-0.00022 (Qz=1); Source C: z=1.01537+-0.00017 (Qz=1); VLT/MUSE,"DESI Legacy Imaging Surveys ResNet lens candidate (Huang et al. 2020, 2021; Storfer et al. 2024 series; paper does not give per-target catalog/grade)",arXiv:2509.18078 Table 2
foundry_iv_muse,DESI J202.6690+04.6708,202.669,4.6708,confirmed_lens,Lens: z=0.3364+-0.0001 (Qz=1); Foreground: z=0.03650+-0.00002 (Qz=1); Source: z=1.16828+-0.00001 (Qz=1); VLT/MUSE,"DESI Legacy Imaging Surveys ResNet lens candidate (Huang et al. 2020, 2021; Storfer et al. 2024 series; paper does not give per-target catalog/grade)",arXiv:2509.18078 Table 2
foundry_iv_muse,DESI J218.2479-07.2268,218.2479,-7.2268,confirmed_lens,"Lens 1: z=0.33851+-0.00013 (Qz=1); Lens 2: z=0.243 (Qz=2, visual-line-match/low-SNR); Source A: z=1.104 (Qz=2, visual-line-match/low-SNR; noisy); Source B: z=1.104 (Qz=2, visual-line-match/low-SNR; noisy); Source C: z=1.104 (Qz=2, visual-line-match/low-SNR; noisy); VLT/MUSE","DESI Legacy Imaging Surveys ResNet lens candidate (Huang et al. 2020, 2021; Storfer et al. 2024 series; paper does not give per-target catalog/grade)",arXiv:2509.18078 Table 2
foundry_iv_muse,DESI J220.4549+14.6891,220.4549,14.6891,confirmed_lens,Lens: z=0.7421+-0.0002 (Qz=1); Source A: z=1.43353+-0.00005 (Qz=1); Source B: z=1.43344+-0.00005 (Qz=1); Source C: z=1.43357+-0.00006 (Qz=1); Source D: z=1.43338+-0.00014 (Qz=1); VLT/MUSE,"DESI Legacy Imaging Surveys ResNet lens candidate (Huang et al. 2020, 2021; Storfer et al. 2024 series; paper does not give per-target catalog/grade)",arXiv:2509.18078 Table 2
foundry_iv_muse,DESI J234.4780+14.7229,234.478,14.7229,confirmed_lens,Lens: z=0.73066+-0.00016 (Qz=1); Source A: z=2.47831+-0.00123 (Qz=3); Source B: z=2.4734+-0.00063 (Qz=1); VLT/MUSE,"DESI Legacy Imaging Surveys ResNet lens candidate (Huang et al. 2020, 2021; Storfer et al. 2024 series; paper does not give per-target catalog/grade)",arXiv:2509.18078 Table 2
foundry_iv_muse,DESI J238.5690+04.7276,238.569,4.7276,confirmed_lens,"Lens: z=0.77591+-0.00014 (Qz=1); Source A: z=1.717 (Qz=1, visual-line-match/low-SNR); Source B: z=1.717 (Qz=1, visual-line-match/low-SNR); VLT/MUSE","DESI Legacy Imaging Surveys ResNet lens candidate (Huang et al. 2020, 2021; Storfer et al. 2024 series; paper does not give per-target catalog/grade)",arXiv:2509.18078 Table 2
foundry_iv_muse,DESI J245.7514+21.6226,245.7514,21.6226,confirmed_lens,Lens: z=0.75824+-0.00015 (Qz=1); Source: z=1.7254+-0.0001 (Qz=1); VLT/MUSE,"DESI Legacy Imaging Surveys ResNet lens candidate (Huang et al. 2020, 2021; Storfer et al. 2024 series; paper does not give per-target catalog/grade)",arXiv:2509.18078 Table 2
foundry_iv_muse,DESI J246.0068+01.4842,246.0068,1.4842,confirmed_lens,Lens: z=1.09308+-0.00008 (Qz=1); Source: z=2.36583+-0.00018 (Qz=1); Galaxy 1: z=1.06936+-0.00017 (Qz=3); Galaxy 2: z=1.4413+-0.00017 (Qz=1); Galaxy 3: z=2.3664+-0.00036 (Qz=3); Galaxy 4: z=1.0813+-0.0002 (Qz=1); VLT/MUSE,"DESI Legacy Imaging Surveys ResNet lens candidate (Huang et al. 2020, 2021; Storfer et al. 2024 series; paper does not give per-target catalog/grade)",arXiv:2509.18078 Table 2
foundry_iv_muse,DESI J253.2534+26.8843,253.2534,26.8843,confirmed_lens,Lens: z=0.63632+-0.00013 (Qz=1); Source A: z=2.5964+-0.0006 (Qz=1); Source B: z=2.5957+-0.0004 (Qz=1); Source C: z=2.5946+-0.0005 (Qz=1); Source D: z=2.5945+-0.0008 (Qz=1); VLT/MUSE,"DESI Legacy Imaging Surveys ResNet lens candidate (Huang et al. 2020, 2021; Storfer et al. 2024 series; paper does not give per-target catalog/grade)",arXiv:2509.18078 Table 2
foundry_iv_muse,DESI J260.8405+23.8442,260.8405,23.8442,confirmed_lens,Lens: z=0.2296+-0.00015 (Qz=1); Source A: z=0.97503+-0.00005 (Qz=1); Source B: z=0.97505+-0.00004 (Qz=1); VLT/MUSE,"DESI Legacy Imaging Surveys ResNet lens candidate (Huang et al. 2020, 2021; Storfer et al. 2024 series; paper does not give per-target catalog/grade)",arXiv:2509.18078 Table 2
foundry_iv_muse,DESI J304.0068-49.9067,304.0068,-49.9067,confirmed_lens,Lens 1: z=0.27811+-0.00018 (Qz=1); Lens 2: z=0.26604+-0.00016 (Qz=1); Lens 3: z=0.27939+-0.00031 (Qz=1); Source A: z=1.23186+-0.00004 (Qz=1); Source B: z=1.2319+-0.00005 (Qz=1); Source C: z=1.2320+-0.00003 (Qz=1); VLT/MUSE,"DESI Legacy Imaging Surveys ResNet lens candidate (Huang et al. 2020, 2021; Storfer et al. 2024 series; paper does not give per-target catalog/grade)",arXiv:2509.18078 Table 2
foundry_iv_muse,DESI J318.0376-01.7568,318.0376,-1.7568,confirmed_lens,Lens: z=0.22406+-0.00013 (Qz=1); Source: z=1.10902+-0.00002 (Qz=1); VLT/MUSE,"DESI Legacy Imaging Surveys ResNet lens candidate (Huang et al. 2020, 2021; Storfer et al. 2024 series; paper does not give per-target catalog/grade)",arXiv:2509.18078 Table 2
foundry_iv_muse,DESI J326.0105-43.3965,326.0105,-43.3965,confirmed_lens,"Lens 1: z=0.27394+-0.00016 (Qz=1); Lens 2: z=0.27081+-0.00011 (Qz=1); Lens 3: z=0.27225+-0.00025 (Qz=1); Source: z=1.08206+-0.00038 (Qz=2, noisy); VLT/MUSE","DESI Legacy Imaging Surveys ResNet lens candidate (Huang et al. 2020, 2021; Storfer et al. 2024 series; paper does not give per-target catalog/grade)",arXiv:2509.18078 Table 2
foundry_iv_muse,DESI J329.6820+02.9584,329.682,2.9584,confirmed_lens,Lens: z=0.28677+-0.00006 (Qz=1); Source A: z=2.07591+-0.00151 (Qz=1); Source B: z=2.07975+-0.00124 (Qz=1); Source C: z=2.07971+-0.00015 (Qz=1); Source D: z=2.0781+-0.00353 (Qz=2); VLT/MUSE,"DESI Legacy Imaging Surveys ResNet lens candidate (Huang et al. 2020, 2021; Storfer et al. 2024 series; paper does not give per-target catalog/grade)",arXiv:2509.18078 Table 2
foundry_iv_muse,DESI J331.8083-52.0487,331.8083,-52.0487,confirmed_lens,"Lens 1: z=0.35494+-0.00017 (Qz=1); Lens 2: z=0.35204+-0.00018 (Qz=1); Source A: z=1.07 (Qz=2, visual-line-match/low-SNR; combined-spectrum; noisy); Source B: z=1.07 (Qz=2, visual-line-match/low-SNR; combined-spectrum; noisy); Source C: z=1.07 (Qz=2, visual-line-match/low-SNR; combined-spectrum; noisy); VLT/MUSE; name corrected from Table 2 typo -42.0487 (obs log/narrative give -52.0487)","DESI Legacy Imaging Surveys ResNet lens candidate (Huang et al. 2020, 2021; Storfer et al. 2024 series; paper does not give per-target catalog/grade)",arXiv:2509.18078 Table 2
foundry_iv_muse,DESI J335.5354+27.7596,335.5354,27.7596,confirmed_lens,Lens 1: z=0.49016+-0.00012 (Qz=1); Lens 2: z=0.49278+-0.00016 (Qz=1); Lens 3: z=0.4910+-0.0001 (Qz=1); Source: z=2.29167+-0.00029 (Qz=1); Quasar A: z=2.79791+-0.0004 (Qz=1); Quasar B: z=2.80515+-0.00041 (Qz=1); Quasar C: z=2.79884+-0.00041 (Qz=1); VLT/MUSE,"DESI Legacy Imaging Surveys ResNet lens candidate (Huang et al. 2020, 2021; Storfer et al. 2024 series; paper does not give per-target catalog/grade)",arXiv:2509.18078 Table 2
foundry_iv_muse,DESI J339.8883-04.4880,339.8883,-4.488,confirmed_lens,Lens: z=0.55752+-0.00011 (Qz=1); Source: z=1.11577+-0.00001 (Qz=1); VLT/MUSE,"DESI Legacy Imaging Surveys ResNet lens candidate (Huang et al. 2020, 2021; Storfer et al. 2024 series; paper does not give per-target catalog/grade)",arXiv:2509.18078 Table 2
foundry_iv_muse,DESI J341.0212+27.9883,341.0212,27.9883,confirmed_lens,Lens: z=0.34281+-0.00007 (Qz=1); Source: z=0.96045+-0.00006 (Qz=1); VLT/MUSE,"DESI Legacy Imaging Surveys ResNet lens candidate (Huang et al. 2020, 2021; Storfer et al. 2024 series; paper does not give per-target catalog/grade)",arXiv:2509.18078 Table 2
foundry_iv_muse,DESI J341.8012-2.0939,341.8012,-2.0939,confirmed_lens,Lens: z=0.33414+-0.00015 (Qz=1); Source: z=1.76782+-0.0001 (Qz=1); VLT/MUSE,"DESI Legacy Imaging Surveys ResNet lens candidate (Huang et al. 2020, 2021; Storfer et al. 2024 series; paper does not give per-target catalog/grade)",arXiv:2509.18078 Table 2
foundry_iv_muse,DESI J342.9290-03.4136,342.929,-3.4136,confirmed_lens,Lens 1: z=0.24592+-0.00018 (Qz=1); Lens 2: z=0.25016+-0.00016 (Qz=1); Lens 3: z=0.25136+-0.00010 (Qz=1); Source: z=1.05956+-0.00008 (Qz=1); VLT/MUSE,"DESI Legacy Imaging Surveys ResNet lens candidate (Huang et al. 2020, 2021; Storfer et al. 2024 series; paper does not give per-target catalog/grade)",arXiv:2509.18078 Table 2
foundry_iv_muse,DESI J343.0402-04.2187,343.0402,-4.2187,confirmed_lens,"Lens 1: z=0.43519+-0.00014 (Qz=1); Lens 2: z=0.47 (Qz=3, visual-line-match/low-SNR); Lens 3: z=0.43182+-0.0002 (Qz=1); Source A: z=0.58 (Qz=3, visual-line-match/low-SNR); Source B: z=0.58 (Qz=3, visual-line-match/low-SNR); Source C: z=0.58 (Qz=3, visual-line-match/low-SNR); Source D: z=0.58 (Qz=3, visual-line-match/low-SNR); VLT/MUSE","DESI Legacy Imaging Surveys ResNet lens candidate (Huang et al. 2020, 2021; Storfer et al. 2024 series; paper does not give per-target catalog/grade)",arXiv:2509.18078 Table 2
foundry_iv_muse,DESI J344.6262-58.6910,344.6262,-58.691,confirmed_lens,"Lens 1: z=0.29435+-0.00017 (Qz=1); Lens 2: z=0.37 (Qz=2, visual-line-match/low-SNR); Lens 3: z=0.29597+-0.00016 (Qz=1); Source A: z=0.88023+-0.00005 (Qz=1); Source B: z=0.88064+-0.00005 (Qz=1); VLT/MUSE","DESI Legacy Imaging Surveys ResNet lens candidate (Huang et al. 2020, 2021; Storfer et al. 2024 series; paper does not give per-target catalog/grade)",arXiv:2509.18078 Table 2
foundry_iv_muse,DESI J345.0725+22.2254,345.0725,22.2254,confirmed_lens,"Lens 1: z=0.43738+-0.00012 (Qz=1); Source: z=1.9273+-0.0001 (Qz=1); Foreground: z=0.4 (Qz=3, visual-line-match/low-SNR); VLT/MUSE","DESI Legacy Imaging Surveys ResNet lens candidate (Huang et al. 2020, 2021; Storfer et al. 2024 series; paper does not give per-target catalog/grade)",arXiv:2509.18078 Table 2
foundry_iv_muse,DESI J345.8606+23.4757,345.8606,23.4757,confirmed_lens,Lens: z=0.27653+-0.00007 (Qz=1); Object X: z=0.28914+-0.00032 (Qz=3); Source A1: z=1.29593+-0.00003 (Qz=1); Source A2: z=1.29552+-0.00004 (Qz=1); Source B1: z=3.01007+-0.00024 (Qz=1); Source B2: z=3.01024+-0.00025 (Qz=1); Source B3: z=3.01134+-0.00048 (Qz=2); Source B4: z=3.01081+-0.00039 (Qz=1); VLT/MUSE,"DESI Legacy Imaging Surveys ResNet lens candidate (Huang et al. 2020, 2021; Storfer et al. 2024 series; paper does not give per-target catalog/grade)",arXiv:2509.18078 Table 2
foundry_iv_muse,DESI-180.2707-02.3681,180.2707,-2.3681,non_lens,refuted: arc z=0.166 lies in front of galaxies at z=0.385/0.39 (not a background source); Galaxy 1: z=0.385 (Qz=1); Galaxy 2: z=0.39 (Qz=1); Galaxy 3: z=0.1 (Qz=1); Arc: z=0.166 (Qz=2); VLT/MUSE,"DESI Legacy Imaging Surveys ResNet lens candidate (Huang et al. 2020, 2021; Storfer et al. 2024 series; paper does not give per-target catalog/grade)",arXiv:2509.18078 Table 3
foundry_iv_muse,DESI-189.9885+12.6693,189.9885,12.6693,non_lens,refuted: arc at z~0.219 same redshift as both galaxies (z=0.221); likely a tidal tail between merging galaxies; Galaxy 1: z=0.221 (Qz=1); Galaxy 2: z=0.221 (Qz=1); Arc: z=0.219 (Qz=3); VLT/MUSE,"DESI Legacy Imaging Surveys ResNet lens candidate (Huang et al. 2020, 2021; Storfer et al. 2024 series; paper does not give per-target catalog/grade)",arXiv:2509.18078 Table 3
foundry_iv_muse,DESI-252.2720+02.3993,252.272,2.3993,non_lens,refuted: blue arc at same redshift z=0.495 as the galaxy; not lensed; Galaxy: z=0.495 (Qz=1); Arc: z=0.495 (Qz=1); VLT/MUSE,"DESI Legacy Imaging Surveys ResNet lens candidate (Huang et al. 2020, 2021; Storfer et al. 2024 series; paper does not give per-target catalog/grade)",arXiv:2509.18078 Table 3
foundry_iv_muse,DESI-311.4249-10.6762,311.4249,-10.6762,non_lens,refuted: arc z=0.08 is a foreground object relative to galaxy at z=0.108; Galaxy: z=0.108 (Qz=1); Arc: z=0.08 (Qz=1); VLT/MUSE,"DESI Legacy Imaging Surveys ResNet lens candidate (Huang et al. 2020, 2021; Storfer et al. 2024 series; paper does not give per-target catalog/grade)",arXiv:2509.18078 Table 3
foundry_iv_muse,DESI-333.3655-13.2491,333.3655,-13.2491,non_lens,refuted: 'lens' and 'arc' both at z=0.111; arc is a spiral arm of the galaxy; Galaxy: z=0.111 (Qz=1); Arc: z=0.111 (Qz=1); VLT/MUSE,"DESI Legacy Imaging Surveys ResNet lens candidate (Huang et al. 2020, 2021; Storfer et al. 2024 series; paper does not give per-target catalog/grade)",arXiv:2509.18078 Table 3
foundry_iv_muse,DESI-340.2310-00.0123,340.231,-0.0123,non_lens,refuted: 'lens' z=0.441 and arc z=0.442 too similar; arc likely a spiral arm of the galaxy; Galaxy: z=0.441 (Qz=1); Arc: z=0.442 (Qz=1); VLT/MUSE,"DESI Legacy Imaging Surveys ResNet lens candidate (Huang et al. 2020, 2021; Storfer et al. 2024 series; paper does not give per-target catalog/grade)",arXiv:2509.18078 Table 3
foundry_iv_muse,DESI-023.6758+04.5638,23.6758,4.5638,lens_z_only,Lens: z=0.55128+-0.00018 (Qz=1); VLT/MUSE; source redshift not measured (insufficient SNR or source not visible); needs further observation,"DESI Legacy Imaging Surveys ResNet lens candidate (Huang et al. 2020, 2021; Storfer et al. 2024 series; paper does not give per-target catalog/grade)",arXiv:2509.18078 Table 4
foundry_iv_muse,DESI-024.1634+00.1386,24.1634,0.1386,lens_z_only,Lens: z=0.34423+-0.0002 (Qz=1); VLT/MUSE; source redshift not measured (insufficient SNR or source not visible); needs further observation,"DESI Legacy Imaging Surveys ResNet lens candidate (Huang et al. 2020, 2021; Storfer et al. 2024 series; paper does not give per-target catalog/grade)",arXiv:2509.18078 Table 4
foundry_iv_muse,DESI-043.5347-28.7960,43.5347,-28.796,lens_z_only,Lens: z=0.62217+-0.00022 (Qz=1); VLT/MUSE; source redshift not measured (insufficient SNR or source not visible); needs further observation,"DESI Legacy Imaging Surveys ResNet lens candidate (Huang et al. 2020, 2021; Storfer et al. 2024 series; paper does not give per-target catalog/grade)",arXiv:2509.18078 Table 4
foundry_iv_muse,DESI-044.9808+01.1384,44.9808,1.1384,lens_z_only,Lens: z=0.88994+-0.00031 (Qz=1); VLT/MUSE; source redshift not measured (insufficient SNR or source not visible); needs further observation,"DESI Legacy Imaging Surveys ResNet lens candidate (Huang et al. 2020, 2021; Storfer et al. 2024 series; paper does not give per-target catalog/grade)",arXiv:2509.18078 Table 4
foundry_iv_muse,DESI-058.7923-18.5265,58.7923,-18.5265,lens_z_only,Lens: z=0.29913+-0.00014 (Qz=1); VLT/MUSE; source redshift not measured (insufficient SNR or source not visible); needs further observation,"DESI Legacy Imaging Surveys ResNet lens candidate (Huang et al. 2020, 2021; Storfer et al. 2024 series; paper does not give per-target catalog/grade)",arXiv:2509.18078 Table 4
foundry_iv_muse,DESI-064.8539-25.2245,64.8539,-25.2245,lens_z_only,Lens: z=0.371+-0.00014 (Qz=1); VLT/MUSE; source redshift not measured (insufficient SNR or source not visible); needs further observation,"DESI Legacy Imaging Surveys ResNet lens candidate (Huang et al. 2020, 2021; Storfer et al. 2024 series; paper does not give per-target catalog/grade)",arXiv:2509.18078 Table 4
foundry_iv_muse,DESI-078.3561-30.8433,78.3561,-30.8433,lens_z_only,Lens: z=0.40699+-0.00015 (Qz=1); VLT/MUSE; source redshift not measured (insufficient SNR or source not visible); needs further observation,"DESI Legacy Imaging Surveys ResNet lens candidate (Huang et al. 2020, 2021; Storfer et al. 2024 series; paper does not give per-target catalog/grade)",arXiv:2509.18078 Table 4
foundry_iv_muse,DESI-081.7544-18.9677,81.7544,-18.9677,lens_z_only,Lens: z=0.4513+-0.00026 (Qz=1); VLT/MUSE; source redshift not measured (insufficient SNR or source not visible); needs further observation,"DESI Legacy Imaging Surveys ResNet lens candidate (Huang et al. 2020, 2021; Storfer et al. 2024 series; paper does not give per-target catalog/grade)",arXiv:2509.18078 Table 4
foundry_iv_muse,DESI-109.9018+27.9032,109.9018,27.9032,lens_z_only,Lens: z=0.55391+-0.0002 (Qz=1); VLT/MUSE; source redshift not measured (insufficient SNR or source not visible); needs further observation,"DESI Legacy Imaging Surveys ResNet lens candidate (Huang et al. 2020, 2021; Storfer et al. 2024 series; paper does not give per-target catalog/grade)",arXiv:2509.18078 Table 4
foundry_iv_muse,DESI-178.0772+08.8167,178.0772,8.8167,lens_z_only,Lens: z=0.38851+-0.00015 (Qz=1); VLT/MUSE; source redshift not measured (insufficient SNR or source not visible); needs further observation,"DESI Legacy Imaging Surveys ResNet lens candidate (Huang et al. 2020, 2021; Storfer et al. 2024 series; paper does not give per-target catalog/grade)",arXiv:2509.18078 Table 4
foundry_iv_muse,DESI-234.8707+16.8379,234.8707,16.8379,lens_z_only,Lens: z=0.40948+-0.0002 (Qz=1); VLT/MUSE; source redshift not measured (insufficient SNR or source not visible); needs further observation,"DESI Legacy Imaging Surveys ResNet lens candidate (Huang et al. 2020, 2021; Storfer et al. 2024 series; paper does not give per-target catalog/grade)",arXiv:2509.18078 Table 4
foundry_iv_muse,DESI-306.4726-51.2868,306.4726,-51.2868,lens_z_only,Lens: z=0.2249+-0.00015 (Qz=1); VLT/MUSE; source redshift not measured (insufficient SNR or source not visible); needs further observation,"DESI Legacy Imaging Surveys ResNet lens candidate (Huang et al. 2020, 2021; Storfer et al. 2024 series; paper does not give per-target catalog/grade)",arXiv:2509.18078 Table 4
foundry_iv_muse,DESI-324.2094-62.6820,324.2094,-62.682,lens_z_only,Lens: z=0.2307+-0.00017 (Qz=1); VLT/MUSE; source redshift not measured (insufficient SNR or source not visible); needs further observation,"DESI Legacy Imaging Surveys ResNet lens candidate (Huang et al. 2020, 2021; Storfer et al. 2024 series; paper does not give per-target catalog/grade)",arXiv:2509.18078 Table 4
foundry_iv_muse,DESI-324.5073-60.1290,324.5073,-60.129,lens_z_only,Lens 1: z=0.32043+-0.00019 (Qz=1); Lens 2: z=0.3152+-0.00058 (Qz=1); VLT/MUSE; source redshift not measured (insufficient SNR or source not visible); needs further observation,"DESI Legacy Imaging Surveys ResNet lens candidate (Huang et al. 2020, 2021; Storfer et al. 2024 series; paper does not give per-target catalog/grade)",arXiv:2509.18078 Table 4
foundry_iv_muse,DESI-336.1611-01.8757,336.1611,-1.8757,lens_z_only,Lens: z=0.20793+-0.00016 (Qz=1); VLT/MUSE; source redshift not measured (insufficient SNR or source not visible); needs further observation,"DESI Legacy Imaging Surveys ResNet lens candidate (Huang et al. 2020, 2021; Storfer et al. 2024 series; paper does not give per-target catalog/grade)",arXiv:2509.18078 Table 4
